url,size,md5
https://data.source.coop/smartmaps/japan-geotiff-dem/10/FG-GML-3036-50-dem10b-20161001.tif,1314,eb75e1045b9f35b3ea061d7672fd89a9
https://data.source.coop/smartmaps/japan-geotiff-dem/10/FG-GML-3622-57-DEM10B-20190510.tif,223875,57b2e838ec8f7774a9de88d165ff18f4
https://data.source.coop/smartmaps/japan-geotiff-dem/10/FG-GML-3623-06-dem10b-20161001.tif,129292,d42089cf57b0f70c6b2de0801d3334ee
https://data.source.coop/smartmaps/japan-geotiff-dem/10/FG-GML-3623-24-dem10b-20161001.tif,6213,72b7f21ba06207fef369826f62cee94d
https://data.source.coop/smartmaps/japan-geotiff-dem/10/FG-GML-3623-27-dem10b-20161001.tif,66437,ef2797efb1c402ce15ec3e56ecc68089
https://data.source.coop/smartmaps/japan-geotiff-dem/10/FG-GML-3623-35-dem10b-20161001.tif,493548,3c2932b29789f567e43e9df7a297b35a
https://data.source.coop/smartmaps/japan-geotiff-dem/10/FG-GML-3623-36-dem10b-20161001.tif,1089606,c000108e31f924d4612e3cc9cfc0ab93
https://data.source.coop/smartmaps/japan-geotiff-dem/10/FG-GML-3623-37-dem10b-20161001.tif,325731,dbfeb4d38e31fc3ceae71e941203925e
https://data.source.coop/smartmaps/japan-geotiff-dem/10/FG-GML-3623-45-dem10b-20161001.tif,125291,4c491c8883516da7c32c3a3d5067bf33
https://data.source.coop/smartmaps/japan-geotiff-dem/10/FG-GML-3623-46-dem10b-20161001.tif,1290546,163ed87c2e8e117340003b527e79a357
https://data.source.coop/smartmaps/japan-geotiff-dem/10/FG-GML-3623-47-dem10b-20161001.tif,496296,736b734a79b5337515079e3cb4390647
https://data.source.coop/smartmaps/japan-geotiff-dem/10/FG-GML-3623-50-DEM10B-20190510.tif,132224,39e5407c9b89ed2af27021afdb81493f
https://data.source.coop/smartmaps/japan-geotiff-dem/10/FG-GML-3623-56-dem10b-20161001.tif,91058,3cf0e9055ad95d78b1cfe17141d04af5
https://data.source.coop/smartmaps/japan-geotiff-dem/10/FG-GML-3624-20-dem10b-20161001.tif,62201,58e0ad6d9fc77ebd0c4e1ead369879bb
https://data.source.coop/smartmaps/japan-geotiff-dem/10/FG-GML-3624-30-dem10b-20161001.tif,55134,d6962ae3b7bbf35923b802ff76b8ca77
https://data.source.coop/smartmaps/japan-geotiff-dem/10/FG-GML-3624-31-dem10b-20161001.tif,15490,ae87cc8044d569b4687e0828721c9fc8
https://data.source.coop/smartmaps/japan-geotiff-dem/10/FG-GML-3624-40-dem10b-20161001.tif,50103,fd88a362fe43e5f174ba2f69171f16ab
https://data.source.coop/smartmaps/japan-geotiff-dem/10/FG-GML-3624-41-dem10b-20161001.tif,934997,174229429ff8d796cb7f3350c3dc4d73
https://data.source.coop/smartmaps/japan-geotiff-dem/10/FG-GML-3624-42-dem10b-20161001.tif,33200,853aa18fdc564cf7796a43430307799c
https://data.source.coop/smartmaps/japan-geotiff-dem/10/FG-GML-3624-50-dem10b-20161001.tif,205628,4dd27228d7f6b30ad1000d15bdbcb372
https://data.source.coop/smartmaps/japan-geotiff-dem/10/FG-GML-3624-51-dem10b-20161001.tif,852428,bd1345f233b95a2f0bff7ca08ffbeb37
https://data.source.coop/smartmaps/japan-geotiff-dem/10/FG-GML-3624-52-dem10b-20161001.tif,127656,8ec0fe797f2fe37621aff8b574a828df
https://data.source.coop/smartmaps/japan-geotiff-dem/10/FG-GML-3624-61-dem10b-20161001.tif,11499,fcd57334814ad5410b1ecf71026b7114
https://data.source.coop/smartmaps/japan-geotiff-dem/10/FG-GML-3624-62-dem10b-20161001.tif,346939,4b1ba7222ec4d6140d128be309c88c12
https://data.source.coop/smartmaps/japan-geotiff-dem/10/FG-GML-3624-72-dem10b-20161001.tif,109192,3d98db15ca8af9cae56047e2edb5c36d
https://data.source.coop/smartmaps/japan-geotiff-dem/10/FG-GML-3624-75-dem10b-20161001.tif,91894,73cdadb1703818cc8ed2601a93b9fc5f
https://data.source.coop/smartmaps/japan-geotiff-dem/10/FG-GML-3631-51-dem10b-20161001.tif,20324,cad199bd93e957dbca6cae00912361d7
https://data.source.coop/smartmaps/japan-geotiff-dem/10/FG-GML-3641-23-dem10b-20161001.tif,59505,1bbd5d34897c7f78f361c88e860eecab
https://data.source.coop/smartmaps/japan-geotiff-dem/10/FG-GML-3653-37-DEM10B-20190510.tif,19380,106b11a838fdaefb6491b03663941000
https://data.source.coop/smartmaps/japan-geotiff-dem/10/FG-GML-3724-05-DEM10B-20161001.tif,47955,263b31d0dce48337004d1db1b45cb225
https://data.source.coop/smartmaps/japan-geotiff-dem/10/FG-GML-3724-15-DEM10B-20161001.tif,23534,9fb7b5c001e17a934fdedc87b97d2f86
https://data.source.coop/smartmaps/japan-geotiff-dem/10/FG-GML-3725-01-dem10b-20161001.tif,26607,fd2f748685bc06f36bfdfe6917eeb1f9
https://data.source.coop/smartmaps/japan-geotiff-dem/10/FG-GML-3725-02-dem10b-20161001.tif,347202,bb1adc72ad7d705974a19a02a5b12a63
https://data.source.coop/smartmaps/japan-geotiff-dem/10/FG-GML-3725-03-dem10b-20161001.tif,187090,b0edde674e407d2001c94a45712f4b1f
https://data.source.coop/smartmaps/japan-geotiff-dem/10/FG-GML-3725-11-dem10b-20161001.tif,246299,22cfc9b082305ee2022dab60d9e1a199
https://data.source.coop/smartmaps/japan-geotiff-dem/10/FG-GML-3725-12-dem10b-20161001.tif,739068,551d2e73cf3edf2a2b49471c06eeab32
https://data.source.coop/smartmaps/japan-geotiff-dem/10/FG-GML-3725-13-dem10b-20161001.tif,144406,759dae8e58502b74b31ce213cc8469c7
https://data.source.coop/smartmaps/japan-geotiff-dem/10/FG-GML-3725-21-dem10b-20161001.tif,153205,429cd408546b5a949008998dc9156c80
https://data.source.coop/smartmaps/japan-geotiff-dem/10/FG-GML-3725-22-dem10b-20161001.tif,195307,193efa9aaed88829aaa390153aa1c34b
https://data.source.coop/smartmaps/japan-geotiff-dem/10/FG-GML-3725-31-dem10b-20161001.tif,38760,65779b593c9a98dfb3a5dd88c61630e4
https://data.source.coop/smartmaps/japan-geotiff-dem/10/FG-GML-3725-32-dem10b-20161001.tif,11520,520048fd1bef159f1200d590e82bc9e0
https://data.source.coop/smartmaps/japan-geotiff-dem/10/FG-GML-3741-02-DEM10B-20230705.tif,6566,32fa4af61f35cc45af82a6db81693dc1
https://data.source.coop/smartmaps/japan-geotiff-dem/10/FG-GML-3741-12-DEM10B-20230705.tif,319617,71be83660401a83b17b0a5446eebba1a
https://data.source.coop/smartmaps/japan-geotiff-dem/10/FG-GML-3741-13-DEM10B-20230705.tif,1466,a6fe87689ae9444cac96e07ded67d336
https://data.source.coop/smartmaps/japan-geotiff-dem/10/FG-GML-3823-43-dem10b-20161001.tif,58697,f2121fe485160915af86b86a624e7293
https://data.source.coop/smartmaps/japan-geotiff-dem/10/FG-GML-3823-44-dem10b-20161001.tif,16309,d294bbde96a66076ea7b0ea1b5449aed
https://data.source.coop/smartmaps/japan-geotiff-dem/10/FG-GML-3823-53-dem10b-20161001.tif,3423,6acc54bad0e6b2d2ae4667944738f918
https://data.source.coop/smartmaps/japan-geotiff-dem/10/FG-GML-3823-54-dem10b-20161001.tif,2771,dfd1624dd017c0b57688bdc4d9af99d6
https://data.source.coop/smartmaps/japan-geotiff-dem/10/FG-GML-3823-75-dem10b-20161001.tif,17933,183de8aac6556f0abfd970be258be65b
https://data.source.coop/smartmaps/japan-geotiff-dem/10/FG-GML-3824-74-DEM10B-20161001.tif,2852,dc737f8c27011fb1b00b9b4c2f293299
https://data.source.coop/smartmaps/japan-geotiff-dem/10/FG-GML-3831-51-dem10b-20161001.tif,79864,fb23ecaace0f340c05748743d519be35
https://data.source.coop/smartmaps/japan-geotiff-dem/10/FG-GML-3831-52-dem10b-20161001.tif,32977,cb5663100c6094c8cee1a4c1add05275
https://data.source.coop/smartmaps/japan-geotiff-dem/10/FG-GML-3831-61-dem10b-20161001.tif,124518,93d616ce8cd4d92544fd66ff3b9fe6ac
https://data.source.coop/smartmaps/japan-geotiff-dem/10/FG-GML-3831-62-dem10b-20161001.tif,90892,f5eb94596fb6e3982b17a57285dd5a5b
https://data.source.coop/smartmaps/japan-geotiff-dem/10/FG-GML-3831-72-dem10b-20161001.tif,142285,ed43ff3a1c57f1741439e6d577f2af86
https://data.source.coop/smartmaps/japan-geotiff-dem/10/FG-GML-3841-12-DEM10B-20161001.tif,90816,84ae01dc136f4f91ee08362d34d0fde2
https://data.source.coop/smartmaps/japan-geotiff-dem/10/FG-GML-3926-35-dem10b-20161001.tif,1195,0f50c013aa1dd4c6698b32500f42a720
https://data.source.coop/smartmaps/japan-geotiff-dem/10/FG-GML-3926-36-dem10b-20161001.tif,171148,19087c099f467f1bd5b37497d2562b8b
https://data.source.coop/smartmaps/japan-geotiff-dem/10/FG-GML-3926-45-dem10b-20161001.tif,155033,bf87e6e5f8bb8eb30d7aac67db7475e4
https://data.source.coop/smartmaps/japan-geotiff-dem/10/FG-GML-3926-46-dem10b-20161001.tif,404272,31b9d1dfa708492e1320eea0b06dbcad
https://data.source.coop/smartmaps/japan-geotiff-dem/10/FG-GML-3926-47-dem10b-20161001.tif,6960,51a4338efe0e104dd46c1ccedfc8f025
https://data.source.coop/smartmaps/japan-geotiff-dem/10/FG-GML-3926-76-DEM10B-20161001.tif,2346,c39fa37f8ca9a39d1ddf470553b36ce6
https://data.source.coop/smartmaps/japan-geotiff-dem/10/FG-GML-3927-05-dem10b-20161001.tif,22710,296bd2e490d8f065159f9edb488b9e0c
https://data.source.coop/smartmaps/japan-geotiff-dem/10/FG-GML-3927-11-dem10b-20161001.tif,9147,a9e54b5c48011c370a31a7a19724626b
https://data.source.coop/smartmaps/japan-geotiff-dem/10/FG-GML-3927-12-dem10b-20161001.tif,61924,5031846ab0760c2490e923b0093fc2b5
https://data.source.coop/smartmaps/japan-geotiff-dem/10/FG-GML-3927-14-dem10b-20161001.tif,1193,cc6365ed9b078236428d28f97a0dfe10
https://data.source.coop/smartmaps/japan-geotiff-dem/10/FG-GML-3927-15-dem10b-20161001.tif,739298,2551b6c2f7445888e7ed0dd7a2a90a86
https://data.source.coop/smartmaps/japan-geotiff-dem/10/FG-GML-3927-16-dem10b-20161001.tif,267811,1980e8601991fcbd6da353870ca6b66b
https://data.source.coop/smartmaps/japan-geotiff-dem/10/FG-GML-3927-17-dem10b-20161001.tif,19577,c4378760e59cb1999ad02e6fd820ea7b
https://data.source.coop/smartmaps/japan-geotiff-dem/10/FG-GML-3927-21-dem10b-20161001.tif,49335,ab7dae6cdf4414cc3857f546e49863ed
https://data.source.coop/smartmaps/japan-geotiff-dem/10/FG-GML-3927-22-dem10b-20161001.tif,446065,d3db26a2b3707194b7a2563e975728ec
https://data.source.coop/smartmaps/japan-geotiff-dem/10/FG-GML-3927-23-dem10b-20161001.tif,47154,d17820a7add1e072514c681b79402b4a
https://data.source.coop/smartmaps/japan-geotiff-dem/10/FG-GML-3927-24-dem10b-20161001.tif,1419,6737fdeec5112bdeafe793134dbaa09f
https://data.source.coop/smartmaps/japan-geotiff-dem/10/FG-GML-3927-25-dem10b-20161001.tif,873069,ab599950163db2c464599e663fef8ad6
https://data.source.coop/smartmaps/japan-geotiff-dem/10/FG-GML-3927-26-dem10b-20161001.tif,385273,7967b601b77bd389437ca7a9463d7793
https://data.source.coop/smartmaps/japan-geotiff-dem/10/FG-GML-3927-27-dem10b-20161001.tif,17159,f6cc7041a0a3fd4f082f9976fa295efc
https://data.source.coop/smartmaps/japan-geotiff-dem/10/FG-GML-3927-32-dem10b-20161001.tif,1815,a941a081db60bfc3e7043c9b1d12f7bc
https://data.source.coop/smartmaps/japan-geotiff-dem/10/FG-GML-3927-33-dem10b-20161001.tif,6793,b656a92b5e08ae123d05b0170ce106bf
https://data.source.coop/smartmaps/japan-geotiff-dem/10/FG-GML-3927-34-dem10b-20161001.tif,11523,5516a796d54a7fd91ed505fae7e98c2b
https://data.source.coop/smartmaps/japan-geotiff-dem/10/FG-GML-3927-35-dem10b-20161001.tif,180473,18dfddf422c2e21048bc8500babb3451
https://data.source.coop/smartmaps/japan-geotiff-dem/10/FG-GML-3927-36-dem10b-20161001.tif,596783,47290630aaba207b2d8304dfe2d52588
https://data.source.coop/smartmaps/japan-geotiff-dem/10/FG-GML-3927-37-dem10b-20161001.tif,203844,22d991c35d674e5468f1cc8e625d02b0
https://data.source.coop/smartmaps/japan-geotiff-dem/10/FG-GML-3927-40-dem10b-20161001.tif,6152,483ec5542dbe7ec8060766871a1b160b
https://data.source.coop/smartmaps/japan-geotiff-dem/10/FG-GML-3927-41-dem10b-20161001.tif,63142,fb4a0f7aea570c793e69de5bcfc74005
https://data.source.coop/smartmaps/japan-geotiff-dem/10/FG-GML-3927-45-dem10b-20161001.tif,179932,30816762a476dd4f4699831cd0515d4e
https://data.source.coop/smartmaps/japan-geotiff-dem/10/FG-GML-3927-46-dem10b-20161001.tif,1032400,2a3375ca54066cbbe70713cac41c7db3
https://data.source.coop/smartmaps/japan-geotiff-dem/10/FG-GML-3927-47-dem10b-20161001.tif,204394,3da9e6da13d252c07b66e732a8831cf4
https://data.source.coop/smartmaps/japan-geotiff-dem/10/FG-GML-3927-55-dem10b-20161001.tif,70841,b8ee1cd9ff4b386ef76a4fd7aaa13022
https://data.source.coop/smartmaps/japan-geotiff-dem/10/FG-GML-3927-56-dem10b-20161001.tif,628896,9cf2bf5f31a86543397d42d172cec1fd
https://data.source.coop/smartmaps/japan-geotiff-dem/10/FG-GML-3927-57-dem10b-20161001.tif,661869,84df2be4278e64b31fc1012fc26e9071
https://data.source.coop/smartmaps/japan-geotiff-dem/10/FG-GML-3927-61-dem10b-20161001.tif,30767,c5475ac409d263dfbdcdcbdf4682e124
https://data.source.coop/smartmaps/japan-geotiff-dem/10/FG-GML-3927-66-dem10b-20161001.tif,38276,1c79786e5ae8abf91b07a7beea41f308
https://data.source.coop/smartmaps/japan-geotiff-dem/10/FG-GML-3927-67-dem10b-20161001.tif,665349,bc91860bfc89f937169ba145016cdb12
https://data.source.coop/smartmaps/japan-geotiff-dem/10/FG-GML-3927-71-dem10b-20161001.tif,60761,a0d4c22763bfe70a30d015012c586109
https://data.source.coop/smartmaps/japan-geotiff-dem/10/FG-GML-3927-76-dem10b-20161001.tif,53473,d482d0dace70d9e782128b145fe20374
https://data.source.coop/smartmaps/japan-geotiff-dem/10/FG-GML-3927-77-dem10b-20161001.tif,1029034,eb20636e88afdb2f2b91a3b588d425ef
https://data.source.coop/smartmaps/japan-geotiff-dem/10/FG-GML-3928-40-dem10b-20161001.tif,6757,cb0079e2ca4b51c5515c25c08a85acb0
https://data.source.coop/smartmaps/japan-geotiff-dem/10/FG-GML-3928-50-dem10b-20161001.tif,6371,c743bc147b9967422208560f0d89d737
https://data.source.coop/smartmaps/japan-geotiff-dem/10/FG-GML-3928-60-dem10b-20161001.tif,862273,e38a815c071f41ee27c6857d0dc0ab92
https://data.source.coop/smartmaps/japan-geotiff-dem/10/FG-GML-3928-61-dem10b-20161001.tif,73024,e8b65f0a38da05400bcbcc4a8e6ddc2a
https://data.source.coop/smartmaps/japan-geotiff-dem/10/FG-GML-3928-70-dem10b-20161001.tif,1138744,96433bc28f1f93fcdcaca2df376cbac0
https://data.source.coop/smartmaps/japan-geotiff-dem/10/FG-GML-3928-71-dem10b-20161001.tif,754731,124663ebc2827fb0453186b6222cd0ce
https://data.source.coop/smartmaps/japan-geotiff-dem/10/FG-GML-3928-72-dem10b-20161001.tif,31797,bb538ca56f877a9b4d4efa0dde12f7f0
https://data.source.coop/smartmaps/japan-geotiff-dem/10/FG-GML-3942-61-dem10b-20161001.tif,78710,ec32c2c39dbaed3b313126a3b2ae313e
https://data.source.coop/smartmaps/japan-geotiff-dem/10/FG-GML-3942-70-dem10b-20161001.tif,3383,be64ec58b33012856814de989514d4af
https://data.source.coop/smartmaps/japan-geotiff-dem/10/FG-GML-3942-71-dem10b-20161001.tif,203539,671350a24509e5d5832874dab541612a
https://data.source.coop/smartmaps/japan-geotiff-dem/10/FG-GML-4027-05-dem10b-20161001.tif,2816,c6c0bfe70119b892d1629f39a84c27ed
https://data.source.coop/smartmaps/japan-geotiff-dem/10/FG-GML-4027-06-dem10b-20161001.tif,210746,5bb8623e23be0ccb44426dda0a7511be
https://data.source.coop/smartmaps/japan-geotiff-dem/10/FG-GML-4027-07-dem10b-20161001.tif,546481,daa4791882fc4a822d8cb3456dfa1273
https://data.source.coop/smartmaps/japan-geotiff-dem/10/FG-GML-4027-27-dem10b-20161001.tif,30156,916864348376e064ddf8b84dd4bbfe63
https://data.source.coop/smartmaps/japan-geotiff-dem/10/FG-GML-4027-37-dem10b-20161001.tif,196660,3478982667daffcf8366482b7ff99476
https://data.source.coop/smartmaps/japan-geotiff-dem/10/FG-GML-4027-47-dem10b-20161001.tif,262166,9fe21e3d903d5319fee8df83c7264804
https://data.source.coop/smartmaps/japan-geotiff-dem/10/FG-GML-4027-57-dem10b-20161001.tif,7547,500911651c6ce44d6b66808eb1f9ed63
https://data.source.coop/smartmaps/japan-geotiff-dem/10/FG-GML-4028-00-dem10b-20161001.tif,199012,c119d1590950ea18481c32b41df4103a
https://data.source.coop/smartmaps/japan-geotiff-dem/10/FG-GML-4028-01-dem10b-20161001.tif,1223870,9a687a5b143adb533b9f9bc79bdd8f7c
https://data.source.coop/smartmaps/japan-geotiff-dem/10/FG-GML-4028-02-dem10b-20161001.tif,520952,c56498331e82cc93209bcc8ed2ff345c
https://data.source.coop/smartmaps/japan-geotiff-dem/10/FG-GML-4028-11-dem10b-20161001.tif,391756,fa4192596d56cbd0d036ec3a0ba23b87
https://data.source.coop/smartmaps/japan-geotiff-dem/10/FG-GML-4028-12-dem10b-20161001.tif,809869,92cd4ccb8e3e715ce99d7e16df277b63
https://data.source.coop/smartmaps/japan-geotiff-dem/10/FG-GML-4028-21-dem10b-20161001.tif,16408,57e7c4fd5e78ec5b78476704409e0ace
https://data.source.coop/smartmaps/japan-geotiff-dem/10/FG-GML-4028-22-dem10b-20161001.tif,191992,fe95cec40f99d65ddb65572c6f814402
https://data.source.coop/smartmaps/japan-geotiff-dem/10/FG-GML-4028-40-dem10b-20161001.tif,10739,4a8b6976f9d4a0f79bc5d00b4f544690
https://data.source.coop/smartmaps/japan-geotiff-dem/10/FG-GML-4028-43-dem10b-20161001.tif,253905,7ff9b622be272782af96c6037bdf0aab
https://data.source.coop/smartmaps/japan-geotiff-dem/10/FG-GML-4028-50-dem10b-20161001.tif,23820,393b905e82a2e2f36d7016e593327a7f
https://data.source.coop/smartmaps/japan-geotiff-dem/10/FG-GML-4028-74-dem10b-20161001.tif,17045,981ae3f8c0e9a9c55805148cb213074a
https://data.source.coop/smartmaps/japan-geotiff-dem/10/FG-GML-4040-66-DEM10B-20190510.tif,11094,18c44877052bfed156473642b338db9b
https://data.source.coop/smartmaps/japan-geotiff-dem/10/FG-GML-4040-67-DEM10B-20190510.tif,28629,12eb3d095535321329255616c219f5ac
https://data.source.coop/smartmaps/japan-geotiff-dem/10/FG-GML-4040-76-DEM10B-20190510.tif,3867,bd7af65edab7c1c9eb795d4dfa11b52c
https://data.source.coop/smartmaps/japan-geotiff-dem/10/FG-GML-4040-77-DEM10B-20190510.tif,7857,a2e9850f45a4c79c1a1911862dbabd1c
https://data.source.coop/smartmaps/japan-geotiff-dem/10/FG-GML-4042-00-DEM10B-20161001.tif,7904,4191b5e50c8460c0fac961fb46b98f06
https://data.source.coop/smartmaps/japan-geotiff-dem/10/FG-GML-4042-01-dem10b-20161001.tif,164623,67f29939069f83c17d1a5c9ae285b049
https://data.source.coop/smartmaps/japan-geotiff-dem/10/FG-GML-4042-41-dem10b-20161001.tif,273945,187361b9be3de2d6ce26a285a83f47ca
https://data.source.coop/smartmaps/japan-geotiff-dem/10/FG-GML-4042-51-dem10b-20161001.tif,295566,8792de490d4317a9bcf758ccdad504f7
https://data.source.coop/smartmaps/japan-geotiff-dem/10/FG-GML-4042-52-dem10b-20161001.tif,1204,415e453353a2bd1a580d7f43c4211de0
https://data.source.coop/smartmaps/japan-geotiff-dem/10/FG-GML-4042-61-dem10b-20161001.tif,47096,c1f8328c1f8d6371f1afe579e9f32b2d
https://data.source.coop/smartmaps/japan-geotiff-dem/10/FG-GML-4128-04-dem10b-20161001.tif,712107,5e7f7b6e114b0b5dcead9782790bd395
https://data.source.coop/smartmaps/japan-geotiff-dem/10/FG-GML-4128-05-dem10b-20161001.tif,188868,9cd45fb90a1fdf2f48a5be1eda8c2268
https://data.source.coop/smartmaps/japan-geotiff-dem/10/FG-GML-4128-15-dem10b-20161001.tif,103805,2aa8aebada6f495f7c8593a205032974
https://data.source.coop/smartmaps/japan-geotiff-dem/10/FG-GML-4128-37-dem10b-20161001.tif,18431,4806cee398c6a93d8f51da4955441430
https://data.source.coop/smartmaps/japan-geotiff-dem/10/FG-GML-4128-47-dem10b-20161001.tif,976989,e9a14d7f3df72a5f35ff99deda6d4c09
https://data.source.coop/smartmaps/japan-geotiff-dem/10/FG-GML-4128-57-dem10b-20161001.tif,1080606,287e2120ac1f34c9ad6fb0347bf4fd95
https://data.source.coop/smartmaps/japan-geotiff-dem/10/FG-GML-4128-61-dem10b-20161001.tif,42473,7f54222a35691a34aa9c311c04826620
https://data.source.coop/smartmaps/japan-geotiff-dem/10/FG-GML-4128-67-dem10b-20161001.tif,629193,257040018458121ea6d709e703cbc224
https://data.source.coop/smartmaps/japan-geotiff-dem/10/FG-GML-4128-77-dem10b-20161001.tif,2503,9fd5d38e4d208672b2b59180af94c217
https://data.source.coop/smartmaps/japan-geotiff-dem/10/FG-GML-4129-40-dem10b-20161001.tif,135850,8ea474fb1ae360bbae8d5f846fefaca2
https://data.source.coop/smartmaps/japan-geotiff-dem/10/FG-GML-4129-50-dem10b-20161001.tif,167636,852366e6127555861ee04af0f816b8e7
https://data.source.coop/smartmaps/japan-geotiff-dem/10/FG-GML-4129-72-dem10b-20161001.tif,1564,b7ea39a93da1ad2280168dc44c6dbf6e
https://data.source.coop/smartmaps/japan-geotiff-dem/10/FG-GML-4142-11-dem10b-20161001.tif,17213,397a797933f90e962cc16d8dfe5b4369
https://data.source.coop/smartmaps/japan-geotiff-dem/10/FG-GML-4142-21-dem10b-20161001.tif,2895,ac3adcd4ee38a0c571ef029480368232
https://data.source.coop/smartmaps/japan-geotiff-dem/10/FG-GML-4142-31-dem10b-20161001.tif,37475,0ca7d203b8d2865de976536d9c5ffec5
https://data.source.coop/smartmaps/japan-geotiff-dem/10/FG-GML-4142-40-dem10b-20161001.tif,13009,c9fd04be47c30e397bb0309a8770fe51
https://data.source.coop/smartmaps/japan-geotiff-dem/10/FG-GML-4142-41-dem10b-20161001.tif,47282,5dd2526bbb53dd15279ce254520b1588
https://data.source.coop/smartmaps/japan-geotiff-dem/10/FG-GML-4229-01-dem10b-20161001.tif,305852,e638f3e7390ed2c31863193476300159
https://data.source.coop/smartmaps/japan-geotiff-dem/10/FG-GML-4229-02-dem10b-20161001.tif,205076,d5a67a340347844e6b988d2c76c71f96
https://data.source.coop/smartmaps/japan-geotiff-dem/10/FG-GML-4229-11-dem10b-20161001.tif,424608,db627ed7ec8222e24bb8c09fb1e0d56d
https://data.source.coop/smartmaps/japan-geotiff-dem/10/FG-GML-4229-12-dem10b-20161001.tif,814298,ff5927d856fb8655978f61694795bdd3
https://data.source.coop/smartmaps/japan-geotiff-dem/10/FG-GML-4229-13-dem10b-20161001.tif,49581,3988e5d8ccabc4b29dca80f6f892d305
https://data.source.coop/smartmaps/japan-geotiff-dem/10/FG-GML-4229-21-dem10b-20161001.tif,553775,4a0bc78666da11dfa35dd17ae3547b0a
https://data.source.coop/smartmaps/japan-geotiff-dem/10/FG-GML-4229-22-dem10b-20161001.tif,1245095,fb04d34b8355054afd809e6273256c16
https://data.source.coop/smartmaps/japan-geotiff-dem/10/FG-GML-4229-23-dem10b-20161001.tif,756304,732ade061cc1fd1e173ddcb5097331fc
https://data.source.coop/smartmaps/japan-geotiff-dem/10/FG-GML-4229-31-dem10b-20161001.tif,445311,c8dbf2a1065a2b6d5d6f07d2cf3152e2
https://data.source.coop/smartmaps/japan-geotiff-dem/10/FG-GML-4229-32-dem10b-20161001.tif,1333091,6095c25edec8c62c65b0ff64fa0fa514
https://data.source.coop/smartmaps/japan-geotiff-dem/10/FG-GML-4229-33-dem10b-20161001.tif,1160908,fb29c04f1d924180e4011cc71cd95445
https://data.source.coop/smartmaps/japan-geotiff-dem/10/FG-GML-4229-34-dem10b-20161001.tif,183888,d02422b8097b4822a0d54ae99b651a31
https://data.source.coop/smartmaps/japan-geotiff-dem/10/FG-GML-4229-37-dem10b-20161001.tif,386070,7858981541dae83823340d54e5e21869
https://data.source.coop/smartmaps/japan-geotiff-dem/10/FG-GML-4229-42-dem10b-20161001.tif,240230,73b20dfffe57400432eba2ffc7223140
https://data.source.coop/smartmaps/japan-geotiff-dem/10/FG-GML-4229-43-dem10b-20161001.tif,1002503,08bbc175029475c829f829128bed3b0c
https://data.source.coop/smartmaps/japan-geotiff-dem/10/FG-GML-4229-44-dem10b-20161001.tif,1074993,42ee0ed2e5b1fc08eb283ffc8afe0686
https://data.source.coop/smartmaps/japan-geotiff-dem/10/FG-GML-4229-45-dem10b-20161001.tif,106255,43a209c52dd3a3f09730a1155f4e7207
https://data.source.coop/smartmaps/japan-geotiff-dem/10/FG-GML-4229-47-dem10b-20161001.tif,89199,3b1f7ba20ecefa9e0883d0ea6f02bbcb
https://data.source.coop/smartmaps/japan-geotiff-dem/10/FG-GML-4229-54-dem10b-20161001.tif,659997,ca606f7bcebafcc83b9ea2c4840b5b72
https://data.source.coop/smartmaps/japan-geotiff-dem/10/FG-GML-4229-55-dem10b-20161001.tif,643563,46f918c3a856a08a4b4bc110c78dbe9c
https://data.source.coop/smartmaps/japan-geotiff-dem/10/FG-GML-4229-65-dem10b-20161001.tif,117519,1481393fe02acd7825dfdfa58887612f
https://data.source.coop/smartmaps/japan-geotiff-dem/10/FG-GML-4230-30-dem10b-20161001.tif,7269,8654e6704bf04da439cb4a44f5332bfb
https://data.source.coop/smartmaps/japan-geotiff-dem/10/FG-GML-4230-40-dem10b-20161001.tif,131780,e4118938e367e32f216587770962f484
https://data.source.coop/smartmaps/japan-geotiff-dem/10/FG-GML-4328-17-dem10b-20161001.tif,46768,7fe7629f16ae85cea8e441ff47ba2a08
https://data.source.coop/smartmaps/japan-geotiff-dem/10/FG-GML-4328-27-dem10b-20161001.tif,2289,75f9527c12b8351f6534adaa2df8f2a9
https://data.source.coop/smartmaps/japan-geotiff-dem/10/FG-GML-4329-10-dem10b-20161001.tif,13022,17e818351b83c587a5186b912060586b
https://data.source.coop/smartmaps/japan-geotiff-dem/10/FG-GML-4329-16-dem10b-20161001.tif,1245,bb110b1763fb97cd0d3b2b856601b4a6
https://data.source.coop/smartmaps/japan-geotiff-dem/10/FG-GML-4329-20-dem10b-20161001.tif,3280,804c640c4475dfc7397d59dbb3cfc923
https://data.source.coop/smartmaps/japan-geotiff-dem/10/FG-GML-4329-51-dem10b-20161001.tif,100613,6e300c20f4b8adf2fec43883b817b142
https://data.source.coop/smartmaps/japan-geotiff-dem/10/FG-GML-4329-62-DEM10B-20161001.tif,24914,90af23c650453aff530eed01ca72cd5a
https://data.source.coop/smartmaps/japan-geotiff-dem/10/FG-GML-4429-14-dem10b-20161001.tif,116051,92ac638924851fe4fd6bf397a2f5e15e
https://data.source.coop/smartmaps/japan-geotiff-dem/10/FG-GML-4429-35-dem10a-20161001.tif,513029,acb82809abfff9f982bb3a11fcdbfc02
https://data.source.coop/smartmaps/japan-geotiff-dem/10/FG-GML-4429-35-dem10b-20161001.tif,361991,598339316e7c63899d295e5b5b140ef1
https://data.source.coop/smartmaps/japan-geotiff-dem/10/FG-GML-4429-44-dem10b-20161001.tif,39708,7f880c2cdb750761760813f099124bde
https://data.source.coop/smartmaps/japan-geotiff-dem/10/FG-GML-4429-45-dem10a-20161001.tif,28739,7981bc95ddada61e0c3eb42af651f4eb
https://data.source.coop/smartmaps/japan-geotiff-dem/10/FG-GML-4429-45-dem10b-20161001.tif,20481,482db64d103779730ebfb1ce2114053f
https://data.source.coop/smartmaps/japan-geotiff-dem/10/FG-GML-4429-56-dem10b-20161001.tif,44921,9a2fa20db2fff46feeb81b4b5ac772f2
https://data.source.coop/smartmaps/japan-geotiff-dem/10/FG-GML-4429-57-dem10b-20161001.tif,82009,2cf62c5a5f2c0c42a4fbd9e3124d0061
https://data.source.coop/smartmaps/japan-geotiff-dem/10/FG-GML-4429-64-DEM10B-20161001.tif,76625,5e03f4d6ef75f1fb06f5e2bd0d9aac87
https://data.source.coop/smartmaps/japan-geotiff-dem/10/FG-GML-4429-66-dem10b-20161001.tif,243040,81493d3fcbebb89746733dba1144d2a4
https://data.source.coop/smartmaps/japan-geotiff-dem/10/FG-GML-4429-67-dem10b-20161001.tif,122115,905b92b8f589d8a06ed3b6d5e8d7f2c6
https://data.source.coop/smartmaps/japan-geotiff-dem/10/FG-GML-4429-77-dem10b-20161001.tif,196276,82c243aaff8c685eb971284426e782b7
https://data.source.coop/smartmaps/japan-geotiff-dem/10/FG-GML-4440-52-DEM10B-20161001.tif,1337,d6796f3f4cac081257f6aa9cf7031272
https://data.source.coop/smartmaps/japan-geotiff-dem/10/FG-GML-4529-07-dem10b-20161001.tif,11870,a7046f66141c972f25457e22b644614e
https://data.source.coop/smartmaps/japan-geotiff-dem/10/FG-GML-4530-00-DEM10B-20161001.tif,2751,bd21442174970e79328c935b8733fe65
https://data.source.coop/smartmaps/japan-geotiff-dem/10/FG-GML-4530-23-dem10b-20161001.tif,153856,10345c1913bca9b89b4c8b76478c6777
https://data.source.coop/smartmaps/japan-geotiff-dem/10/FG-GML-4530-24-dem10b-20161001.tif,201394,94df365571bb22ca3f7178c52db9374c
https://data.source.coop/smartmaps/japan-geotiff-dem/10/FG-GML-4530-33-dem10b-20161001.tif,1050444,f7654b6cf445a5b36f3dd24c4d354a94
https://data.source.coop/smartmaps/japan-geotiff-dem/10/FG-GML-4530-34-dem10b-20161001.tif,1360433,5eea1541ae32b296aaa46286ce7b22f0
https://data.source.coop/smartmaps/japan-geotiff-dem/10/FG-GML-4530-35-dem10b-20161001.tif,207921,238af231ad4e3c2f11949b0377128ea7
https://data.source.coop/smartmaps/japan-geotiff-dem/10/FG-GML-4530-43-dem10b-20161001.tif,1235976,e3dc87ca6bc986320472f50f8bec6002
https://data.source.coop/smartmaps/japan-geotiff-dem/10/FG-GML-4530-44-dem10b-20161001.tif,1373762,5370394b82767033b38f0e6ee819f138
https://data.source.coop/smartmaps/japan-geotiff-dem/10/FG-GML-4530-45-dem10b-20161001.tif,358304,80394b976b47ba66a44d27b3b87cb665
https://data.source.coop/smartmaps/japan-geotiff-dem/10/FG-GML-4530-46-dem10b-20161001.tif,119398,aaece1f7da19709967f966858ab05be6
https://data.source.coop/smartmaps/japan-geotiff-dem/10/FG-GML-4530-47-dem10b-20161001.tif,645473,d28a4ef4a74367ab530c35cc1909e1b1
https://data.source.coop/smartmaps/japan-geotiff-dem/10/FG-GML-4530-51-dem10b-20161001.tif,463730,1c8d27f9c584da6586fc1a8145ca49f7
https://data.source.coop/smartmaps/japan-geotiff-dem/10/FG-GML-4530-52-dem10b-20161001.tif,38780,becfa5e2a4276d877e6145d3ab39e1f2
https://data.source.coop/smartmaps/japan-geotiff-dem/10/FG-GML-4530-53-dem10b-20161001.tif,288073,6835da58dd39b66a26e89946f69c44aa
https://data.source.coop/smartmaps/japan-geotiff-dem/10/FG-GML-4530-54-dem10b-20161001.tif,327342,26173edd4b140303dbda975c2bee99ec
https://data.source.coop/smartmaps/japan-geotiff-dem/10/FG-GML-4530-56-dem10b-20161001.tif,143016,b8096b9754cde76408a94c1daad31554
https://data.source.coop/smartmaps/japan-geotiff-dem/10/FG-GML-4530-57-dem10b-20161001.tif,958446,599591f22edbdc1bb489a0c9ec7f8223
https://data.source.coop/smartmaps/japan-geotiff-dem/10/FG-GML-4530-67-dem10b-20161001.tif,656472,07c00892efacfe7c1c4c0cbed09f9879
https://data.source.coop/smartmaps/japan-geotiff-dem/10/FG-GML-4530-77-dem10b-20161001.tif,586719,5731cb1ab8af47698b5c59d956e32324
https://data.source.coop/smartmaps/japan-geotiff-dem/10/FG-GML-4531-60-dem10b-20161001.tif,145486,8378de19aeed7f23e2a488abc75af539
https://data.source.coop/smartmaps/japan-geotiff-dem/10/FG-GML-4531-70-dem10b-20161001.tif,575491,4154cf0d0360d746f0700e6d8079e2eb
https://data.source.coop/smartmaps/japan-geotiff-dem/10/FG-GML-4540-52-dem10b-20161001.tif,76923,a1283e035944e93894cc6c110818b69c
https://data.source.coop/smartmaps/japan-geotiff-dem/10/FG-GML-4629-13-DEM10B-20161001.tif,3130,970c85cb2c7ac253c7f4fa7dd4208d01
https://data.source.coop/smartmaps/japan-geotiff-dem/10/FG-GML-4629-17-dem10b-20161001.tif,140187,6f072309ce342f4166223c0f4abff24b
https://data.source.coop/smartmaps/japan-geotiff-dem/10/FG-GML-4629-23-DEM10B-20161001.tif,18104,1584f8ed17e677e392d22a71b19009de
https://data.source.coop/smartmaps/japan-geotiff-dem/10/FG-GML-4629-27-dem10b-20161001.tif,97346,15d6aa2a222013d093b48b9acf820af6
https://data.source.coop/smartmaps/japan-geotiff-dem/10/FG-GML-4629-53-dem10b-20161001.tif,2047,9ac613c0e57ab7a717995cd475b2eb52
https://data.source.coop/smartmaps/japan-geotiff-dem/10/FG-GML-4629-63-dem10b-20161001.tif,57915,cc205760bddb7376bfde00ec008a0e75
https://data.source.coop/smartmaps/japan-geotiff-dem/10/FG-GML-4629-75-DEM10B-20200409.tif,1551,8168493811b0508862c5ffadfd82f0c0
https://data.source.coop/smartmaps/japan-geotiff-dem/10/FG-GML-4630-00-dem10b-20161001.tif,1203,ac90c301a463d24a0f874c5768c4e225
https://data.source.coop/smartmaps/japan-geotiff-dem/10/FG-GML-4630-06-dem10b-20161001.tif,87028,c3e7b80506d5fee67cf164c5de4a2471
https://data.source.coop/smartmaps/japan-geotiff-dem/10/FG-GML-4630-07-dem10b-20161001.tif,356229,58a5bd0af7bfa5b7be3ac0aeb493def4
https://data.source.coop/smartmaps/japan-geotiff-dem/10/FG-GML-4630-10-dem10b-20161001.tif,1695,dc57d22758a5b3da91561467a11d7b26
https://data.source.coop/smartmaps/japan-geotiff-dem/10/FG-GML-4630-12-dem10a-20161001.tif,239000,fec58b98e2568d6e8da02c2513afc5eb
https://data.source.coop/smartmaps/japan-geotiff-dem/10/FG-GML-4630-12-dem10b-20161001.tif,176538,8338eca34be5c276f8def9c36ca517b0
https://data.source.coop/smartmaps/japan-geotiff-dem/10/FG-GML-4630-13-dem10a-20161001.tif,91350,c3254bfed2045a386d042a660e1d7fad
https://data.source.coop/smartmaps/japan-geotiff-dem/10/FG-GML-4630-13-dem10b-20161001.tif,69339,6ebe42b5087f033bac925c23fe2f0664
https://data.source.coop/smartmaps/japan-geotiff-dem/10/FG-GML-4630-16-dem10b-20161001.tif,30888,dccd274ead525b426b34b11f593d76f5
https://data.source.coop/smartmaps/japan-geotiff-dem/10/FG-GML-4630-35-dem10b-20161001.tif,11842,f14933fed771fb4f6dc468a1e975b895
https://data.source.coop/smartmaps/japan-geotiff-dem/10/FG-GML-4630-45-dem10b-20161001.tif,633111,638be5ce4079713f1f2951d223c600f9
https://data.source.coop/smartmaps/japan-geotiff-dem/10/FG-GML-4630-46-dem10b-20161001.tif,121249,8c75a3a5f07077d04cdb8fb31bd500aa
https://data.source.coop/smartmaps/japan-geotiff-dem/10/FG-GML-4630-54-dem10b-20161001.tif,23558,33d8b9b78a695c5528d68c3078dc910f
https://data.source.coop/smartmaps/japan-geotiff-dem/10/FG-GML-4630-55-dem10b-20161001.tif,301696,817d313a24df42da5d518359162c12ae
https://data.source.coop/smartmaps/japan-geotiff-dem/10/FG-GML-4630-56-dem10b-20161001.tif,1305701,2af21073c9966c799cd7245015b1da3a
https://data.source.coop/smartmaps/japan-geotiff-dem/10/FG-GML-4630-57-dem10b-20161001.tif,634905,d275839f068d538bf50823935019be42
https://data.source.coop/smartmaps/japan-geotiff-dem/10/FG-GML-4630-61-dem10b-20161001.tif,2315,e3640743a49309a0f444d55827e38ee1
https://data.source.coop/smartmaps/japan-geotiff-dem/10/FG-GML-4630-62-dem10b-20161001.tif,4033,e8cb876cfb2b60964b743c53a9b5dc39
https://data.source.coop/smartmaps/japan-geotiff-dem/10/FG-GML-4630-63-dem10b-20161001.tif,68600,59c1f2d771e42f449a11d5b4f2c4d0e5
https://data.source.coop/smartmaps/japan-geotiff-dem/10/FG-GML-4630-64-dem10b-20161001.tif,980623,f8dad9e7209d414f0129e0c7d8870b2e
https://data.source.coop/smartmaps/japan-geotiff-dem/10/FG-GML-4630-65-dem10b-20161001.tif,172236,d25e1709c73a248d05b6a7d7d96bf21a
https://data.source.coop/smartmaps/japan-geotiff-dem/10/FG-GML-4630-66-dem10b-20161001.tif,1174386,6d1531ec512369d67fb2705380314e2f
https://data.source.coop/smartmaps/japan-geotiff-dem/10/FG-GML-4630-67-dem10b-20161001.tif,1368737,7f40a6667bf4efe71a337cdeda840fef
https://data.source.coop/smartmaps/japan-geotiff-dem/10/FG-GML-4630-71-dem10b-20161001.tif,498430,db2421eeb70e38e1ae3e222afa6b81c7
https://data.source.coop/smartmaps/japan-geotiff-dem/10/FG-GML-4630-72-dem10b-20161001.tif,1174127,8b449d716fc280239dfce0b5dc8949a7
https://data.source.coop/smartmaps/japan-geotiff-dem/10/FG-GML-4630-73-dem10b-20161001.tif,1085369,4dd1bbe2f8ac4c040f3b69da5afcf26e
https://data.source.coop/smartmaps/japan-geotiff-dem/10/FG-GML-4630-74-dem10b-20161001.tif,1007178,222e612f469d7cc046fe89f87602848c
https://data.source.coop/smartmaps/japan-geotiff-dem/10/FG-GML-4630-75-dem10b-20161001.tif,88133,a6ed2c7cd65f6eec7c3e8fcb7c63c3bd
https://data.source.coop/smartmaps/japan-geotiff-dem/10/FG-GML-4630-76-dem10b-20161001.tif,898309,4ef09aac88d97988ecbdd6bce7b70e57
https://data.source.coop/smartmaps/japan-geotiff-dem/10/FG-GML-4630-77-dem10b-20161001.tif,1317819,2db5c9b88ce41546017a5bd8960f0947
https://data.source.coop/smartmaps/japan-geotiff-dem/10/FG-GML-4631-00-dem10b-20161001.tif,755334,f6120bf48d1ed546f7e897d4874261a1
https://data.source.coop/smartmaps/japan-geotiff-dem/10/FG-GML-4631-10-dem10b-20161001.tif,649682,2d4764c195eed9a75bcbd7ab9b7b851d
https://data.source.coop/smartmaps/japan-geotiff-dem/10/FG-GML-4631-20-dem10b-20161001.tif,10059,75385929d07000f932809621924488ed
https://data.source.coop/smartmaps/japan-geotiff-dem/10/FG-GML-4631-60-dem10b-20161001.tif,305142,fd009a2cec125bfc2f5e850c629d4ea3
https://data.source.coop/smartmaps/japan-geotiff-dem/10/FG-GML-4631-70-dem10b-20161001.tif,1131950,41f835a1c4fd30f3cce701cbb7d11ba2
https://data.source.coop/smartmaps/japan-geotiff-dem/10/FG-GML-4631-71-dem10b-20161001.tif,12868,b86e4beb3c4b147d6ba6f5a68f81b175
https://data.source.coop/smartmaps/japan-geotiff-dem/10/FG-GML-4728-72-DEM10B-20161001.tif,14790,f7ef4ab09592be7691e6e67a4056cc38
https://data.source.coop/smartmaps/japan-geotiff-dem/10/FG-GML-4729-15-DEM10B-20200409.tif,2719,4f102e9b71df571f529ce1294947e34c
https://data.source.coop/smartmaps/japan-geotiff-dem/10/FG-GML-4729-35-dem10b-20161001.tif,348170,212753c2739821d2a567a990c895bdd9
https://data.source.coop/smartmaps/japan-geotiff-dem/10/FG-GML-4729-45-dem10b-20161001.tif,456149,fa8a3d7a8e950cec1eac39df39551eff
https://data.source.coop/smartmaps/japan-geotiff-dem/10/FG-GML-4729-46-dem10b-20161001.tif,119062,0c8ac84cffb26c3033648041b96f04f5
https://data.source.coop/smartmaps/japan-geotiff-dem/10/FG-GML-4729-56-dem10b-20161001.tif,259796,2ec1acfc034d7e5e3da7e6e28c6c95a3
https://data.source.coop/smartmaps/japan-geotiff-dem/10/FG-GML-4729-57-dem10b-20161001.tif,147959,46f0119571e6ac9317758054764284ad
https://data.source.coop/smartmaps/japan-geotiff-dem/10/FG-GML-4729-66-dem10b-20161001.tif,307761,c08dce5277c3ed03d5afd7da0cdaf2e3
https://data.source.coop/smartmaps/japan-geotiff-dem/10/FG-GML-4729-67-dem10b-20161001.tif,201237,faeba2fb9dffa69eba8c9cb625a77c43
https://data.source.coop/smartmaps/japan-geotiff-dem/10/FG-GML-4730-00-dem10b-20161001.tif,11116,66de59a60211da1c1a80da6431e1beb5
https://data.source.coop/smartmaps/japan-geotiff-dem/10/FG-GML-4730-01-dem10b-20161001.tif,864153,ce2b572406c78dd2166829c4117209c8
https://data.source.coop/smartmaps/japan-geotiff-dem/10/FG-GML-4730-02-dem10b-20161001.tif,1303696,7871f5de9266106fe88f9b82bee6b047
https://data.source.coop/smartmaps/japan-geotiff-dem/10/FG-GML-4730-03-dem10b-20161001.tif,1194916,080384b8a4a991ba615b42547770ac23
https://data.source.coop/smartmaps/japan-geotiff-dem/10/FG-GML-4730-04-dem10b-20161001.tif,513444,aed6673de41cbcc047c9e18cd69fc427
https://data.source.coop/smartmaps/japan-geotiff-dem/10/FG-GML-4730-06-dem10b-20161001.tif,848999,67a74edd46293e328a3d8c8d9512666e
https://data.source.coop/smartmaps/japan-geotiff-dem/10/FG-GML-4730-07-dem10b-20161001.tif,916525,cfb0696a8b564a38f4040adf15f379b1
https://data.source.coop/smartmaps/japan-geotiff-dem/10/FG-GML-4730-10-dem10b-20161001.tif,19753,f47d36f04203ff76b332a666a541024d
https://data.source.coop/smartmaps/japan-geotiff-dem/10/FG-GML-4730-11-dem10b-20161001.tif,100103,613445b57e6bff91223e7fbf2c8021d7
https://data.source.coop/smartmaps/japan-geotiff-dem/10/FG-GML-4730-12-dem10b-20161001.tif,776524,b9cbc06c596c5448e46a8e5f077bfdb9
https://data.source.coop/smartmaps/japan-geotiff-dem/10/FG-GML-4730-13-dem10b-20161001.tif,1339106,38c6a2df281ca01d2b372c9ebce51553
https://data.source.coop/smartmaps/japan-geotiff-dem/10/FG-GML-4730-14-dem10b-20161001.tif,222116,8df66cf674b4b939d515f585be2a6d15
https://data.source.coop/smartmaps/japan-geotiff-dem/10/FG-GML-4730-15-dem10b-20161001.tif,343647,841d7a4af85aa1382d0eeae6c914fa6e
https://data.source.coop/smartmaps/japan-geotiff-dem/10/FG-GML-4730-16-dem10b-20161001.tif,1368694,4717cf72d69cdba31337a694473977a5
https://data.source.coop/smartmaps/japan-geotiff-dem/10/FG-GML-4730-17-dem10b-20161001.tif,1068632,8c9ddade16e18c8ab3de5cf1af2e2843
https://data.source.coop/smartmaps/japan-geotiff-dem/10/FG-GML-4730-21-dem10b-20161001.tif,1520,309b217fa461e9bdc8bcdf7d126aef15
https://data.source.coop/smartmaps/japan-geotiff-dem/10/FG-GML-4730-22-dem10b-20161001.tif,508586,197d981fffd7c649480594b4e5a55b0d
https://data.source.coop/smartmaps/japan-geotiff-dem/10/FG-GML-4730-23-dem10b-20161001.tif,1359836,1a20c396b5917e80b31d9bbaaed55d3c
https://data.source.coop/smartmaps/japan-geotiff-dem/10/FG-GML-4730-24-dem10b-20161001.tif,424500,563505f5692296f39acdf9c280db11e5
https://data.source.coop/smartmaps/japan-geotiff-dem/10/FG-GML-4730-25-dem10b-20161001.tif,792689,9d100284fa74574d4f947b3eff2eefbb
https://data.source.coop/smartmaps/japan-geotiff-dem/10/FG-GML-4730-26-dem10b-20161001.tif,1322006,8cd8104bc5010e73526b3d9b87058b2f
https://data.source.coop/smartmaps/japan-geotiff-dem/10/FG-GML-4730-27-dem10b-20161001.tif,1293865,b2a1e8e373353d672e59b07b9a51d2ad
https://data.source.coop/smartmaps/japan-geotiff-dem/10/FG-GML-4730-32-dem10b-20161001.tif,544538,b86a37b5162131029a8c4fe420a934ad
https://data.source.coop/smartmaps/japan-geotiff-dem/10/FG-GML-4730-33-dem10b-20161001.tif,1283579,41b80d12534e1ad088a29cf3c40659da
https://data.source.coop/smartmaps/japan-geotiff-dem/10/FG-GML-4730-34-dem10b-20161001.tif,1004035,556f82d1f11574ae7198b3a64938b8b7
https://data.source.coop/smartmaps/japan-geotiff-dem/10/FG-GML-4730-35-dem10b-20161001.tif,451144,9dd47696f2f2281d882ed221d6194800
https://data.source.coop/smartmaps/japan-geotiff-dem/10/FG-GML-4730-36-dem10b-20161001.tif,793871,994dda53257597b6ddf1319e424c8313
https://data.source.coop/smartmaps/japan-geotiff-dem/10/FG-GML-4730-37-dem10b-20161001.tif,1264570,76f775836aaa8df4b8ba5bef4831c8e5
https://data.source.coop/smartmaps/japan-geotiff-dem/10/FG-GML-4730-41-dem10b-20161001.tif,67967,38f9c8df12c386e72e68a268b269eb78
https://data.source.coop/smartmaps/japan-geotiff-dem/10/FG-GML-4730-42-dem10b-20161001.tif,1123682,ad0779f7594a20cfd79cd8943b4ea566
https://data.source.coop/smartmaps/japan-geotiff-dem/10/FG-GML-4730-43-dem10b-20161001.tif,1344267,fdd8035c7098aaf2804345441cee3dc5
https://data.source.coop/smartmaps/japan-geotiff-dem/10/FG-GML-4730-44-dem10b-20161001.tif,1277800,1bf346a7c817c5cf0bd754cc5e810d48
https://data.source.coop/smartmaps/japan-geotiff-dem/10/FG-GML-4730-45-dem10b-20161001.tif,367300,5cda12cdd17987598b9e84f973ab004d
https://data.source.coop/smartmaps/japan-geotiff-dem/10/FG-GML-4730-46-dem10b-20161001.tif,1004491,6267c7b4fee48cb0f7995819b818954d
https://data.source.coop/smartmaps/japan-geotiff-dem/10/FG-GML-4730-47-dem10b-20161001.tif,1299481,f9bf2a04b55ea622e1fb81dfacfbecc0
https://data.source.coop/smartmaps/japan-geotiff-dem/10/FG-GML-4730-51-dem10b-20161001.tif,797663,711ec277dac960c2faded68381c4222f
https://data.source.coop/smartmaps/japan-geotiff-dem/10/FG-GML-4730-52-dem10b-20161001.tif,1230747,9ce59be33bf9a905183a3cd45f8b9ee4
https://data.source.coop/smartmaps/japan-geotiff-dem/10/FG-GML-4730-53-dem10b-20161001.tif,1305753,8f1025e4312720126fb4c4f3fca473b7
https://data.source.coop/smartmaps/japan-geotiff-dem/10/FG-GML-4730-54-dem10b-20161001.tif,1379739,1607efcee6e1210f5a6774a2eaa01871
https://data.source.coop/smartmaps/japan-geotiff-dem/10/FG-GML-4730-55-dem10b-20161001.tif,1325705,b2570885dd119f2e91a63d8058e0b1d6
https://data.source.coop/smartmaps/japan-geotiff-dem/10/FG-GML-4730-56-dem10b-20161001.tif,1324889,f908cfb370f60688cc38dc3e38a8fddc
https://data.source.coop/smartmaps/japan-geotiff-dem/10/FG-GML-4730-57-dem10b-20161001.tif,1337260,9e4ffdfa267faf7e4b94be77651d921b
https://data.source.coop/smartmaps/japan-geotiff-dem/10/FG-GML-4730-60-dem10b-20161001.tif,1599,5584b599127fba6a06e93b16f91e7d5e
https://data.source.coop/smartmaps/japan-geotiff-dem/10/FG-GML-4730-61-dem10b-20161001.tif,495060,599f4406606df09a8f3dfd907ce9c69c
https://data.source.coop/smartmaps/japan-geotiff-dem/10/FG-GML-4730-62-dem10b-20161001.tif,1358175,c82f7dc2a5e2ede2fec579d7a5af3cf0
https://data.source.coop/smartmaps/japan-geotiff-dem/10/FG-GML-4730-63-dem10b-20161001.tif,1277085,790d85182850687b3fc223be6521444e
https://data.source.coop/smartmaps/japan-geotiff-dem/10/FG-GML-4730-64-dem10b-20161001.tif,1342359,a9d03eb6ff29f99db671abcf75093f24
https://data.source.coop/smartmaps/japan-geotiff-dem/10/FG-GML-4730-65-dem10b-20161001.tif,1308309,1d0391f71db628ff09efe1fbc5010c2a
https://data.source.coop/smartmaps/japan-geotiff-dem/10/FG-GML-4730-66-dem10a-20161001.tif,322477,5d7eec4fa910cb8e69ea69ce19191a6c
https://data.source.coop/smartmaps/japan-geotiff-dem/10/FG-GML-4730-66-dem10b-20161001.tif,1320804,af65eb898ec9f8df22d0d5dae10d3b1a
https://data.source.coop/smartmaps/japan-geotiff-dem/10/FG-GML-4730-67-DEM10B-20161001.tif,1314476,521b7114402530d8e3c10fdcad6d9287
https://data.source.coop/smartmaps/japan-geotiff-dem/10/FG-GML-4730-67-dem10a-20161001.tif,415666,76ddf1d83c1633e22803b39d31e30b11
https://data.source.coop/smartmaps/japan-geotiff-dem/10/FG-GML-4730-71-dem10b-20161001.tif,527373,f30fb1bc30d7364c28d864f1bf7957c5
https://data.source.coop/smartmaps/japan-geotiff-dem/10/FG-GML-4730-72-dem10b-20161001.tif,1425594,0ca44dddfef96cc20fca4263ebbb3e1a
https://data.source.coop/smartmaps/japan-geotiff-dem/10/FG-GML-4730-73-dem10b-20161001.tif,1321624,55df71addd4297f7278d2b2c42955f1b
https://data.source.coop/smartmaps/japan-geotiff-dem/10/FG-GML-4730-74-dem10b-20161001.tif,1301357,524d4bd57d6a98c41965206fc7d86148
https://data.source.coop/smartmaps/japan-geotiff-dem/10/FG-GML-4730-75-dem10b-20161001.tif,1238911,a71014bfffdfcea00c642ff4792f84bb
https://data.source.coop/smartmaps/japan-geotiff-dem/10/FG-GML-4730-76-dem10a-20161001.tif,453882,29c71ba574465e408547f041707b94a1
https://data.source.coop/smartmaps/japan-geotiff-dem/10/FG-GML-4730-76-dem10b-20161001.tif,1309641,33b71f7b0ceb9050f2c236edf99e7fa4
https://data.source.coop/smartmaps/japan-geotiff-dem/10/FG-GML-4730-77-dem10a-20161001.tif,400963,6ef20a596c41451078eaddc5d8bd670a
https://data.source.coop/smartmaps/japan-geotiff-dem/10/FG-GML-4730-77-dem10b-20161001.tif,1225227,54078abdd8414d8f8def87dd94bb5107
https://data.source.coop/smartmaps/japan-geotiff-dem/10/FG-GML-4731-00-dem10b-20161001.tif,324677,b31a19cb83708713f82b60e0f17a4e0f
https://data.source.coop/smartmaps/japan-geotiff-dem/10/FG-GML-4731-01-dem10b-20161001.tif,56887,796111440b6167e568db532ea3df0028
https://data.source.coop/smartmaps/japan-geotiff-dem/10/FG-GML-4731-02-dem10b-20161001.tif,516724,8afba4560b39f543c4ae237f85d32298
https://data.source.coop/smartmaps/japan-geotiff-dem/10/FG-GML-4731-10-dem10b-20161001.tif,736649,db41cfe16825a8895d734da606db7007
https://data.source.coop/smartmaps/japan-geotiff-dem/10/FG-GML-4731-11-dem10b-20161001.tif,846084,4c07cf2cd961b043bc344b60a79da18d
https://data.source.coop/smartmaps/japan-geotiff-dem/10/FG-GML-4731-12-dem10b-20161001.tif,1379386,4d98df8b59e005fc7c4952c42b8f6f1c
https://data.source.coop/smartmaps/japan-geotiff-dem/10/FG-GML-4731-13-dem10b-20161001.tif,57348,7f6c461d21651436242b5c0a67ae3885
https://data.source.coop/smartmaps/japan-geotiff-dem/10/FG-GML-4731-20-dem10b-20161001.tif,1257326,6946b519a4e42c9f66859e11a2d70f87
https://data.source.coop/smartmaps/japan-geotiff-dem/10/FG-GML-4731-21-dem10b-20161001.tif,1364108,13173be6c9a9cfafd74730b92a4857d7
https://data.source.coop/smartmaps/japan-geotiff-dem/10/FG-GML-4731-22-dem10b-20161001.tif,1375144,7cef37320d26f567cca70513b1b500da
https://data.source.coop/smartmaps/japan-geotiff-dem/10/FG-GML-4731-23-dem10b-20161001.tif,219416,5396d2b847fee437f6a7b2ec41cdbe57
https://data.source.coop/smartmaps/japan-geotiff-dem/10/FG-GML-4731-30-dem10b-20161001.tif,1219647,1d4c9ea89b664b8dc1b561d45d73b012
https://data.source.coop/smartmaps/japan-geotiff-dem/10/FG-GML-4731-31-dem10b-20161001.tif,1390992,06b6e4ad9c7429e33bf636608c337cc8
https://data.source.coop/smartmaps/japan-geotiff-dem/10/FG-GML-4731-32-dem10b-20161001.tif,1349274,b89256a5f33f21fb09c868d2d24d35ca
https://data.source.coop/smartmaps/japan-geotiff-dem/10/FG-GML-4731-33-dem10b-20161001.tif,743236,b320e59483eccabd8be1db593188a46e
https://data.source.coop/smartmaps/japan-geotiff-dem/10/FG-GML-4731-40-dem10b-20161001.tif,902139,214d7c338aead42c594a8c12748bff19
https://data.source.coop/smartmaps/japan-geotiff-dem/10/FG-GML-4731-41-dem10b-20161001.tif,1365140,a1b9eeea8f35a9bb445acc670fc7567a
https://data.source.coop/smartmaps/japan-geotiff-dem/10/FG-GML-4731-42-dem10b-20161001.tif,1354144,bc0c13e11025118fa4a261ccfcbdd916
https://data.source.coop/smartmaps/japan-geotiff-dem/10/FG-GML-4731-43-dem10b-20161001.tif,1016733,a5d8d972d1acbee35e7e7637fd758f0f
https://data.source.coop/smartmaps/japan-geotiff-dem/10/FG-GML-4731-50-dem10b-20161001.tif,865656,53fd95202ca307f668785eb3abce6378
https://data.source.coop/smartmaps/japan-geotiff-dem/10/FG-GML-4731-51-dem10b-20161001.tif,1274087,15bc517b796f4d86f1ab25ce67e00510
https://data.source.coop/smartmaps/japan-geotiff-dem/10/FG-GML-4731-52-dem10b-20161001.tif,1334917,5e74e94c2974095762bf1df6a65d34d2
https://data.source.coop/smartmaps/japan-geotiff-dem/10/FG-GML-4731-53-dem10b-20161001.tif,1072772,4826b36eb8e825f5ca8e4c7c82cf29b1
https://data.source.coop/smartmaps/japan-geotiff-dem/10/FG-GML-4731-60-dem10b-20161001.tif,1210625,fe31db8f58d8712b302460f21bd3b676
https://data.source.coop/smartmaps/japan-geotiff-dem/10/FG-GML-4731-61-dem10b-20161001.tif,1376002,0556702c9d8154d582f4718265898f1c
https://data.source.coop/smartmaps/japan-geotiff-dem/10/FG-GML-4731-62-dem10b-20161001.tif,1284242,6a40ff3bdf423afe75f1fac8397bbbbd
https://data.source.coop/smartmaps/japan-geotiff-dem/10/FG-GML-4731-63-dem10b-20161001.tif,581199,4c2db19b535ba89295b6c2fd8e7b3d8c
https://data.source.coop/smartmaps/japan-geotiff-dem/10/FG-GML-4731-70-dem10b-20161001.tif,1228016,b4d2237df6df291e1da484624f4d14c5
https://data.source.coop/smartmaps/japan-geotiff-dem/10/FG-GML-4731-71-dem10b-20161001.tif,1354658,f9c6bb19bf53c45da015a32660ad6c3b
https://data.source.coop/smartmaps/japan-geotiff-dem/10/FG-GML-4731-72-dem10b-20161001.tif,1216405,35b3c296a497c025c433a0ce0a50d29b
https://data.source.coop/smartmaps/japan-geotiff-dem/10/FG-GML-4731-73-dem10b-20161001.tif,698596,54438a2736f5cde840a2f48f51512efa
https://data.source.coop/smartmaps/japan-geotiff-dem/10/FG-GML-4739-67-DEM10B-20161001.tif,1391,13789b9d3d2104a43cdea0b71ba754d0
https://data.source.coop/smartmaps/japan-geotiff-dem/10/FG-GML-4740-10-DEM10B-20161001.tif,2042,97befb3deaaa483edccc0657ff693c8e
https://data.source.coop/smartmaps/japan-geotiff-dem/10/FG-GML-4828-02-DEM10B-20161001.tif,28144,e06a6ea2ebb403308580a1c9e5d67019
https://data.source.coop/smartmaps/japan-geotiff-dem/10/FG-GML-4828-03-DEM10B-20161001.tif,51901,a1a53bf9757cd9063292053a10550274
https://data.source.coop/smartmaps/japan-geotiff-dem/10/FG-GML-4828-20-DEM10B-20161001.tif,1318,abb5ba8ceb27400e106bca3bae546484
https://data.source.coop/smartmaps/japan-geotiff-dem/10/FG-GML-4828-65-dem10b-20161001.tif,9622,1aae1e0ce408f0439aa053f5d8e11a86
https://data.source.coop/smartmaps/japan-geotiff-dem/10/FG-GML-4828-66-dem10b-20161001.tif,26376,5d74d7cfadfbec5fc0a6f099b7e4273e
https://data.source.coop/smartmaps/japan-geotiff-dem/10/FG-GML-4828-67-dem10b-20161001.tif,25207,6be1eac6327d492c831522d4338714ac
https://data.source.coop/smartmaps/japan-geotiff-dem/10/FG-GML-4828-74-dem10b-20161001.tif,137688,343f0185d8c5985f5c80cf9f0dcfda86
https://data.source.coop/smartmaps/japan-geotiff-dem/10/FG-GML-4828-75-dem10b-20161001.tif,982990,763064b8eefc5f9c6cadd3c8a310805e
https://data.source.coop/smartmaps/japan-geotiff-dem/10/FG-GML-4828-76-dem10b-20161001.tif,597153,1457e3b8cd2d333779249badb72245dc
https://data.source.coop/smartmaps/japan-geotiff-dem/10/FG-GML-4828-77-dem10b-20161001.tif,82058,53702e7ac8da701d7ea9663515c1557e
https://data.source.coop/smartmaps/japan-geotiff-dem/10/FG-GML-4829-17-dem10b-20161001.tif,4209,31c22a5b46cb7685da104d1eb1692b31
https://data.source.coop/smartmaps/japan-geotiff-dem/10/FG-GML-4829-27-dem10b-20161001.tif,91670,1ce56c78622166cbad9f6488c0b12895
https://data.source.coop/smartmaps/japan-geotiff-dem/10/FG-GML-4829-37-dem10b-20161001.tif,166892,ac147a609afeab3127d24b33fe57615c
https://data.source.coop/smartmaps/japan-geotiff-dem/10/FG-GML-4829-47-dem10b-20161001.tif,173526,f69808d03136bae68f5e8ad1091ee9d7
https://data.source.coop/smartmaps/japan-geotiff-dem/10/FG-GML-4829-65-dem10b-20161001.tif,27818,63a36c9f832a7c749ff30c600f666f50
https://data.source.coop/smartmaps/japan-geotiff-dem/10/FG-GML-4829-66-dem10b-20161001.tif,66313,6b50b42b6ba3baa2260b4474718bef86
https://data.source.coop/smartmaps/japan-geotiff-dem/10/FG-GML-4829-75-dem10b-20161001.tif,18545,6f8de52e05088d4685e111389e918b67
https://data.source.coop/smartmaps/japan-geotiff-dem/10/FG-GML-4829-76-dem10b-20161001.tif,622573,c49f9ca7169f1a6e1237bd970dd6402e
https://data.source.coop/smartmaps/japan-geotiff-dem/10/FG-GML-4829-77-dem10b-20161001.tif,38462,ae0578e8675da7bd9d456531d3421621
https://data.source.coop/smartmaps/japan-geotiff-dem/10/FG-GML-4830-01-dem10b-20161001.tif,649781,903466cb73621054ef14602c0f5e1afc
https://data.source.coop/smartmaps/japan-geotiff-dem/10/FG-GML-4830-02-dem10b-20161001.tif,1235832,773f79e94ff9ee9b9c597b026ef274ac
https://data.source.coop/smartmaps/japan-geotiff-dem/10/FG-GML-4830-03-dem10b-20161001.tif,1406070,3093605214bb9c970777138339a4ed08
https://data.source.coop/smartmaps/japan-geotiff-dem/10/FG-GML-4830-04-dem10b-20161001.tif,1162488,3709968b7c0f14954601d77bb980d307
https://data.source.coop/smartmaps/japan-geotiff-dem/10/FG-GML-4830-05-dem10b-20161001.tif,1213533,43c448127a133b1370d20ed911a3295e
https://data.source.coop/smartmaps/japan-geotiff-dem/10/FG-GML-4830-06-dem10b-20161001.tif,1105234,a8587a72ebba3a4f6c82e41223e0a8c9
https://data.source.coop/smartmaps/japan-geotiff-dem/10/FG-GML-4830-07-dem10b-20161001.tif,1237583,7984945d23b968f4f03909bffc489c46
https://data.source.coop/smartmaps/japan-geotiff-dem/10/FG-GML-4830-10-dem10b-20161001.tif,108919,aaf7c9e59648b36859078022962b3d34
https://data.source.coop/smartmaps/japan-geotiff-dem/10/FG-GML-4830-11-dem10b-20161001.tif,914897,36e3acfb582536caf63a27f99d531388
https://data.source.coop/smartmaps/japan-geotiff-dem/10/FG-GML-4830-12-dem10b-20161001.tif,535861,711de41f3a801bbf03ff287dc26001f6
https://data.source.coop/smartmaps/japan-geotiff-dem/10/FG-GML-4830-13-dem10b-20161001.tif,1344063,45c55e2e92ac0162743aa45b6c256316
https://data.source.coop/smartmaps/japan-geotiff-dem/10/FG-GML-4830-14-dem10b-20161001.tif,1288365,f9cf0e5cfd25d17072fb3d888d5be6c6
https://data.source.coop/smartmaps/japan-geotiff-dem/10/FG-GML-4830-15-dem10b-20161001.tif,1367618,8edeb6a25d9b0a85f2676c4b11279b86
https://data.source.coop/smartmaps/japan-geotiff-dem/10/FG-GML-4830-16-dem10b-20161001.tif,1355484,27f93b159d58eaff050c893944a961ba
https://data.source.coop/smartmaps/japan-geotiff-dem/10/FG-GML-4830-17-dem10b-20161001.tif,1391401,2ae521ae9172ac5ffed3a5a18e88af0d
https://data.source.coop/smartmaps/japan-geotiff-dem/10/FG-GML-4830-20-dem10b-20161001.tif,818883,cd5e85b774c28c0b332c7646deb05aec
https://data.source.coop/smartmaps/japan-geotiff-dem/10/FG-GML-4830-21-dem10b-20161001.tif,566151,cd4b66057bc379c2355ce70641764d6b
https://data.source.coop/smartmaps/japan-geotiff-dem/10/FG-GML-4830-22-dem10b-20161001.tif,42501,8e0f394c1ab11dc6506371f658e34156
https://data.source.coop/smartmaps/japan-geotiff-dem/10/FG-GML-4830-23-dem10b-20161001.tif,1201185,cf3b75b8b0fd24fbe4192d8159ec2269
https://data.source.coop/smartmaps/japan-geotiff-dem/10/FG-GML-4830-24-dem10b-20161001.tif,1346889,4f8b251cc56a7f697a956e082c1cfbb2
https://data.source.coop/smartmaps/japan-geotiff-dem/10/FG-GML-4830-25-dem10b-20161001.tif,1296001,a3b2e3eb3a8bf193f32a9defc9212104
https://data.source.coop/smartmaps/japan-geotiff-dem/10/FG-GML-4830-26-dem10b-20161001.tif,1064476,904405428b691279c415d841cb282d38
https://data.source.coop/smartmaps/japan-geotiff-dem/10/FG-GML-4830-27-dem10b-20161001.tif,1182569,d10f8c0ce5afe1708dd3342a537c377c
https://data.source.coop/smartmaps/japan-geotiff-dem/10/FG-GML-4830-30-dem10b-20161001.tif,1297495,ca02bdfc207cdca76962717b000ff4b9
https://data.source.coop/smartmaps/japan-geotiff-dem/10/FG-GML-4830-31-dem10b-20161001.tif,598251,5b66d47e8bda33450ab582228bf543d7
https://data.source.coop/smartmaps/japan-geotiff-dem/10/FG-GML-4830-32-dem10b-20161001.tif,203976,d5760178f866ddbd4ac862ad338e5cb0
https://data.source.coop/smartmaps/japan-geotiff-dem/10/FG-GML-4830-33-dem10b-20161001.tif,511080,f04d13c5ca7e3d723146d50c0b30264e
https://data.source.coop/smartmaps/japan-geotiff-dem/10/FG-GML-4830-34-dem10b-20161001.tif,1398752,64624dec3020400508276aa516315ab3
https://data.source.coop/smartmaps/japan-geotiff-dem/10/FG-GML-4830-35-dem10b-20161001.tif,1406766,7b5325616a4fb196c487eaa2a5ec6368
https://data.source.coop/smartmaps/japan-geotiff-dem/10/FG-GML-4830-36-dem10b-20161001.tif,1360394,9261a766b70a37fe213f4ffcb5260aa7
https://data.source.coop/smartmaps/japan-geotiff-dem/10/FG-GML-4830-37-dem10b-20161001.tif,1195236,fcdc5131788530ac337c9e0b309be467
https://data.source.coop/smartmaps/japan-geotiff-dem/10/FG-GML-4830-40-dem10b-20161001.tif,1422199,0771f98d6ca985229009ffa0584e1401
https://data.source.coop/smartmaps/japan-geotiff-dem/10/FG-GML-4830-41-dem10b-20161001.tif,1075159,c58de530aa1a2e9850ba9ffcfda48571
https://data.source.coop/smartmaps/japan-geotiff-dem/10/FG-GML-4830-42-dem10b-20161001.tif,575267,da3e1cf75c9a53ea3098285e9ff24614
https://data.source.coop/smartmaps/japan-geotiff-dem/10/FG-GML-4830-43-dem10b-20161001.tif,260069,386ba68d5c80af7929906af89cc4b8f5
https://data.source.coop/smartmaps/japan-geotiff-dem/10/FG-GML-4830-44-dem10b-20161001.tif,1313863,8d24788ce7a0922329678dd8c8f15c47
https://data.source.coop/smartmaps/japan-geotiff-dem/10/FG-GML-4830-45-dem10b-20161001.tif,1418799,9db61c857b9edef88835bb8293ce3c84
https://data.source.coop/smartmaps/japan-geotiff-dem/10/FG-GML-4830-46-dem10b-20161001.tif,1397939,024e67e2660bdf73b73aa0488ceb0ad2
https://data.source.coop/smartmaps/japan-geotiff-dem/10/FG-GML-4830-47-dem10b-20161001.tif,1396406,0c42ef2d3926373153225e9fc5901a54
https://data.source.coop/smartmaps/japan-geotiff-dem/10/FG-GML-4830-50-dem10b-20161001.tif,1126627,108f51bc8b1d38d2d7a69e1b43197192
https://data.source.coop/smartmaps/japan-geotiff-dem/10/FG-GML-4830-51-dem10b-20161001.tif,1119550,f850688d0ee989c9710c24dfc215a4d4
https://data.source.coop/smartmaps/japan-geotiff-dem/10/FG-GML-4830-52-dem10b-20161001.tif,1303400,486710540d22507e7c7fded09323b266
https://data.source.coop/smartmaps/japan-geotiff-dem/10/FG-GML-4830-53-dem10b-20161001.tif,626917,9035e6ea435b1b4bd5940f2215882fde
https://data.source.coop/smartmaps/japan-geotiff-dem/10/FG-GML-4830-54-dem10b-20161001.tif,494709,12d1e8fc512e416b2b8a9933fea9fc68
https://data.source.coop/smartmaps/japan-geotiff-dem/10/FG-GML-4830-55-dem10b-20161001.tif,1423231,e75d1eb5a55476f0d608e9bd692e29c6
https://data.source.coop/smartmaps/japan-geotiff-dem/10/FG-GML-4830-56-dem10b-20161001.tif,1395611,9e2d2757c9eef20280bfb114d49ebdef
https://data.source.coop/smartmaps/japan-geotiff-dem/10/FG-GML-4830-57-dem10b-20161001.tif,1403297,859ba8286de4380bd074eca7510d5ed9
https://data.source.coop/smartmaps/japan-geotiff-dem/10/FG-GML-4830-60-dem10b-20161001.tif,393224,7a5d0fc82907bc2d106a7578dee74a58
https://data.source.coop/smartmaps/japan-geotiff-dem/10/FG-GML-4830-61-dem10b-20161001.tif,472783,a8ce71a949acd7a695e01eac15cf914d
https://data.source.coop/smartmaps/japan-geotiff-dem/10/FG-GML-4830-62-dem10b-20161001.tif,216047,4b7ed8b04b31d5932686138e39abfd9d
https://data.source.coop/smartmaps/japan-geotiff-dem/10/FG-GML-4830-63-dem10b-20161001.tif,610402,042a9eed8d758380b48835d52b9cce32
https://data.source.coop/smartmaps/japan-geotiff-dem/10/FG-GML-4830-64-dem10b-20161001.tif,179442,1ba76000d80d97fbab1f59f2b0b0fda2
https://data.source.coop/smartmaps/japan-geotiff-dem/10/FG-GML-4830-65-dem10b-20161001.tif,1007983,61fc1b0ee07fe5d51fe06948cb2279d1
https://data.source.coop/smartmaps/japan-geotiff-dem/10/FG-GML-4830-66-dem10b-20161001.tif,1408267,10a817ce216a4c9719dea11d6b45d1e4
https://data.source.coop/smartmaps/japan-geotiff-dem/10/FG-GML-4830-67-dem10b-20161001.tif,1405623,dbf907ea1062aa376f8ee42cfe638bdf
https://data.source.coop/smartmaps/japan-geotiff-dem/10/FG-GML-4830-71-dem10b-20161001.tif,797745,4411ad515250181bc9c6876a2b6ad25e
https://data.source.coop/smartmaps/japan-geotiff-dem/10/FG-GML-4830-72-dem10b-20161001.tif,163154,df82a356fc443010787e9f193bd2dfef
https://data.source.coop/smartmaps/japan-geotiff-dem/10/FG-GML-4830-73-dem10b-20161001.tif,551522,4311dba773bed1085594600be028491d
https://data.source.coop/smartmaps/japan-geotiff-dem/10/FG-GML-4830-74-dem10b-20161001.tif,756358,5d55332f4647f0aafb411f04750c18ea
https://data.source.coop/smartmaps/japan-geotiff-dem/10/FG-GML-4830-75-dem10b-20161001.tif,824416,041dcd5a5d9e8f903197a82764cfaf21
https://data.source.coop/smartmaps/japan-geotiff-dem/10/FG-GML-4830-76-dem10b-20161001.tif,1330421,42115efe94628932afdf6facd482b879
https://data.source.coop/smartmaps/japan-geotiff-dem/10/FG-GML-4830-77-dem10b-20161001.tif,1377392,ac28150f74333d62c1b2c44bdd1075dd
https://data.source.coop/smartmaps/japan-geotiff-dem/10/FG-GML-4831-00-dem10b-20161001.tif,1386356,57025d7466d2a7a3eb7c65ebb122042d
https://data.source.coop/smartmaps/japan-geotiff-dem/10/FG-GML-4831-01-dem10b-20161001.tif,1425901,98fa07b6087dcf80e53c7fdd4988d1f3
https://data.source.coop/smartmaps/japan-geotiff-dem/10/FG-GML-4831-02-dem10b-20161001.tif,1172635,6396f0d1b2297e6e015b5774985664d7
https://data.source.coop/smartmaps/japan-geotiff-dem/10/FG-GML-4831-03-dem10b-20161001.tif,990609,b306b09ea6f3cd79c76ba5339379b2ec
https://data.source.coop/smartmaps/japan-geotiff-dem/10/FG-GML-4831-04-dem10b-20161001.tif,57038,52b35cc7430a4db02079a489da81d5e8
https://data.source.coop/smartmaps/japan-geotiff-dem/10/FG-GML-4831-10-dem10b-20161001.tif,1410310,694def2ad47f25bc4367341a269a09fa
https://data.source.coop/smartmaps/japan-geotiff-dem/10/FG-GML-4831-11-dem10b-20161001.tif,1412291,f5e96ca5b50ae4fec4c9165e86a74d5f
https://data.source.coop/smartmaps/japan-geotiff-dem/10/FG-GML-4831-12-dem10b-20161001.tif,1412209,b4ba236733cda6582a28765f8c02af95
https://data.source.coop/smartmaps/japan-geotiff-dem/10/FG-GML-4831-13-dem10b-20161001.tif,999675,1e1940bd2652eda0c8c8cd52092736bc
https://data.source.coop/smartmaps/japan-geotiff-dem/10/FG-GML-4831-14-dem10b-20161001.tif,248428,326fdce757459f44158fb0ad2f648edf
https://data.source.coop/smartmaps/japan-geotiff-dem/10/FG-GML-4831-20-dem10b-20161001.tif,1402653,252729567910a6654e2dfdc111577bf9
https://data.source.coop/smartmaps/japan-geotiff-dem/10/FG-GML-4831-21-dem10b-20161001.tif,1424291,83a92563fbd4b9fd836763b43dac3a5d
https://data.source.coop/smartmaps/japan-geotiff-dem/10/FG-GML-4831-22-dem10b-20161001.tif,1421886,541b76e1d1d80fcf5db6ea0e7cba63c1
https://data.source.coop/smartmaps/japan-geotiff-dem/10/FG-GML-4831-23-dem10b-20161001.tif,1353826,15167ece1d8b9c84296788e15b536c7c
https://data.source.coop/smartmaps/japan-geotiff-dem/10/FG-GML-4831-24-dem10b-20161001.tif,472658,c0c62fab05d89926403a432bb86963d8
https://data.source.coop/smartmaps/japan-geotiff-dem/10/FG-GML-4831-30-dem10b-20161001.tif,1383303,2d61e063927eb9090c542aa20cfdaea3
https://data.source.coop/smartmaps/japan-geotiff-dem/10/FG-GML-4831-31-dem10b-20161001.tif,1416825,6eaddbc59b7dd023af4106060b5ae9b7
https://data.source.coop/smartmaps/japan-geotiff-dem/10/FG-GML-4831-32-dem10b-20161001.tif,1417268,3514dac82190e62b0ad69bb435cd0885
https://data.source.coop/smartmaps/japan-geotiff-dem/10/FG-GML-4831-33-dem10b-20161001.tif,1416825,064ccab505c2c1ccc6e6283b3620921b
https://data.source.coop/smartmaps/japan-geotiff-dem/10/FG-GML-4831-34-dem10b-20161001.tif,910227,52088afd10b5b9e8c3c19bd51eb8fca5
https://data.source.coop/smartmaps/japan-geotiff-dem/10/FG-GML-4831-35-dem10b-20161001.tif,1608,26422fc8426fb4a13147a8890f908923
https://data.source.coop/smartmaps/japan-geotiff-dem/10/FG-GML-4831-40-dem10b-20161001.tif,1388692,9983951840205b3e3ef501cc8b480ea3
https://data.source.coop/smartmaps/japan-geotiff-dem/10/FG-GML-4831-41-dem10b-20161001.tif,1410998,d2a815d6bfcd13541fa015cf70cff78e
https://data.source.coop/smartmaps/japan-geotiff-dem/10/FG-GML-4831-42-dem10b-20161001.tif,1383198,ae288c0e25e9584b063f5afb08c4c7b7
https://data.source.coop/smartmaps/japan-geotiff-dem/10/FG-GML-4831-43-dem10b-20161001.tif,1421282,91d7360bf71c8c2748850f632c63e5ed
https://data.source.coop/smartmaps/japan-geotiff-dem/10/FG-GML-4831-44-dem10b-20161001.tif,1403910,87b288e5b3ab0de541ab8f44f21f2397
https://data.source.coop/smartmaps/japan-geotiff-dem/10/FG-GML-4831-45-dem10b-20161001.tif,94354,eba7f5458027c51af283f86039b6cefb
https://data.source.coop/smartmaps/japan-geotiff-dem/10/FG-GML-4831-50-dem10b-20161001.tif,1368047,89f998a1acbd11b310b3a00a27ea7de1
https://data.source.coop/smartmaps/japan-geotiff-dem/10/FG-GML-4831-51-dem10b-20161001.tif,1389477,f50e885f8a15bbc43039599a09925c20
https://data.source.coop/smartmaps/japan-geotiff-dem/10/FG-GML-4831-52-dem10b-20161001.tif,1402918,ee13664625d112763949b66362e21bf6
https://data.source.coop/smartmaps/japan-geotiff-dem/10/FG-GML-4831-53-dem10b-20161001.tif,1429335,e171eab0457387b7c556c72ec7df6ec1
https://data.source.coop/smartmaps/japan-geotiff-dem/10/FG-GML-4831-54-dem10b-20161001.tif,1479774,30f29e93acc9b16e2db4a0b90d44eb82
https://data.source.coop/smartmaps/japan-geotiff-dem/10/FG-GML-4831-55-dem10b-20161001.tif,609539,bfa000314862dcf298f6706ed69e1433
https://data.source.coop/smartmaps/japan-geotiff-dem/10/FG-GML-4831-60-dem10b-20161001.tif,1404690,fb7efc90fc5219c764b3cde67af736fc
https://data.source.coop/smartmaps/japan-geotiff-dem/10/FG-GML-4831-61-dem10b-20161001.tif,1407899,3c415cad476fe258a25b46a44ba2e8b9
https://data.source.coop/smartmaps/japan-geotiff-dem/10/FG-GML-4831-62-dem10b-20161001.tif,1407347,b00fd0ed7a6672de07526727786fdebc
https://data.source.coop/smartmaps/japan-geotiff-dem/10/FG-GML-4831-63-dem10b-20161001.tif,1424839,7d70aae3a39b40161796139d72a495f4
https://data.source.coop/smartmaps/japan-geotiff-dem/10/FG-GML-4831-64-dem10b-20161001.tif,1448068,e92e64c1a45f5def4dcc3b1be41aae94
https://data.source.coop/smartmaps/japan-geotiff-dem/10/FG-GML-4831-65-dem10b-20161001.tif,687583,454cb44421fc22c145ccd39eda4e1a34
https://data.source.coop/smartmaps/japan-geotiff-dem/10/FG-GML-4831-70-dem10b-20161001.tif,1389697,34721b2bfa763a8c23282add4fd659b9
https://data.source.coop/smartmaps/japan-geotiff-dem/10/FG-GML-4831-71-dem10b-20161001.tif,1377023,fa1feafac41724d18b76e12c27b03486
https://data.source.coop/smartmaps/japan-geotiff-dem/10/FG-GML-4831-72-dem10b-20161001.tif,1400385,3bd7b3360183c8bc4281ab64a26e5866
https://data.source.coop/smartmaps/japan-geotiff-dem/10/FG-GML-4831-73-dem10b-20161001.tif,1417227,4573dafee04dff044e28e122899dba79
https://data.source.coop/smartmaps/japan-geotiff-dem/10/FG-GML-4831-74-dem10b-20161001.tif,1463829,e50307afae0e4ea487ac989ada171511
https://data.source.coop/smartmaps/japan-geotiff-dem/10/FG-GML-4831-75-dem10b-20161001.tif,1328764,af7aa4b5cf9911ffa533deba54d6265f
https://data.source.coop/smartmaps/japan-geotiff-dem/10/FG-GML-4831-76-dem10b-20161001.tif,211455,156324455571ea6ec131ecbf7c897571
https://data.source.coop/smartmaps/japan-geotiff-dem/10/FG-GML-4839-56-dem10b-20161001.tif,97298,d68beddf5685586417acab0d534d2b0e
https://data.source.coop/smartmaps/japan-geotiff-dem/10/FG-GML-4928-04-dem10b-20161001.tif,53547,bdc633477f2a6505786ab407c7318429
https://data.source.coop/smartmaps/japan-geotiff-dem/10/FG-GML-4928-05-dem10b-20161001.tif,1107193,7a893d21175f3fe4f7524d69af5348f1
https://data.source.coop/smartmaps/japan-geotiff-dem/10/FG-GML-4928-06-dem10b-20161001.tif,1138839,92c4b9df6c9690bd97a17eb87b08ee9e
https://data.source.coop/smartmaps/japan-geotiff-dem/10/FG-GML-4928-07-dem10b-20161001.tif,67462,c43f1b6dc63014681b6f5e1b36dfdbc7
https://data.source.coop/smartmaps/japan-geotiff-dem/10/FG-GML-4928-15-dem10b-20161001.tif,207330,83bf799596cf53858f961ed7ff20b2ba
https://data.source.coop/smartmaps/japan-geotiff-dem/10/FG-GML-4928-16-dem10b-20161001.tif,607903,eaeae292e850bc5fdfc4b2fe8e6f9869
https://data.source.coop/smartmaps/japan-geotiff-dem/10/FG-GML-4928-17-dem10b-20161001.tif,452950,678f2d2ad4665961758874eeb254a119
https://data.source.coop/smartmaps/japan-geotiff-dem/10/FG-GML-4928-26-dem10b-20161001.tif,29834,167c66d3e9d1f5bb7d46c53798007ae4
https://data.source.coop/smartmaps/japan-geotiff-dem/10/FG-GML-4928-27-dem10b-20161001.tif,592185,f9cbfcf99a7695b69b65d9812ec2992b
https://data.source.coop/smartmaps/japan-geotiff-dem/10/FG-GML-4928-37-dem10b-20161001.tif,139448,fe370dc2abb893fcaa4eb7eabd288fe7
https://data.source.coop/smartmaps/japan-geotiff-dem/10/FG-GML-4928-57-dem10b-20161001.tif,7222,7f657220e3a14c65e4974a88167b4029
https://data.source.coop/smartmaps/japan-geotiff-dem/10/FG-GML-4928-66-DEM10B-20161001.tif,1642,c887ee1e6f2f078e2d411dfb014b6436
https://data.source.coop/smartmaps/japan-geotiff-dem/10/FG-GML-4928-67-dem10b-20161001.tif,28791,4fae890006fded0259d9ed22823a8b8f
https://data.source.coop/smartmaps/japan-geotiff-dem/10/FG-GML-4929-00-dem10b-20161001.tif,1191,c7348602f42daddc2dd076e53c9208b0
https://data.source.coop/smartmaps/japan-geotiff-dem/10/FG-GML-4929-06-dem10b-20161001.tif,646361,5af86f3db8c1d4fb22b14c065e171db6
https://data.source.coop/smartmaps/japan-geotiff-dem/10/FG-GML-4929-07-dem10b-20161001.tif,584582,1018622fefab9edd9f6a5a4570c77270
https://data.source.coop/smartmaps/japan-geotiff-dem/10/FG-GML-4929-10-dem10b-20161001.tif,87133,570ae7f2f49b56b48eace7b3145214b3
https://data.source.coop/smartmaps/japan-geotiff-dem/10/FG-GML-4929-15-dem10b-20161001.tif,93584,8e66aaa8913c546d7d6b83dbe8093fc4
https://data.source.coop/smartmaps/japan-geotiff-dem/10/FG-GML-4929-16-dem10b-20161001.tif,1044943,139804dc1e3bd6a0c298637e56773d75
https://data.source.coop/smartmaps/japan-geotiff-dem/10/FG-GML-4929-17-dem10b-20161001.tif,1325811,f4db29156f06bdf91c9c7c78c159de68
https://data.source.coop/smartmaps/japan-geotiff-dem/10/FG-GML-4929-20-dem10b-20161001.tif,786814,3b75adf31c7c75e930783cca805555c2
https://data.source.coop/smartmaps/japan-geotiff-dem/10/FG-GML-4929-24-dem10b-20161001.tif,26803,bfa28a7981fe130bce9e56ff86223bf9
https://data.source.coop/smartmaps/japan-geotiff-dem/10/FG-GML-4929-25-dem10b-20161001.tif,809948,c0ad76d21e9f3e4e9a7edd5f64dcbd4f
https://data.source.coop/smartmaps/japan-geotiff-dem/10/FG-GML-4929-26-dem10b-20161001.tif,794051,86cefb2cc22450ee875a5f8034b937da
https://data.source.coop/smartmaps/japan-geotiff-dem/10/FG-GML-4929-27-dem10b-20161001.tif,782094,154bb82de6b8b20ab7977877c676050b
https://data.source.coop/smartmaps/japan-geotiff-dem/10/FG-GML-4929-30-dem10b-20161001.tif,1096340,49fc3d6b7cad04948d775cfffa587c57
https://data.source.coop/smartmaps/japan-geotiff-dem/10/FG-GML-4929-31-dem10b-20161001.tif,391466,3079159c6b7453b728f44c1eabe1a75c
https://data.source.coop/smartmaps/japan-geotiff-dem/10/FG-GML-4929-32-dem10b-20161001.tif,7588,b3634adcf149158e54b7bfc34df31e1e
https://data.source.coop/smartmaps/japan-geotiff-dem/10/FG-GML-4929-34-dem10b-20161001.tif,104786,5b397b4731cc27ca87715f8e38842a07
https://data.source.coop/smartmaps/japan-geotiff-dem/10/FG-GML-4929-35-dem10b-20161001.tif,1292202,7be235f0a3f7094ffe901485d37425b9
https://data.source.coop/smartmaps/japan-geotiff-dem/10/FG-GML-4929-36-dem10b-20161001.tif,733870,7a8d4030a40bc7ba3b027a3588189fda
https://data.source.coop/smartmaps/japan-geotiff-dem/10/FG-GML-4929-37-dem10b-20161001.tif,622931,20a0f1647195421500b64f6f964cbc0f
https://data.source.coop/smartmaps/japan-geotiff-dem/10/FG-GML-4929-40-dem10b-20161001.tif,441379,692dcf1fb90b779b22e17db7a58440db
https://data.source.coop/smartmaps/japan-geotiff-dem/10/FG-GML-4929-41-dem10b-20161001.tif,129605,4adf4b9fa64b4fddef399ef1f8ecfbbd
https://data.source.coop/smartmaps/japan-geotiff-dem/10/FG-GML-4929-42-dem10b-20161001.tif,69886,2b7429a927d416d643f246ef04d17d7a
https://data.source.coop/smartmaps/japan-geotiff-dem/10/FG-GML-4929-43-dem10b-20161001.tif,9118,eed520a8e179b24a6fdfe6e99e3ea1c5
https://data.source.coop/smartmaps/japan-geotiff-dem/10/FG-GML-4929-44-dem10b-20161001.tif,268478,b2eadbf79a0b4ddbbcf8cc62fdee3817
https://data.source.coop/smartmaps/japan-geotiff-dem/10/FG-GML-4929-45-dem10b-20161001.tif,989940,7e1a31a653dcbcbdb5150970a1c44766
https://data.source.coop/smartmaps/japan-geotiff-dem/10/FG-GML-4929-46-dem10b-20161001.tif,496199,f9bfd680e5c8de15657bfafa619bcc3c
https://data.source.coop/smartmaps/japan-geotiff-dem/10/FG-GML-4929-47-dem10b-20161001.tif,984532,dace844a4b0710b029ea808601258b19
https://data.source.coop/smartmaps/japan-geotiff-dem/10/FG-GML-4929-50-dem10b-20161001.tif,171159,93c784ecbc26b6187b53c52e456b54ba
https://data.source.coop/smartmaps/japan-geotiff-dem/10/FG-GML-4929-51-dem10b-20161001.tif,16673,03b246298fa27553e7df86a2a4b0b537
https://data.source.coop/smartmaps/japan-geotiff-dem/10/FG-GML-4929-53-dem10b-20161001.tif,1579,4d63f885c51656ea48c70220706e9465
https://data.source.coop/smartmaps/japan-geotiff-dem/10/FG-GML-4929-54-dem10b-20161001.tif,76582,fa1d6605f374160eee03e9ca659feffb
https://data.source.coop/smartmaps/japan-geotiff-dem/10/FG-GML-4929-55-dem10b-20161001.tif,557897,154b539875f57b9211d94c51fed62490
https://data.source.coop/smartmaps/japan-geotiff-dem/10/FG-GML-4929-56-dem10b-20161001.tif,1314535,2de55443c0073c667bebcc53d54aff2e
https://data.source.coop/smartmaps/japan-geotiff-dem/10/FG-GML-4929-57-dem10b-20161001.tif,1330770,e529ceb4903297f2e7cdefa4690fe316
https://data.source.coop/smartmaps/japan-geotiff-dem/10/FG-GML-4929-60-dem10b-20161001.tif,332296,c85143e0e59d2b3d73b0a7338e2e1892
https://data.source.coop/smartmaps/japan-geotiff-dem/10/FG-GML-4929-61-dem10b-20161001.tif,88637,1e84f96c7f9a200ce0a2284c7981c164
https://data.source.coop/smartmaps/japan-geotiff-dem/10/FG-GML-4929-62-dem10b-20161001.tif,110289,4f888e8a0c0922fb5ed22db400aad359
https://data.source.coop/smartmaps/japan-geotiff-dem/10/FG-GML-4929-63-dem10b-20161001.tif,672291,0b7e139003d3f6df4bec5f66024275ad
https://data.source.coop/smartmaps/japan-geotiff-dem/10/FG-GML-4929-64-dem10b-20161001.tif,496793,2aa4bcb1a8922431b6cdddf3c5c9e86a
https://data.source.coop/smartmaps/japan-geotiff-dem/10/FG-GML-4929-65-dem10b-20161001.tif,1254786,a54a1ab880e3e1b1ca56c188ca9939f8
https://data.source.coop/smartmaps/japan-geotiff-dem/10/FG-GML-4929-66-dem10b-20161001.tif,1284840,2a64470c9bd4a743d2313558a5337347
https://data.source.coop/smartmaps/japan-geotiff-dem/10/FG-GML-4929-67-dem10b-20161001.tif,1321428,c484efd28f0091800fbdc738dfffd783
https://data.source.coop/smartmaps/japan-geotiff-dem/10/FG-GML-4929-70-dem10b-20161001.tif,255697,ab27cbc2a737da876fb090a638d06def
https://data.source.coop/smartmaps/japan-geotiff-dem/10/FG-GML-4929-71-dem10b-20161001.tif,122603,a4fe30f266ab6b2ed213dee7bd017ed3
https://data.source.coop/smartmaps/japan-geotiff-dem/10/FG-GML-4929-72-dem10b-20161001.tif,3272,3f7fb813e7290b601f7a48ca139c87d6
https://data.source.coop/smartmaps/japan-geotiff-dem/10/FG-GML-4929-73-dem10b-20161001.tif,835266,c71318e7c16d752f71bd488ef186c6d3
https://data.source.coop/smartmaps/japan-geotiff-dem/10/FG-GML-4929-74-dem10b-20161001.tif,744480,ce3151795d317ed4f549bd5a851ff39d
https://data.source.coop/smartmaps/japan-geotiff-dem/10/FG-GML-4929-75-dem10b-20161001.tif,1326708,d23ff2f8edf757a85fc80662975c6595
https://data.source.coop/smartmaps/japan-geotiff-dem/10/FG-GML-4929-76-dem10b-20161001.tif,1191144,2055b56873215b5f076b252fbcca3408
https://data.source.coop/smartmaps/japan-geotiff-dem/10/FG-GML-4929-77-dem10b-20161001.tif,1302065,8aa6e363c9e0e2b552d908c6bc082301
https://data.source.coop/smartmaps/japan-geotiff-dem/10/FG-GML-4930-01-dem10b-20161001.tif,800164,3372e96130b60ab385b29d6630134e1d
https://data.source.coop/smartmaps/japan-geotiff-dem/10/FG-GML-4930-02-dem10a-20161001.tif,232311,30fbfb0a4fe5c325a98d3e74aa2d40d6
https://data.source.coop/smartmaps/japan-geotiff-dem/10/FG-GML-4930-02-dem10b-20161001.tif,1058586,0bfb1053aed20c5eeb209d8f4e45245d
https://data.source.coop/smartmaps/japan-geotiff-dem/10/FG-GML-4930-03-dem10a-20161001.tif,4819,8a6abbb0331aa2aaa87b80de774a15b2
https://data.source.coop/smartmaps/japan-geotiff-dem/10/FG-GML-4930-03-dem10b-20161001.tif,3757,8e5622ca060dea372edade5479eaab1a
https://data.source.coop/smartmaps/japan-geotiff-dem/10/FG-GML-4930-04-dem10b-20161001.tif,382645,f9713c71a34070de2636ab3585caa828
https://data.source.coop/smartmaps/japan-geotiff-dem/10/FG-GML-4930-05-dem10b-20161001.tif,639731,f48017dd07d9a8a334e81b5f3f2e77c6
https://data.source.coop/smartmaps/japan-geotiff-dem/10/FG-GML-4930-06-dem10b-20161001.tif,1182163,fe007e74ef9a33e032b4613712f10ae6
https://data.source.coop/smartmaps/japan-geotiff-dem/10/FG-GML-4930-07-dem10b-20161001.tif,1349209,0efbfe769f455e865402b342e0b9428a
https://data.source.coop/smartmaps/japan-geotiff-dem/10/FG-GML-4930-10-dem10b-20161001.tif,854473,8fecc22802a6ed395fb21f06dd5720db
https://data.source.coop/smartmaps/japan-geotiff-dem/10/FG-GML-4930-11-dem10b-20161001.tif,922827,32c077f395dbba4aba434ad63542199e
https://data.source.coop/smartmaps/japan-geotiff-dem/10/FG-GML-4930-12-dem10a-20161001.tif,853340,74262379e979d85eca1559a30b5b8159
https://data.source.coop/smartmaps/japan-geotiff-dem/10/FG-GML-4930-12-dem10b-20161001.tif,1190580,8381a8f9080bc25a32399b28c8853eaf
https://data.source.coop/smartmaps/japan-geotiff-dem/10/FG-GML-4930-13-dem10a-20161001.tif,19248,85b3cac787752d5ca5f67e9659b664f4
https://data.source.coop/smartmaps/japan-geotiff-dem/10/FG-GML-4930-13-dem10b-20161001.tif,15137,e012442b6f9b456696049b85d954609c
https://data.source.coop/smartmaps/japan-geotiff-dem/10/FG-GML-4930-14-dem10b-20161001.tif,231867,8923f6f9751c9e6c464b121cf25a7d15
https://data.source.coop/smartmaps/japan-geotiff-dem/10/FG-GML-4930-15-dem10b-20161001.tif,770248,d72630c0e91ad7ddbddc03395b758d2d
https://data.source.coop/smartmaps/japan-geotiff-dem/10/FG-GML-4930-16-dem10b-20161001.tif,961336,fd34bd27de3609533b067efae977b116
https://data.source.coop/smartmaps/japan-geotiff-dem/10/FG-GML-4930-17-dem10b-20161001.tif,1313563,0be82af4752f5aab049fae143eeb3d8c
https://data.source.coop/smartmaps/japan-geotiff-dem/10/FG-GML-4930-20-dem10b-20161001.tif,1046018,c59d80e9be00c6b1d34e39b137d8c37b
https://data.source.coop/smartmaps/japan-geotiff-dem/10/FG-GML-4930-21-dem10b-20161001.tif,357031,188497b45a5628e25c6524f497bc2a67
https://data.source.coop/smartmaps/japan-geotiff-dem/10/FG-GML-4930-22-dem10b-20161001.tif,412897,d5db7e6f8c8fe4ce4ee5bac5e1283d78
https://data.source.coop/smartmaps/japan-geotiff-dem/10/FG-GML-4930-23-dem10b-20161001.tif,52896,5285d7cb86323235fe41058afe16e5a8
https://data.source.coop/smartmaps/japan-geotiff-dem/10/FG-GML-4930-24-dem10b-20161001.tif,700210,bfbe0f6a97d75ac71afcaaa231898e87
https://data.source.coop/smartmaps/japan-geotiff-dem/10/FG-GML-4930-25-dem10b-20161001.tif,1084128,fee97e7570eb833de251beff6ed13af8
https://data.source.coop/smartmaps/japan-geotiff-dem/10/FG-GML-4930-26-dem10b-20161001.tif,824986,c9a42bf6cc449d47d7f34f93f040c4ef
https://data.source.coop/smartmaps/japan-geotiff-dem/10/FG-GML-4930-27-dem10b-20161001.tif,1191943,2102e25bdcf78a4d412117f5933d35db
https://data.source.coop/smartmaps/japan-geotiff-dem/10/FG-GML-4930-30-dem10b-20161001.tif,1344871,cc28ec7fa461566934eb92ebf42b10b5
https://data.source.coop/smartmaps/japan-geotiff-dem/10/FG-GML-4930-31-dem10b-20161001.tif,846764,d977d71683fda19a8cab04846fcfbc42
https://data.source.coop/smartmaps/japan-geotiff-dem/10/FG-GML-4930-33-dem10b-20161001.tif,613921,c5f6e664ca504526f7aeee7c5fa6d52f
https://data.source.coop/smartmaps/japan-geotiff-dem/10/FG-GML-4930-34-dem10b-20161001.tif,1228566,9b6d9d7cac71e8c977e6d44163ac6065
https://data.source.coop/smartmaps/japan-geotiff-dem/10/FG-GML-4930-35-dem10b-20161001.tif,1076191,9a629d4726f6980c5dafa09900abb7fc
https://data.source.coop/smartmaps/japan-geotiff-dem/10/FG-GML-4930-36-dem10b-20161001.tif,967454,38fc49da3e8ba6961b6627c365b9e2f4
https://data.source.coop/smartmaps/japan-geotiff-dem/10/FG-GML-4930-37-dem10b-20161001.tif,1289120,cea85e0ae5bc65c4574b65dd2f308c7d
https://data.source.coop/smartmaps/japan-geotiff-dem/10/FG-GML-4930-40-dem10b-20161001.tif,1340865,d5be48435cd26ad739ba90dab9b95e33
https://data.source.coop/smartmaps/japan-geotiff-dem/10/FG-GML-4930-41-dem10b-20161001.tif,482794,87e29832c89a166c66dc93154dae8014
https://data.source.coop/smartmaps/japan-geotiff-dem/10/FG-GML-4930-42-dem10b-20161001.tif,1430,44cdc3052fd97a490940a2c940109e7c
https://data.source.coop/smartmaps/japan-geotiff-dem/10/FG-GML-4930-43-dem10b-20161001.tif,691461,01de9fa55535ed3960e048cec5fa7f94
https://data.source.coop/smartmaps/japan-geotiff-dem/10/FG-GML-4930-44-dem10b-20161001.tif,1266388,2003d19c7e2b60659f6b1b5cf627dbf8
https://data.source.coop/smartmaps/japan-geotiff-dem/10/FG-GML-4930-45-dem10b-20161001.tif,1186295,dae16f945d8738ecd0c59edc773e8d5b
https://data.source.coop/smartmaps/japan-geotiff-dem/10/FG-GML-4930-46-dem10b-20161001.tif,1321686,2a56691d7608c43b53dad3bdeaf523a2
https://data.source.coop/smartmaps/japan-geotiff-dem/10/FG-GML-4930-47-dem10b-20161001.tif,1336846,4a6472f564679e7dbd9b612c8005b551
https://data.source.coop/smartmaps/japan-geotiff-dem/10/FG-GML-4930-50-dem10b-20161001.tif,1105063,dd6b7c2891023114c243eba1fb2313e4
https://data.source.coop/smartmaps/japan-geotiff-dem/10/FG-GML-4930-51-dem10b-20161001.tif,122149,ba36d1ed93f8c5b0e67293bd96eb5314
https://data.source.coop/smartmaps/japan-geotiff-dem/10/FG-GML-4930-52-dem10b-20161001.tif,60947,57ff515b69df0de59ab93589c6e3fea2
https://data.source.coop/smartmaps/japan-geotiff-dem/10/FG-GML-4930-53-dem10b-20161001.tif,453450,c5f0389fce8dfdb54bb8496412af1198
https://data.source.coop/smartmaps/japan-geotiff-dem/10/FG-GML-4930-54-dem10b-20161001.tif,1349606,48bb5302c38973ae12f67cb30824ed5f
https://data.source.coop/smartmaps/japan-geotiff-dem/10/FG-GML-4930-55-dem10b-20161001.tif,1366510,f310883734f436ef2961441c7529ae88
https://data.source.coop/smartmaps/japan-geotiff-dem/10/FG-GML-4930-56-dem10b-20161001.tif,1391715,73dcf1177f75d6b2f030a33c6870861c
https://data.source.coop/smartmaps/japan-geotiff-dem/10/FG-GML-4930-57-dem10b-20161001.tif,1380980,7a4ec0466554dd740b3d75792096d14a
https://data.source.coop/smartmaps/japan-geotiff-dem/10/FG-GML-4930-60-dem10b-20161001.tif,1121158,ff7440ac46f50b895b3e209f296b850e
https://data.source.coop/smartmaps/japan-geotiff-dem/10/FG-GML-4930-61-dem10b-20161001.tif,416619,9c0d8a86e26d45cfce97ca06a31471b8
https://data.source.coop/smartmaps/japan-geotiff-dem/10/FG-GML-4930-62-dem10b-20161001.tif,216048,01e85a853009fe95a9f1a756fcda06a6
https://data.source.coop/smartmaps/japan-geotiff-dem/10/FG-GML-4930-63-dem10b-20161001.tif,318953,e10237623dd2d4f52e3bc7620f23322f
https://data.source.coop/smartmaps/japan-geotiff-dem/10/FG-GML-4930-64-dem10b-20161001.tif,1005047,0daac64045f511587134e52a97e8ace8
https://data.source.coop/smartmaps/japan-geotiff-dem/10/FG-GML-4930-65-dem10b-20161001.tif,1327505,1974217db899a60e97db4758b93e9122
https://data.source.coop/smartmaps/japan-geotiff-dem/10/FG-GML-4930-66-dem10b-20161001.tif,1381184,09a36549b15d399a168b4e82043a7bb7
https://data.source.coop/smartmaps/japan-geotiff-dem/10/FG-GML-4930-67-dem10b-20161001.tif,1369955,c551fce3f40c5da2d14cf0d689204c2b
https://data.source.coop/smartmaps/japan-geotiff-dem/10/FG-GML-4930-70-dem10b-20161001.tif,1320495,b853acf50b3e6fcd2e48a782685ee8eb
https://data.source.coop/smartmaps/japan-geotiff-dem/10/FG-GML-4930-71-dem10b-20161001.tif,1031950,9be8e00715c29a3d500474631f2222aa
https://data.source.coop/smartmaps/japan-geotiff-dem/10/FG-GML-4930-72-dem10b-20161001.tif,462049,aed9cfbb8616d6f3417c79a23050c022
https://data.source.coop/smartmaps/japan-geotiff-dem/10/FG-GML-4930-73-dem10b-20161001.tif,391010,10e9f1410e2cbe2d80914fbb381888ab
https://data.source.coop/smartmaps/japan-geotiff-dem/10/FG-GML-4930-74-dem10b-20161001.tif,1072933,48c24fb8251dc20111bd20d248a04934
https://data.source.coop/smartmaps/japan-geotiff-dem/10/FG-GML-4930-75-dem10b-20161001.tif,1301362,d2943fde5d9e9112c8ad3aa15925b2ea
https://data.source.coop/smartmaps/japan-geotiff-dem/10/FG-GML-4930-76-dem10b-20161001.tif,1325284,2c23d8b99dee733ad9e4a76ac2a2f8f3
https://data.source.coop/smartmaps/japan-geotiff-dem/10/FG-GML-4930-77-dem10b-20161001.tif,1273815,93a6a57f835a7606ebc7cda44b584048
https://data.source.coop/smartmaps/japan-geotiff-dem/10/FG-GML-4931-00-dem10b-20161001.tif,1332725,b79976b74c035f204460064acce77f85
https://data.source.coop/smartmaps/japan-geotiff-dem/10/FG-GML-4931-01-dem10b-20161001.tif,1354112,4827c3f23b96b4a7f5e5bbae52198c39
https://data.source.coop/smartmaps/japan-geotiff-dem/10/FG-GML-4931-02-dem10b-20161001.tif,1379270,5f44053286c198023de302668b40a6ae
https://data.source.coop/smartmaps/japan-geotiff-dem/10/FG-GML-4931-03-dem10b-20161001.tif,1401943,f738f32bdf47c9e93b27ec20b250256b
https://data.source.coop/smartmaps/japan-geotiff-dem/10/FG-GML-4931-04-dem10b-20161001.tif,1409423,ffb639fb239fe81ed73c3ce97145a329
https://data.source.coop/smartmaps/japan-geotiff-dem/10/FG-GML-4931-05-dem10b-20161001.tif,1443747,c71c210ae62bcb07c850b534e2909346
https://data.source.coop/smartmaps/japan-geotiff-dem/10/FG-GML-4931-06-dem10b-20161001.tif,1057538,89a09d4566205f5ff613d274ad73fe68
https://data.source.coop/smartmaps/japan-geotiff-dem/10/FG-GML-4931-07-DEM10B-20161001.tif,39796,a17171eed8e26f27d0a45a509fb4d03a
https://data.source.coop/smartmaps/japan-geotiff-dem/10/FG-GML-4931-10-dem10b-20161001.tif,1252931,d14f9a0a86fd681778290f8d52da3ab1
https://data.source.coop/smartmaps/japan-geotiff-dem/10/FG-GML-4931-11-dem10b-20161001.tif,1333893,f5ba6fe9ff6aad63f144a9dd6c98ea8e
https://data.source.coop/smartmaps/japan-geotiff-dem/10/FG-GML-4931-12-dem10b-20161001.tif,1375242,b2d12c61cc02333c03e3915b3a0a8420
https://data.source.coop/smartmaps/japan-geotiff-dem/10/FG-GML-4931-13-dem10b-20161001.tif,1399840,e9b0e6ae2c161e33648daaa24d07ca14
https://data.source.coop/smartmaps/japan-geotiff-dem/10/FG-GML-4931-14-dem10b-20161001.tif,1397212,6d12d748d13fa9a3786899c5a2a61615
https://data.source.coop/smartmaps/japan-geotiff-dem/10/FG-GML-4931-15-dem10b-20161001.tif,1416701,bb902b1ff21f8ef1cb1fc4cccf6faf43
https://data.source.coop/smartmaps/japan-geotiff-dem/10/FG-GML-4931-16-dem10b-20161001.tif,1414750,620f2a846ecd525d37221e51d5db815f
https://data.source.coop/smartmaps/japan-geotiff-dem/10/FG-GML-4931-17-dem10b-20161001.tif,684991,4dfa5efe8434ac7a21bf461a77c0d7a4
https://data.source.coop/smartmaps/japan-geotiff-dem/10/FG-GML-4931-20-dem10a-20161001.tif,197075,d355c8ff070862215c59ff4d2d6c35a4
https://data.source.coop/smartmaps/japan-geotiff-dem/10/FG-GML-4931-20-dem10b-20161001.tif,1317488,4f8ada729ecb7121f0639e67b8f1fe53
https://data.source.coop/smartmaps/japan-geotiff-dem/10/FG-GML-4931-21-dem10b-20161001.tif,1309356,fe14c5fdf1c73f6083a059d344fde435
https://data.source.coop/smartmaps/japan-geotiff-dem/10/FG-GML-4931-22-dem10b-20161001.tif,1345999,3392079911fa2c884928027e032eaa52
https://data.source.coop/smartmaps/japan-geotiff-dem/10/FG-GML-4931-23-dem10b-20161001.tif,1397714,044042ab81725105e6ed83c877936020
https://data.source.coop/smartmaps/japan-geotiff-dem/10/FG-GML-4931-24-dem10b-20161001.tif,1400732,3aba3850670375a96b384854c685a380
https://data.source.coop/smartmaps/japan-geotiff-dem/10/FG-GML-4931-25-dem10b-20161001.tif,1421976,3094de00d14805e2287844c8bf512129
https://data.source.coop/smartmaps/japan-geotiff-dem/10/FG-GML-4931-26-dem10b-20161001.tif,1458044,70f9b91966b9e4719ddd54e1cf8f45ae
https://data.source.coop/smartmaps/japan-geotiff-dem/10/FG-GML-4931-27-dem10b-20161001.tif,1290429,ee89f7c95b7c3fbb37fcefba02f7e331
https://data.source.coop/smartmaps/japan-geotiff-dem/10/FG-GML-4931-30-dem10b-20161001.tif,961619,f02673267d16434cd80b6096240ec147
https://data.source.coop/smartmaps/japan-geotiff-dem/10/FG-GML-4931-31-dem10b-20161001.tif,1230889,71f49c3264db2627f4750a11151e955d
https://data.source.coop/smartmaps/japan-geotiff-dem/10/FG-GML-4931-32-dem10b-20161001.tif,1299180,5dba534aeba4e25fbba54cc6d7af7479
https://data.source.coop/smartmaps/japan-geotiff-dem/10/FG-GML-4931-33-dem10b-20161001.tif,1298115,24f49b77d8a9a0014a9613bd8cb545bc
https://data.source.coop/smartmaps/japan-geotiff-dem/10/FG-GML-4931-34-dem10b-20161001.tif,1315917,e601d0695939604a4a928e83fe640bf6
https://data.source.coop/smartmaps/japan-geotiff-dem/10/FG-GML-4931-35-dem10b-20161001.tif,1420372,39a330a46669307ade0c8d55006e0035
https://data.source.coop/smartmaps/japan-geotiff-dem/10/FG-GML-4931-36-dem10b-20161001.tif,1449702,eee1e46456bbe66d1fa8665e06546ae2
https://data.source.coop/smartmaps/japan-geotiff-dem/10/FG-GML-4931-37-dem10b-20161001.tif,864159,b44be4a86b4af0f061b229f870e16145
https://data.source.coop/smartmaps/japan-geotiff-dem/10/FG-GML-4931-40-dem10b-20161001.tif,1329495,00e3a310ee0642b09abae8c56934b1a9
https://data.source.coop/smartmaps/japan-geotiff-dem/10/FG-GML-4931-41-dem10a-20161001.tif,146963,7ce21d4171796216ec1983b2be54c7de
https://data.source.coop/smartmaps/japan-geotiff-dem/10/FG-GML-4931-41-dem10b-20161001.tif,1318153,234189dcfa31210ce1c80a34f8619ff8
https://data.source.coop/smartmaps/japan-geotiff-dem/10/FG-GML-4931-42-dem10a-20161001.tif,210288,9d6f055381beca58b522e5144e7d765b
https://data.source.coop/smartmaps/japan-geotiff-dem/10/FG-GML-4931-42-dem10b-20161001.tif,1299122,627a13bc149b4ed13b65c94421f6871a
https://data.source.coop/smartmaps/japan-geotiff-dem/10/FG-GML-4931-43-dem10b-20161001.tif,1346232,1a1d935619c5de8b2a286b1189db07c7
https://data.source.coop/smartmaps/japan-geotiff-dem/10/FG-GML-4931-44-dem10b-20161001.tif,1302846,ede615379fce21f52017c4a052e44d9f
https://data.source.coop/smartmaps/japan-geotiff-dem/10/FG-GML-4931-45-dem10b-20161001.tif,1324646,93e9e025ca8180dc9bf202c29bd7fd02
https://data.source.coop/smartmaps/japan-geotiff-dem/10/FG-GML-4931-46-dem10b-20161001.tif,1428311,9efcf1658c1e120293f45e65f7321bbb
https://data.source.coop/smartmaps/japan-geotiff-dem/10/FG-GML-4931-47-dem10b-20161001.tif,801520,4ff337e9ce131ef88cb945a0e5111a49
https://data.source.coop/smartmaps/japan-geotiff-dem/10/FG-GML-4931-50-dem10b-20161001.tif,1334113,8c2af44ce5c816a4cc4cfd9c258200de
https://data.source.coop/smartmaps/japan-geotiff-dem/10/FG-GML-4931-51-dem10a-20161001.tif,325254,0f55e7afd43a957956c8783b223b0764
https://data.source.coop/smartmaps/japan-geotiff-dem/10/FG-GML-4931-51-dem10b-20161001.tif,1324028,152207a08a0db176c7272a446fbfa026
https://data.source.coop/smartmaps/japan-geotiff-dem/10/FG-GML-4931-52-dem10a-20161001.tif,471019,d458bc1e688413611fe50949e9aac6fe
https://data.source.coop/smartmaps/japan-geotiff-dem/10/FG-GML-4931-52-dem10b-20161001.tif,1341270,2e66b8fa0f90fb943c0918d5e1b3344c
https://data.source.coop/smartmaps/japan-geotiff-dem/10/FG-GML-4931-53-dem10b-20161001.tif,1354588,5ceb5fc738420d6075dca51ef1957d99
https://data.source.coop/smartmaps/japan-geotiff-dem/10/FG-GML-4931-54-dem10b-20161001.tif,1417738,5c0d0c27c7eae32427b6e413ab8f919c
https://data.source.coop/smartmaps/japan-geotiff-dem/10/FG-GML-4931-55-dem10b-20161001.tif,1345815,8cbbe672df3d0d93a7698ac535ad667a
https://data.source.coop/smartmaps/japan-geotiff-dem/10/FG-GML-4931-56-dem10b-20161001.tif,1098806,6cea98e9e0a1182cc9633f5f51a54954
https://data.source.coop/smartmaps/japan-geotiff-dem/10/FG-GML-4931-57-dem10b-20161001.tif,146027,833cae57f2d142f967b738a2b93132bc
https://data.source.coop/smartmaps/japan-geotiff-dem/10/FG-GML-4931-60-dem10b-20161001.tif,1308511,bee71a3de5c4f3fef2d9bb62c07ca5a2
https://data.source.coop/smartmaps/japan-geotiff-dem/10/FG-GML-4931-61-dem10b-20161001.tif,1331455,0e84fc36ddcd065c382bee5b4337137b
https://data.source.coop/smartmaps/japan-geotiff-dem/10/FG-GML-4931-62-dem10b-20161001.tif,1325030,edb18910660be69f3039a36c69ef1f07
https://data.source.coop/smartmaps/japan-geotiff-dem/10/FG-GML-4931-63-dem10b-20161001.tif,1310580,c7d31292c86c08fd1c633abb9b0e887b
https://data.source.coop/smartmaps/japan-geotiff-dem/10/FG-GML-4931-64-dem10b-20161001.tif,1103710,d80d8d81906b040afa3fed5ed8f6cca1
https://data.source.coop/smartmaps/japan-geotiff-dem/10/FG-GML-4931-65-dem10b-20161001.tif,1077956,7dfeb86e0753a4e27f73235758e9ee24
https://data.source.coop/smartmaps/japan-geotiff-dem/10/FG-GML-4931-66-dem10b-20161001.tif,1192072,624aa2dc6181e07fab83cfb0eae2e07f
https://data.source.coop/smartmaps/japan-geotiff-dem/10/FG-GML-4931-67-dem10b-20161001.tif,36363,4b165198d0ef53fd4d5c024fca14d037
https://data.source.coop/smartmaps/japan-geotiff-dem/10/FG-GML-4931-70-dem10b-20161001.tif,1337419,44a5b09c5c5d682cc4c66e5e9b07a370
https://data.source.coop/smartmaps/japan-geotiff-dem/10/FG-GML-4931-71-dem10b-20161001.tif,1277371,b7d49693a6dfd5c8ee8ba57cbd992690
https://data.source.coop/smartmaps/japan-geotiff-dem/10/FG-GML-4931-72-dem10a-20161001.tif,93113,6ce22d5e92bae55e57c8a31efd87dd5e
https://data.source.coop/smartmaps/japan-geotiff-dem/10/FG-GML-4931-72-dem10b-20161001.tif,1293714,0b64b7fe5d430df0f11dd8a916cd71b2
https://data.source.coop/smartmaps/japan-geotiff-dem/10/FG-GML-4931-73-dem10a-20161001.tif,1126972,772da62b91e3063a5b9019f4a99a66d9
https://data.source.coop/smartmaps/japan-geotiff-dem/10/FG-GML-4931-73-dem10b-20161001.tif,1290847,679ddc25b834ea352ad2ba773422396a
https://data.source.coop/smartmaps/japan-geotiff-dem/10/FG-GML-4931-74-dem10b-20161001.tif,167911,c9d0afc03ed0c1638e062a76a95552e6
https://data.source.coop/smartmaps/japan-geotiff-dem/10/FG-GML-4931-75-dem10b-20161001.tif,73634,33596e2e3c70f01e553538e493b1a795
https://data.source.coop/smartmaps/japan-geotiff-dem/10/FG-GML-4931-76-dem10b-20161001.tif,27991,57a8716dc30757ce0f103e9e07d819d8
https://data.source.coop/smartmaps/japan-geotiff-dem/10/FG-GML-4931-77-dem10b-20161001.tif,83302,058d30f0bf5b3c5b0862bf2fa2b68da8
https://data.source.coop/smartmaps/japan-geotiff-dem/10/FG-GML-4932-03-dem10b-20161001.tif,12969,893454ec040961c8e33419c151f7ea25
https://data.source.coop/smartmaps/japan-geotiff-dem/10/FG-GML-4932-04-dem10b-20161001.tif,165741,f4e36c3ce24e21879befbd47ad1f1d13
https://data.source.coop/smartmaps/japan-geotiff-dem/10/FG-GML-4932-06-dem10b-20161001.tif,7425,5f975c4e530f782b72977c8d8b66d2a0
https://data.source.coop/smartmaps/japan-geotiff-dem/10/FG-GML-4932-07-dem10b-20161001.tif,107312,7824206ae55004c1755c7153fd6897b8
https://data.source.coop/smartmaps/japan-geotiff-dem/10/FG-GML-4932-10-dem10b-20161001.tif,17197,019b491ff270abd3f5ad186c972347ac
https://data.source.coop/smartmaps/japan-geotiff-dem/10/FG-GML-4932-13-dem10b-20161001.tif,28455,ec39a6a25c71f5301f38767c09429237
https://data.source.coop/smartmaps/japan-geotiff-dem/10/FG-GML-4932-14-dem10b-20161001.tif,16141,0a090d38214a574b29bbecf0bee442ac
https://data.source.coop/smartmaps/japan-geotiff-dem/10/FG-GML-4932-15-dem10b-20161001.tif,798485,78ecdbf12cab414f3ad69f413d4c9c07
https://data.source.coop/smartmaps/japan-geotiff-dem/10/FG-GML-4932-16-dem10b-20161001.tif,1227464,3d3693ad52905c66f95401d8d0babd9d
https://data.source.coop/smartmaps/japan-geotiff-dem/10/FG-GML-4932-17-dem10b-20161001.tif,879647,3a15280fc142194c62c1baffb2e14c56
https://data.source.coop/smartmaps/japan-geotiff-dem/10/FG-GML-4932-20-dem10b-20161001.tif,45249,17ce3f654255eae3f5c0cc06c934ccf7
https://data.source.coop/smartmaps/japan-geotiff-dem/10/FG-GML-4932-23-dem10b-20161001.tif,58545,53a4480e87b8c966ec264f47c52e6622
https://data.source.coop/smartmaps/japan-geotiff-dem/10/FG-GML-4932-24-dem10b-20161001.tif,57015,7fa981f9a872c0bf92dc8f8ca01303b4
https://data.source.coop/smartmaps/japan-geotiff-dem/10/FG-GML-4932-25-dem10b-20161001.tif,774312,0324ef351f7467b92362a305ba465d88
https://data.source.coop/smartmaps/japan-geotiff-dem/10/FG-GML-4932-26-dem10b-20161001.tif,1422179,ac17f7ea043e30b71c82b7c4ab6c256e
https://data.source.coop/smartmaps/japan-geotiff-dem/10/FG-GML-4932-27-dem10b-20161001.tif,1262099,adb22e6b5e6659029a96ec1c899a06a3
https://data.source.coop/smartmaps/japan-geotiff-dem/10/FG-GML-4932-30-dem10b-20161001.tif,223975,88ca547e32f4fd7f83fdd210cd73b350
https://data.source.coop/smartmaps/japan-geotiff-dem/10/FG-GML-4932-33-dem10b-20161001.tif,232077,38340143a027f444ef7a1ac8122ed47c
https://data.source.coop/smartmaps/japan-geotiff-dem/10/FG-GML-4932-34-dem10b-20161001.tif,1090608,08451d71d4aeaab7f7ce0554f6eeb3c6
https://data.source.coop/smartmaps/japan-geotiff-dem/10/FG-GML-4932-35-dem10b-20161001.tif,1381346,2bfc8663dfea6fc8460497b3a731877c
https://data.source.coop/smartmaps/japan-geotiff-dem/10/FG-GML-4932-36-dem10b-20161001.tif,1413615,e1e884a7eb7f5fe0de1acebfd9c7c3ac
https://data.source.coop/smartmaps/japan-geotiff-dem/10/FG-GML-4932-37-dem10b-20161001.tif,1348210,8f324ad418136d3e989a242754d41ba5
https://data.source.coop/smartmaps/japan-geotiff-dem/10/FG-GML-4932-40-dem10b-20161001.tif,26855,690a12b61dd96b6a581253637ee60df4
https://data.source.coop/smartmaps/japan-geotiff-dem/10/FG-GML-4932-41-dem10b-20161001.tif,1458,aa292b6beb1f48783ed0e9e8a76e506d
https://data.source.coop/smartmaps/japan-geotiff-dem/10/FG-GML-4932-43-dem10b-20161001.tif,457372,54bd61193cbf10172afaed375afc8aef
https://data.source.coop/smartmaps/japan-geotiff-dem/10/FG-GML-4932-44-dem10b-20161001.tif,1385490,f054485aa5a0b87dc3be144d2b810f39
https://data.source.coop/smartmaps/japan-geotiff-dem/10/FG-GML-4932-45-dem10b-20161001.tif,1396886,5a3f8f2a1fb951ed591430575eb89f9b
https://data.source.coop/smartmaps/japan-geotiff-dem/10/FG-GML-4932-46-dem10b-20161001.tif,1444258,3154a9cfb2502d43b42bbba0189070d7
https://data.source.coop/smartmaps/japan-geotiff-dem/10/FG-GML-4932-47-dem10b-20161001.tif,1468986,c4e4af77466e9e773f3b71d17a5b043e
https://data.source.coop/smartmaps/japan-geotiff-dem/10/FG-GML-4932-50-dem10b-20161001.tif,21988,356b43a789252c08714a8875cb55bd7a
https://data.source.coop/smartmaps/japan-geotiff-dem/10/FG-GML-4932-52-dem10b-20161001.tif,69261,a34c82c6a192c40f72c46913592a1932
https://data.source.coop/smartmaps/japan-geotiff-dem/10/FG-GML-4932-53-dem10b-20161001.tif,514208,0ea25031830a678e0d3332c1c7afee4d
https://data.source.coop/smartmaps/japan-geotiff-dem/10/FG-GML-4932-54-dem10b-20161001.tif,1415292,4636db481ec23ce15127cb2b8c5ddcd1
https://data.source.coop/smartmaps/japan-geotiff-dem/10/FG-GML-4932-55-dem10b-20161001.tif,1395699,a4460959c3347f34a72f7811f671d055
https://data.source.coop/smartmaps/japan-geotiff-dem/10/FG-GML-4932-56-dem10b-20161001.tif,1448477,8fa30e0d7ae7491e5fd27a640ef85d09
https://data.source.coop/smartmaps/japan-geotiff-dem/10/FG-GML-4932-57-dem10b-20161001.tif,1430680,1a1d6b561ebee7f19b66a9b53b668646
https://data.source.coop/smartmaps/japan-geotiff-dem/10/FG-GML-4932-62-dem10b-20161001.tif,111533,8a2ec182f0c0329996fc90e6be13c2df
https://data.source.coop/smartmaps/japan-geotiff-dem/10/FG-GML-4932-63-dem10b-20161001.tif,292893,eecdac0e4f86a61ba141686e431463bb
https://data.source.coop/smartmaps/japan-geotiff-dem/10/FG-GML-4932-64-dem10b-20161001.tif,1290549,ec9a26b8c7747d893cf79735e544484d
https://data.source.coop/smartmaps/japan-geotiff-dem/10/FG-GML-4932-65-dem10b-20161001.tif,1384667,70627a7c77032c8e75c3d7f44f84ae9b
https://data.source.coop/smartmaps/japan-geotiff-dem/10/FG-GML-4932-66-dem10b-20161001.tif,1446031,31ffa29dc2598e79a3d9292dfca51d90
https://data.source.coop/smartmaps/japan-geotiff-dem/10/FG-GML-4932-67-dem10b-20161001.tif,1415615,2371cf5901774d25191223ea34838eec
https://data.source.coop/smartmaps/japan-geotiff-dem/10/FG-GML-4932-72-dem10b-20161001.tif,12392,fad291f11b5b170f5949874dd7260890
https://data.source.coop/smartmaps/japan-geotiff-dem/10/FG-GML-4932-73-dem10b-20161001.tif,459145,a2566addcc216e8d25e1b77c3a10ae32
https://data.source.coop/smartmaps/japan-geotiff-dem/10/FG-GML-4932-74-dem10b-20161001.tif,1322297,4a1f5ba3829fc515b608501b28f28c64
https://data.source.coop/smartmaps/japan-geotiff-dem/10/FG-GML-4932-75-dem10b-20161001.tif,1361357,41da4f0b9f0c9342791f070771142636
https://data.source.coop/smartmaps/japan-geotiff-dem/10/FG-GML-4932-76-dem10b-20161001.tif,1421950,202cfaf85476cbce386cb68042b89905
https://data.source.coop/smartmaps/japan-geotiff-dem/10/FG-GML-4932-77-dem10b-20161001.tif,1424602,a086a8efa31ac5976e5d0d740b589ddc
https://data.source.coop/smartmaps/japan-geotiff-dem/10/FG-GML-4933-00-dem10b-20161001.tif,84702,deba1192ef21dc9b6c11f6806e6ad17e
https://data.source.coop/smartmaps/japan-geotiff-dem/10/FG-GML-4933-10-dem10b-20161001.tif,63881,49377fa6e3445e32224ba4297da509eb
https://data.source.coop/smartmaps/japan-geotiff-dem/10/FG-GML-4933-20-dem10b-20161001.tif,52704,44416e28987a6d6d40ee5c46c173568b
https://data.source.coop/smartmaps/japan-geotiff-dem/10/FG-GML-4933-30-dem10b-20161001.tif,24726,c3d881080457d13d35046cbc6d851841
https://data.source.coop/smartmaps/japan-geotiff-dem/10/FG-GML-4933-40-dem10b-20161001.tif,790449,cca6e5d7ad37dee54ca343fbaaf81a59
https://data.source.coop/smartmaps/japan-geotiff-dem/10/FG-GML-4933-50-dem10b-20161001.tif,1424224,9bc9245044124b81e0a534432162c3d6
https://data.source.coop/smartmaps/japan-geotiff-dem/10/FG-GML-4933-51-dem10b-20161001.tif,433459,f33dd031604034fe30e124160068a8e2
https://data.source.coop/smartmaps/japan-geotiff-dem/10/FG-GML-4933-60-dem10b-20161001.tif,1372018,278e5930f9f0679c0d21dae7a2cbe7e3
https://data.source.coop/smartmaps/japan-geotiff-dem/10/FG-GML-4933-61-dem10b-20161001.tif,1188307,587a3cc7fe77beeb9317ac4d4179e452
https://data.source.coop/smartmaps/japan-geotiff-dem/10/FG-GML-4933-62-dem10b-20161001.tif,14928,db00981f049c1e47bec635a0f6f99b4c
https://data.source.coop/smartmaps/japan-geotiff-dem/10/FG-GML-4933-70-dem10b-20161001.tif,1403055,faf355588024db02ea9c3e9912248723
https://data.source.coop/smartmaps/japan-geotiff-dem/10/FG-GML-4933-71-dem10b-20161001.tif,1376617,1fc7e5e9349cd47c03b2f3e171d3afbf
https://data.source.coop/smartmaps/japan-geotiff-dem/10/FG-GML-4933-72-dem10b-20161001.tif,60894,def9702c217db4b3cd22d059a850388e
https://data.source.coop/smartmaps/japan-geotiff-dem/10/FG-GML-4934-61-dem10b-20161001.tif,12035,a3517d7c1c6cd0c3ae26b26897623a38
https://data.source.coop/smartmaps/japan-geotiff-dem/10/FG-GML-4934-70-dem10b-20161001.tif,116622,94d3c2a584dc6ba79bc2ae0a97f913a2
https://data.source.coop/smartmaps/japan-geotiff-dem/10/FG-GML-4934-71-dem10b-20161001.tif,574131,c7c1a65ac23fc4591dea2249ef86bd89
https://data.source.coop/smartmaps/japan-geotiff-dem/10/FG-GML-4939-46-dem10b-20161001.tif,217195,052c6aaeb1d2c226c6c293ec484c2943
https://data.source.coop/smartmaps/japan-geotiff-dem/10/FG-GML-4939-55-dem10b-20161001.tif,110502,b805f009cd7e842e98e8984ebfe74402
https://data.source.coop/smartmaps/japan-geotiff-dem/10/FG-GML-4939-56-dem10b-20161001.tif,662260,2389d8056bfa98e540a08895fd3c3f10
https://data.source.coop/smartmaps/japan-geotiff-dem/10/FG-GML-5029-03-dem10b-20161001.tif,389765,aa84bd6f7a9803927d99d21563dbcb6e
https://data.source.coop/smartmaps/japan-geotiff-dem/10/FG-GML-5029-04-dem10b-20161001.tif,708934,4930a7e8a479d65a2b161f677f9c684e
https://data.source.coop/smartmaps/japan-geotiff-dem/10/FG-GML-5029-05-dem10b-20161001.tif,563144,400534765c248cc4b851b7f3a80ace99
https://data.source.coop/smartmaps/japan-geotiff-dem/10/FG-GML-5029-06-dem10b-20161001.tif,765277,10b2c30ecfdc9ccb3ddd6a02b0eb0cbc
https://data.source.coop/smartmaps/japan-geotiff-dem/10/FG-GML-5029-07-dem10b-20161001.tif,1309024,ccf2407dd90510c9d8ea63f1d6b6b61c
https://data.source.coop/smartmaps/japan-geotiff-dem/10/FG-GML-5029-13-dem10b-20161001.tif,43800,8fbffd4362840df6f89fe57407a1b107
https://data.source.coop/smartmaps/japan-geotiff-dem/10/FG-GML-5029-14-dem10b-20161001.tif,262108,c5424b99de3e06398b84d8247e16459d
https://data.source.coop/smartmaps/japan-geotiff-dem/10/FG-GML-5029-15-dem10b-20161001.tif,90390,04eaae266fea1b84dee9cb21eea39740
https://data.source.coop/smartmaps/japan-geotiff-dem/10/FG-GML-5029-16-dem10b-20161001.tif,825529,628f8f79382413a67bde261b3dbfc4cb
https://data.source.coop/smartmaps/japan-geotiff-dem/10/FG-GML-5029-17-dem10b-20161001.tif,1003439,aa203ac860fd15ed496d887067cb0012
https://data.source.coop/smartmaps/japan-geotiff-dem/10/FG-GML-5029-24-dem10b-20161001.tif,26324,f44009bda6f82b50dfbe9d17ae3ad8d2
https://data.source.coop/smartmaps/japan-geotiff-dem/10/FG-GML-5029-25-dem10b-20161001.tif,18351,d142306925e835784a6ff24e560dc7cf
https://data.source.coop/smartmaps/japan-geotiff-dem/10/FG-GML-5029-26-dem10b-20161001.tif,268510,524217e9965137cd0b305eedb9375e59
https://data.source.coop/smartmaps/japan-geotiff-dem/10/FG-GML-5029-27-dem10b-20161001.tif,499574,5fa7b3b95bfeac61a6a45aaba55a8ef9
https://data.source.coop/smartmaps/japan-geotiff-dem/10/FG-GML-5029-34-dem10b-20161001.tif,8102,9f11ec1dcb4f847eadce175b1a0faeb6
https://data.source.coop/smartmaps/japan-geotiff-dem/10/FG-GML-5029-36-dem10b-20161001.tif,66201,bd2987b22eda074d63d1728a54b1ed47
https://data.source.coop/smartmaps/japan-geotiff-dem/10/FG-GML-5029-37-dem10b-20161001.tif,17038,c04ec1c3bb0626830b44de9b8d7ff317
https://data.source.coop/smartmaps/japan-geotiff-dem/10/FG-GML-5029-44-dem10b-20161001.tif,2393,5f0742eb8a45f8a563b95be1c347c4c8
https://data.source.coop/smartmaps/japan-geotiff-dem/10/FG-GML-5029-45-dem10b-20161001.tif,329590,5add5b1c0ddd4b8629db23da3cfc6ce7
https://data.source.coop/smartmaps/japan-geotiff-dem/10/FG-GML-5029-46-dem10b-20161001.tif,66641,158db5e3c0b503735a1b6d5bf418a16d
https://data.source.coop/smartmaps/japan-geotiff-dem/10/FG-GML-5029-47-dem10b-20161001.tif,1992,ffa6ddebbf5d4aa174fc3ca903890fa5
https://data.source.coop/smartmaps/japan-geotiff-dem/10/FG-GML-5029-55-dem10b-20161001.tif,948712,b13a98c541d38f72057b5cdeea5b9dbd
https://data.source.coop/smartmaps/japan-geotiff-dem/10/FG-GML-5029-56-dem10b-20161001.tif,282261,042d83569e8447fb777510c3fe97d833
https://data.source.coop/smartmaps/japan-geotiff-dem/10/FG-GML-5029-65-dem10b-20161001.tif,231700,4b0a56815009041735a75e06f917dcb0
https://data.source.coop/smartmaps/japan-geotiff-dem/10/FG-GML-5029-66-dem10b-20161001.tif,38415,40fc53dcc6492d7bd977534b229f708b
https://data.source.coop/smartmaps/japan-geotiff-dem/10/FG-GML-5030-00-dem10b-20161001.tif,1369865,84c5bc041d992d8b5a19860bb4c05135
https://data.source.coop/smartmaps/japan-geotiff-dem/10/FG-GML-5030-01-dem10b-20161001.tif,1363003,b2804b79bd4e18b78eeee3409c341a17
https://data.source.coop/smartmaps/japan-geotiff-dem/10/FG-GML-5030-02-dem10b-20161001.tif,1373778,77c7ccaa7563583f6b3b7839f36920a9
https://data.source.coop/smartmaps/japan-geotiff-dem/10/FG-GML-5030-03-dem10b-20161001.tif,1232484,e524e63529a710b936722b4ab8392c2e
https://data.source.coop/smartmaps/japan-geotiff-dem/10/FG-GML-5030-04-dem10b-20161001.tif,538865,f0e48eaf9730407ca63bd6230b8fb5b6
https://data.source.coop/smartmaps/japan-geotiff-dem/10/FG-GML-5030-05-dem10b-20161001.tif,594416,fe0730cd6847320708a661aea8c4fcb7
https://data.source.coop/smartmaps/japan-geotiff-dem/10/FG-GML-5030-06-dem10b-20161001.tif,1212245,6c214c27b4151776a76ac5e2db4dc0cc
https://data.source.coop/smartmaps/japan-geotiff-dem/10/FG-GML-5030-07-dem10b-20161001.tif,1311685,073e5371b2ce07a15766d74da08ff98b
https://data.source.coop/smartmaps/japan-geotiff-dem/10/FG-GML-5030-10-dem10b-20161001.tif,1035274,3733b7b9228da650134be80f54e81ef6
https://data.source.coop/smartmaps/japan-geotiff-dem/10/FG-GML-5030-11-dem10b-20161001.tif,1350360,f5e254fe1e160f89cea546bc55fea352
https://data.source.coop/smartmaps/japan-geotiff-dem/10/FG-GML-5030-12-dem10b-20161001.tif,1349785,a5e4c99010a7f486b1d746b0c2ab8716
https://data.source.coop/smartmaps/japan-geotiff-dem/10/FG-GML-5030-13-dem10b-20161001.tif,1359772,515c3e201266163f53092328cc874f9a
https://data.source.coop/smartmaps/japan-geotiff-dem/10/FG-GML-5030-14-dem10b-20161001.tif,1018793,bb6195de5fad5f3ef6e7fc4650b4b410
https://data.source.coop/smartmaps/japan-geotiff-dem/10/FG-GML-5030-15-dem10b-20161001.tif,1271588,1b752e58664ca2c63a73407a50ea9ccc
https://data.source.coop/smartmaps/japan-geotiff-dem/10/FG-GML-5030-16-dem10b-20161001.tif,1397906,891831855c7d9d5f12333f5216a3b261
https://data.source.coop/smartmaps/japan-geotiff-dem/10/FG-GML-5030-17-dem10b-20161001.tif,1393349,2975698aad8e8ebc5d184d42b6d5d87d
https://data.source.coop/smartmaps/japan-geotiff-dem/10/FG-GML-5030-20-dem10b-20161001.tif,169420,9b8e6e6630538b809c0bf94bd32513ef
https://data.source.coop/smartmaps/japan-geotiff-dem/10/FG-GML-5030-21-dem10b-20161001.tif,1004132,be296fd0fb8cd87a2af7e8adf7adb5b2
https://data.source.coop/smartmaps/japan-geotiff-dem/10/FG-GML-5030-22-dem10b-20161001.tif,1138086,888dddc513091fddf4ce06a1776c56da
https://data.source.coop/smartmaps/japan-geotiff-dem/10/FG-GML-5030-23-dem10b-20161001.tif,989027,543247c6c15d4fb6d14130e74e38026c
https://data.source.coop/smartmaps/japan-geotiff-dem/10/FG-GML-5030-24-dem10b-20161001.tif,1285831,cce3eb3a3923004b9820403efd4bfaf2
https://data.source.coop/smartmaps/japan-geotiff-dem/10/FG-GML-5030-25-dem10b-20161001.tif,1229287,1fed93efb14253dab4b917a309841508
https://data.source.coop/smartmaps/japan-geotiff-dem/10/FG-GML-5030-26-dem10b-20161001.tif,1309278,b96f69d943e74a8ff42a88c9f9e3761f
https://data.source.coop/smartmaps/japan-geotiff-dem/10/FG-GML-5030-27-dem10b-20161001.tif,1367703,cfaf8b0fc6fbff8df91a3a6734877098
https://data.source.coop/smartmaps/japan-geotiff-dem/10/FG-GML-5030-30-DEM10B-20200409.tif,36379,508538199cd8f9b721c70ca303e47b65
https://data.source.coop/smartmaps/japan-geotiff-dem/10/FG-GML-5030-31-dem10b-20161001.tif,680228,0af6606c9bb4fbe147aed304aea9543a
https://data.source.coop/smartmaps/japan-geotiff-dem/10/FG-GML-5030-32-dem10b-20161001.tif,267502,670608b6e5690ff4ba19a2ca1b71094c
https://data.source.coop/smartmaps/japan-geotiff-dem/10/FG-GML-5030-33-dem10b-20161001.tif,663794,83570b092063bc21bc6766c6b22035bd
https://data.source.coop/smartmaps/japan-geotiff-dem/10/FG-GML-5030-34-dem10b-20161001.tif,1333820,39689b55dfbc4301eac3ee3913e90357
https://data.source.coop/smartmaps/japan-geotiff-dem/10/FG-GML-5030-35-dem10b-20161001.tif,1126556,d74d294f7e040bccf236f5c88f85982b
https://data.source.coop/smartmaps/japan-geotiff-dem/10/FG-GML-5030-36-dem10b-20161001.tif,1162119,3c9cc31c477bef61fbbd06ad82017714
https://data.source.coop/smartmaps/japan-geotiff-dem/10/FG-GML-5030-37-dem10b-20161001.tif,1279916,d87c368417283d95644c7ab6f5c9f25c
https://data.source.coop/smartmaps/japan-geotiff-dem/10/FG-GML-5030-41-DEM10B-20161001.tif,26972,3e2cfbec2f76580f3dfbb1cb7174106d
https://data.source.coop/smartmaps/japan-geotiff-dem/10/FG-GML-5030-42-dem10b-20161001.tif,81051,625aac43306e38f908d30e7291129aa9
https://data.source.coop/smartmaps/japan-geotiff-dem/10/FG-GML-5030-43-dem10b-20161001.tif,708770,85bf004a232a02fab863c27fd3eaf948
https://data.source.coop/smartmaps/japan-geotiff-dem/10/FG-GML-5030-44-dem10b-20161001.tif,1341146,8f313e5cebf21da4c656a9eea2a582d2
https://data.source.coop/smartmaps/japan-geotiff-dem/10/FG-GML-5030-45-dem10b-20161001.tif,1230700,99caa5ae5f8e06323542de42b1a0fcb5
https://data.source.coop/smartmaps/japan-geotiff-dem/10/FG-GML-5030-46-dem10b-20161001.tif,1285489,0a00b1558f85494d2be011482047ed02
https://data.source.coop/smartmaps/japan-geotiff-dem/10/FG-GML-5030-47-dem10b-20161001.tif,1026683,8c849fafcc1e1745c4116eb6ca191127
https://data.source.coop/smartmaps/japan-geotiff-dem/10/FG-GML-5030-52-dem10b-20161001.tif,22865,92498454e8723ebbad4d4467f71c8c83
https://data.source.coop/smartmaps/japan-geotiff-dem/10/FG-GML-5030-53-dem10b-20161001.tif,361459,49258c449dbf1df3b7cbf68fa72fd0c2
https://data.source.coop/smartmaps/japan-geotiff-dem/10/FG-GML-5030-54-dem10b-20161001.tif,1237697,f2d9f1ebcedcc47c5f4fc00745f6712a
https://data.source.coop/smartmaps/japan-geotiff-dem/10/FG-GML-5030-55-dem10b-20161001.tif,1089373,b9ee5a4513bc728bb0a5a3ff125a1e10
https://data.source.coop/smartmaps/japan-geotiff-dem/10/FG-GML-5030-56-dem10b-20161001.tif,1349567,095728d12e3a3991ca77b6b2136c9252
https://data.source.coop/smartmaps/japan-geotiff-dem/10/FG-GML-5030-57-dem10b-20161001.tif,1092702,0f9c2b2a8473573833cae69da2a314a3
https://data.source.coop/smartmaps/japan-geotiff-dem/10/FG-GML-5030-60-dem10b-20161001.tif,12647,e0a4adf36e8ab5ec02c1f81c74c16208
https://data.source.coop/smartmaps/japan-geotiff-dem/10/FG-GML-5030-63-dem10b-20161001.tif,207160,4bb0ffa8c947da7d5ef38426b69cda40
https://data.source.coop/smartmaps/japan-geotiff-dem/10/FG-GML-5030-64-dem10b-20161001.tif,733728,b16b9768030ef85f91829571e9ea2624
https://data.source.coop/smartmaps/japan-geotiff-dem/10/FG-GML-5030-65-dem10b-20161001.tif,968202,473853705bb92f1bf342067a14a94c47
https://data.source.coop/smartmaps/japan-geotiff-dem/10/FG-GML-5030-66-dem10b-20161001.tif,1053794,c77e26c04d89952cd7b9ed4a9bde1e86
https://data.source.coop/smartmaps/japan-geotiff-dem/10/FG-GML-5030-67-dem10b-20161001.tif,993042,6cdec7f2512bfc4facbf0701e554503e
https://data.source.coop/smartmaps/japan-geotiff-dem/10/FG-GML-5030-73-dem10b-20161001.tif,1271,b6aea70ffea344a04ab28f496496ea16
https://data.source.coop/smartmaps/japan-geotiff-dem/10/FG-GML-5030-75-dem10b-20161001.tif,172880,934719fe865bf15d0d3a668b94abcab0
https://data.source.coop/smartmaps/japan-geotiff-dem/10/FG-GML-5030-76-dem10b-20161001.tif,173040,b3c31856c8d4ac2ae83cd8d4c93c8338
https://data.source.coop/smartmaps/japan-geotiff-dem/10/FG-GML-5030-77-dem10b-20161001.tif,884867,ec154078ad4e8d64f8890a0695a71a24
https://data.source.coop/smartmaps/japan-geotiff-dem/10/FG-GML-5031-00-dem10b-20161001.tif,1357892,cb8bc0cf52be042231b48d33975b3734
https://data.source.coop/smartmaps/japan-geotiff-dem/10/FG-GML-5031-01-dem10b-20161001.tif,1381822,9f36d10544672209d6dbc3ce4b84b7cf
https://data.source.coop/smartmaps/japan-geotiff-dem/10/FG-GML-5031-02-dem10b-20161001.tif,1338444,ef8fba647591065e0bcd27e6848464ee
https://data.source.coop/smartmaps/japan-geotiff-dem/10/FG-GML-5031-03-dem10b-20161001.tif,1299423,65b701f9e01085cedccf64b7ab5bc379
https://data.source.coop/smartmaps/japan-geotiff-dem/10/FG-GML-5031-04-dem10b-20161001.tif,861211,534b15c35ba3f73d1627d540d8b874e7
https://data.source.coop/smartmaps/japan-geotiff-dem/10/FG-GML-5031-05-dem10b-20161001.tif,138481,eac92675924bb64dd358d217bf84a896
https://data.source.coop/smartmaps/japan-geotiff-dem/10/FG-GML-5031-10-dem10b-20161001.tif,1388705,2032da48e56e40978c2384c195beac9a
https://data.source.coop/smartmaps/japan-geotiff-dem/10/FG-GML-5031-11-dem10b-20161001.tif,1401581,f8bf61eca0ae188953d699a9abbbb7d5
https://data.source.coop/smartmaps/japan-geotiff-dem/10/FG-GML-5031-12-dem10b-20161001.tif,1356144,40c8d01021c44028e98c57b6ef6448af
https://data.source.coop/smartmaps/japan-geotiff-dem/10/FG-GML-5031-13-dem10b-20161001.tif,1322108,f4b3ee54b43cdc44a557b3a259e73e5f
https://data.source.coop/smartmaps/japan-geotiff-dem/10/FG-GML-5031-14-dem10b-20161001.tif,1296783,7dd82cbcbfac3dfb51811bd48b0af9f9
https://data.source.coop/smartmaps/japan-geotiff-dem/10/FG-GML-5031-15-dem10b-20161001.tif,986510,75ea3c0dd389b50ded8a0b75b87d6a70
https://data.source.coop/smartmaps/japan-geotiff-dem/10/FG-GML-5031-20-dem10b-20161001.tif,1342092,0418aa386ff4dd94662058c1fa606e40
https://data.source.coop/smartmaps/japan-geotiff-dem/10/FG-GML-5031-21-dem10b-20161001.tif,1149605,8b5f538544fe162ab0a0cd2a6cb63f17
https://data.source.coop/smartmaps/japan-geotiff-dem/10/FG-GML-5031-22-dem10b-20161001.tif,890349,dede8fdadbcb0d7bf9d69ac5b41d85ae
https://data.source.coop/smartmaps/japan-geotiff-dem/10/FG-GML-5031-23-dem10b-20161001.tif,1083489,4d11bcb0ba9ad711914fb0ee32a35ac9
https://data.source.coop/smartmaps/japan-geotiff-dem/10/FG-GML-5031-24-dem10b-20161001.tif,1308013,ac5114df8fc58175b7230d905235f96f
https://data.source.coop/smartmaps/japan-geotiff-dem/10/FG-GML-5031-25-dem10b-20161001.tif,1116730,2e90d16a6d08ffcaad7a773522ed60bb
https://data.source.coop/smartmaps/japan-geotiff-dem/10/FG-GML-5031-30-dem10b-20161001.tif,973867,9f253c32f64b90aeeaca742b64521070
https://data.source.coop/smartmaps/japan-geotiff-dem/10/FG-GML-5031-31-dem10b-20161001.tif,305758,b1645c03b0b20f6e77ad331c3df4f90b
https://data.source.coop/smartmaps/japan-geotiff-dem/10/FG-GML-5031-32-dem10b-20161001.tif,27500,052a0e74392604db6e698507d5169834
https://data.source.coop/smartmaps/japan-geotiff-dem/10/FG-GML-5031-33-dem10b-20161001.tif,302029,f1bf0dd5fa9158d2e83432779b02f2be
https://data.source.coop/smartmaps/japan-geotiff-dem/10/FG-GML-5031-34-dem10b-20161001.tif,1367332,6f51666fd139dd8cc3f855d3f3b93e65
https://data.source.coop/smartmaps/japan-geotiff-dem/10/FG-GML-5031-35-dem10b-20161001.tif,764267,ce8a851223845b1ab3a566c149abb2cf
https://data.source.coop/smartmaps/japan-geotiff-dem/10/FG-GML-5031-40-dem10b-20161001.tif,279650,e3ef146f7fc52e3a40a745c1bdd30eb4
https://data.source.coop/smartmaps/japan-geotiff-dem/10/FG-GML-5031-43-dem10b-20161001.tif,2792,a3f254ca99122bf426366f6edd78759c
https://data.source.coop/smartmaps/japan-geotiff-dem/10/FG-GML-5031-44-dem10b-20161001.tif,249032,da9a298705ba3799cb0b448efe94f254
https://data.source.coop/smartmaps/japan-geotiff-dem/10/FG-GML-5031-45-dem10b-20161001.tif,149509,6aa38dfe3dbded17f0e327480b096a5b
https://data.source.coop/smartmaps/japan-geotiff-dem/10/FG-GML-5031-50-dem10b-20161001.tif,39085,29d8f9b08ab651b742993c403720c57a
https://data.source.coop/smartmaps/japan-geotiff-dem/10/FG-GML-5031-57-dem10b-20161001.tif,130119,259ebbb6f850e6ad4a80194b4d2ab0f5
https://data.source.coop/smartmaps/japan-geotiff-dem/10/FG-GML-5031-60-dem10b-20161001.tif,29369,9eac3f599f2e5bc83b42fe99247bde15
https://data.source.coop/smartmaps/japan-geotiff-dem/10/FG-GML-5031-67-dem10b-20161001.tif,6955,ef4e995b1c6b91bc25b585faae517865
https://data.source.coop/smartmaps/japan-geotiff-dem/10/FG-GML-5031-70-dem10b-20161001.tif,116963,0c0741ca55a6cc4df06354ebaa98b7a0
https://data.source.coop/smartmaps/japan-geotiff-dem/10/FG-GML-5031-71-dem10b-20161001.tif,486365,d96bdf35d8c10005a7775e194d674c0e
https://data.source.coop/smartmaps/japan-geotiff-dem/10/FG-GML-5031-72-dem10b-20161001.tif,653221,56b35331936d690e74eec1a8409171f7
https://data.source.coop/smartmaps/japan-geotiff-dem/10/FG-GML-5031-73-dem10b-20161001.tif,81269,0adabf69f31619349f798ef16818e18f
https://data.source.coop/smartmaps/japan-geotiff-dem/10/FG-GML-5031-74-dem10b-20161001.tif,52285,81488b13cde0ed2d619e97e33f595f16
https://data.source.coop/smartmaps/japan-geotiff-dem/10/FG-GML-5031-75-dem10b-20161001.tif,56984,700687ef3c05053c5afe31e42f1f0563
https://data.source.coop/smartmaps/japan-geotiff-dem/10/FG-GML-5031-76-dem10b-20161001.tif,360374,8de5eb2b3324c53561c8aec017c81eef
https://data.source.coop/smartmaps/japan-geotiff-dem/10/FG-GML-5031-77-dem10b-20161001.tif,767781,6718b49e957ef051b2a7f08adad54e66
https://data.source.coop/smartmaps/japan-geotiff-dem/10/FG-GML-5032-00-dem10b-20161001.tif,301799,59edc9d7b97ab6f7e70f56af668857f7
https://data.source.coop/smartmaps/japan-geotiff-dem/10/FG-GML-5032-01-dem10b-20161001.tif,247437,ee9a84f951fa1f9c556f9a5fb0617496
https://data.source.coop/smartmaps/japan-geotiff-dem/10/FG-GML-5032-02-dem10b-20161001.tif,40034,c537c7ea4f248e580eb525aa04c59089
https://data.source.coop/smartmaps/japan-geotiff-dem/10/FG-GML-5032-03-dem10b-20161001.tif,1149237,69453a17f78bfaa9b992db90acf75014
https://data.source.coop/smartmaps/japan-geotiff-dem/10/FG-GML-5032-04-dem10b-20161001.tif,1304257,eb986d39568e857ef5867cf330d94884
https://data.source.coop/smartmaps/japan-geotiff-dem/10/FG-GML-5032-05-dem10b-20161001.tif,1352983,5086b61beb106fcd7bf98a25570b9d9a
https://data.source.coop/smartmaps/japan-geotiff-dem/10/FG-GML-5032-06-dem10b-20161001.tif,1386835,8d6bdccd09491a28db316a68cdab4629
https://data.source.coop/smartmaps/japan-geotiff-dem/10/FG-GML-5032-07-dem10b-20161001.tif,1412448,dbaa35026e2e3bc3e188e510edda57b2
https://data.source.coop/smartmaps/japan-geotiff-dem/10/FG-GML-5032-10-dem10b-20161001.tif,5542,1c1aa733bfacb4573d51d5adb8bde5e3
https://data.source.coop/smartmaps/japan-geotiff-dem/10/FG-GML-5032-11-dem10b-20161001.tif,380868,1e2a17840262659404aad67d6378c9fe
https://data.source.coop/smartmaps/japan-geotiff-dem/10/FG-GML-5032-12-dem10b-20161001.tif,458161,734416d55d85e4ca9423a98b723adafb
https://data.source.coop/smartmaps/japan-geotiff-dem/10/FG-GML-5032-13-dem10b-20161001.tif,1238892,17700dce9bc9baf481ce46aedea70df3
https://data.source.coop/smartmaps/japan-geotiff-dem/10/FG-GML-5032-14-dem10b-20161001.tif,1376152,ea392f8523084d7a12b2e26d03fb0cd7
https://data.source.coop/smartmaps/japan-geotiff-dem/10/FG-GML-5032-15-dem10b-20161001.tif,1393134,be8efb0bb15531c717cefa6f601a6862
https://data.source.coop/smartmaps/japan-geotiff-dem/10/FG-GML-5032-16-dem10b-20161001.tif,1379010,248d0ec75ed8d37c833d53f11080b6f6
https://data.source.coop/smartmaps/japan-geotiff-dem/10/FG-GML-5032-17-dem10b-20161001.tif,1383252,a1502840f4f5109be35c215bf9261819
https://data.source.coop/smartmaps/japan-geotiff-dem/10/FG-GML-5032-22-dem10b-20161001.tif,86220,5d2909137ddfcabd9b5225a892dc5a7c
https://data.source.coop/smartmaps/japan-geotiff-dem/10/FG-GML-5032-23-dem10b-20161001.tif,1070392,ad207b60ea6d28e96353275bedbe6e54
https://data.source.coop/smartmaps/japan-geotiff-dem/10/FG-GML-5032-24-dem10b-20161001.tif,1343614,b5d0a4a3e73d6f8030bc24f283fb2a0d
https://data.source.coop/smartmaps/japan-geotiff-dem/10/FG-GML-5032-25-dem10b-20161001.tif,1374502,282e53a24358dd46a31f7e8d74d4cf1a
https://data.source.coop/smartmaps/japan-geotiff-dem/10/FG-GML-5032-26-dem10b-20161001.tif,1386351,a52c54374235f3999cb94a28b68255cb
https://data.source.coop/smartmaps/japan-geotiff-dem/10/FG-GML-5032-27-dem10b-20161001.tif,1396754,8bc85a81e0800ee6916ad311fb99fc6f
https://data.source.coop/smartmaps/japan-geotiff-dem/10/FG-GML-5032-33-dem10b-20161001.tif,185195,1dc5efbb5800c674d5adf2bae54c54a6
https://data.source.coop/smartmaps/japan-geotiff-dem/10/FG-GML-5032-34-dem10b-20161001.tif,1116244,aa8b8c9397bfcb4511cafe9f4d711472
https://data.source.coop/smartmaps/japan-geotiff-dem/10/FG-GML-5032-35-dem10b-20161001.tif,1387604,ce37fccea2d257b0ed8098ebb04868b2
https://data.source.coop/smartmaps/japan-geotiff-dem/10/FG-GML-5032-36-dem10b-20161001.tif,1379512,1429419a27d421fc21833f18edaff698
https://data.source.coop/smartmaps/japan-geotiff-dem/10/FG-GML-5032-37-dem10b-20161001.tif,1351817,34b73de9682cde1f59378dd353ba4505
https://data.source.coop/smartmaps/japan-geotiff-dem/10/FG-GML-5032-40-dem10b-20161001.tif,6464,ceca1d534ff791ac3897470a413cc22c
https://data.source.coop/smartmaps/japan-geotiff-dem/10/FG-GML-5032-41-dem10b-20161001.tif,69902,6d15be63c72a16661d717afbfac2fa2a
https://data.source.coop/smartmaps/japan-geotiff-dem/10/FG-GML-5032-43-DEM10B-20181114.tif,10219,3227f0ecaa689846c57c71d6bda66404
https://data.source.coop/smartmaps/japan-geotiff-dem/10/FG-GML-5032-44-dem10b-20161001.tif,26559,646e6e0a7e8689ac388fb725ae0faf50
https://data.source.coop/smartmaps/japan-geotiff-dem/10/FG-GML-5032-45-dem10b-20161001.tif,1074503,5afb3ba0a1b8c38cffafec293cc77a02
https://data.source.coop/smartmaps/japan-geotiff-dem/10/FG-GML-5032-46-dem10b-20161001.tif,1382325,c0bdafe8e50b8c23ccc9b1a8c440bb9e
https://data.source.coop/smartmaps/japan-geotiff-dem/10/FG-GML-5032-47-dem10b-20161001.tif,1362570,dba2b5ad2243a434750aef74aab61cbc
https://data.source.coop/smartmaps/japan-geotiff-dem/10/FG-GML-5032-50-dem10b-20161001.tif,172419,cd64924f66db0b2cc25723e7aaf007a4
https://data.source.coop/smartmaps/japan-geotiff-dem/10/FG-GML-5032-51-dem10b-20161001.tif,231587,b8779ddf559f10798cf77b642123e761
https://data.source.coop/smartmaps/japan-geotiff-dem/10/FG-GML-5032-52-dem10b-20161001.tif,57121,0a129c9060a856fa98935cfe1468c736
https://data.source.coop/smartmaps/japan-geotiff-dem/10/FG-GML-5032-53-dem10b-20161001.tif,20101,17147bb3bfb91a6d6c5754636df0d7c3
https://data.source.coop/smartmaps/japan-geotiff-dem/10/FG-GML-5032-55-dem10b-20161001.tif,270175,0b59d89de54dca7d720f076a7e340014
https://data.source.coop/smartmaps/japan-geotiff-dem/10/FG-GML-5032-56-dem10b-20161001.tif,961435,7b9f468f3d1d82962b1c620be2930235
https://data.source.coop/smartmaps/japan-geotiff-dem/10/FG-GML-5032-57-dem10b-20161001.tif,1335350,c29d9bf228a3a866368519c2ee4243f2
https://data.source.coop/smartmaps/japan-geotiff-dem/10/FG-GML-5032-60-dem10b-20161001.tif,533382,f45d3dc9b1f584e5d1764cca87b34c37
https://data.source.coop/smartmaps/japan-geotiff-dem/10/FG-GML-5032-61-dem10b-20161001.tif,624183,39f21d9654b96ec3503d939653f7c277
https://data.source.coop/smartmaps/japan-geotiff-dem/10/FG-GML-5032-62-dem10b-20161001.tif,585777,d05ddfa3dc7561d95cd7a20cae600533
https://data.source.coop/smartmaps/japan-geotiff-dem/10/FG-GML-5032-63-dem10b-20161001.tif,21444,fc0e2a80985c224e5b017f7a6dd28a67
https://data.source.coop/smartmaps/japan-geotiff-dem/10/FG-GML-5032-64-dem10b-20161001.tif,19381,c0d761e82b4add8fe506a2038f599f34
https://data.source.coop/smartmaps/japan-geotiff-dem/10/FG-GML-5032-65-dem10b-20161001.tif,463556,2917eb2bbf79cb430062af27eff5de6b
https://data.source.coop/smartmaps/japan-geotiff-dem/10/FG-GML-5032-66-dem10b-20161001.tif,1285198,e2ef0dc28bc5616af93705b2fbd3c38d
https://data.source.coop/smartmaps/japan-geotiff-dem/10/FG-GML-5032-67-dem10b-20161001.tif,1407833,a1dc96fc9fa8bedaefa1af9dd8e9b6fc
https://data.source.coop/smartmaps/japan-geotiff-dem/10/FG-GML-5032-70-dem10b-20161001.tif,1252114,8b0478da89a50f104ae01c1db449b464
https://data.source.coop/smartmaps/japan-geotiff-dem/10/FG-GML-5032-71-dem10b-20161001.tif,834402,e5b33d57ff9f2624de9b76d199589a9e
https://data.source.coop/smartmaps/japan-geotiff-dem/10/FG-GML-5032-72-dem10b-20161001.tif,328732,6838264907263762cfcca0b52ac195dd
https://data.source.coop/smartmaps/japan-geotiff-dem/10/FG-GML-5032-73-dem10b-20161001.tif,282291,170f7454e3ded68a41ed0b2daa56ae3d
https://data.source.coop/smartmaps/japan-geotiff-dem/10/FG-GML-5032-74-dem10b-20161001.tif,372329,042473ef22ab7225a66e262ec9d49992
https://data.source.coop/smartmaps/japan-geotiff-dem/10/FG-GML-5032-75-dem10b-20161001.tif,214155,5b2451782521909425039824088e03c7
https://data.source.coop/smartmaps/japan-geotiff-dem/10/FG-GML-5032-76-dem10b-20161001.tif,1158649,ca0f2d4b071b7a73133ec43abac1c578
https://data.source.coop/smartmaps/japan-geotiff-dem/10/FG-GML-5032-77-dem10b-20161001.tif,1360580,046ae6a5dd38e15474fc93df3befee91
https://data.source.coop/smartmaps/japan-geotiff-dem/10/FG-GML-5033-00-dem10b-20161001.tif,1419433,662cbec26869982b753ccbd08e58ec87
https://data.source.coop/smartmaps/japan-geotiff-dem/10/FG-GML-5033-01-dem10b-20161001.tif,1452205,3e59dee9bbd6b54f0949284bd259bde4
https://data.source.coop/smartmaps/japan-geotiff-dem/10/FG-GML-5033-02-dem10b-20161001.tif,659668,cf1bc313022099e0b6232ae470af23d8
https://data.source.coop/smartmaps/japan-geotiff-dem/10/FG-GML-5033-03-dem10b-20161001.tif,109679,f8ea9ed5e22fca757dcc7a2e71512bcc
https://data.source.coop/smartmaps/japan-geotiff-dem/10/FG-GML-5033-10-dem10b-20161001.tif,1390954,fc11996dd7953a03d677f4050dc4c521
https://data.source.coop/smartmaps/japan-geotiff-dem/10/FG-GML-5033-11-dem10b-20161001.tif,1437352,83b3cba6e13d58c347a42c57ac1f1c7c
https://data.source.coop/smartmaps/japan-geotiff-dem/10/FG-GML-5033-12-dem10b-20161001.tif,1379493,be6733947b35dd3f7708c75cd8673c5c
https://data.source.coop/smartmaps/japan-geotiff-dem/10/FG-GML-5033-13-dem10b-20161001.tif,985813,97974b93238929ebdd971cfa5e81086e
https://data.source.coop/smartmaps/japan-geotiff-dem/10/FG-GML-5033-14-dem10b-20161001.tif,153134,92a4cfd5d525ad9e9563aaedb2f3ab63
https://data.source.coop/smartmaps/japan-geotiff-dem/10/FG-GML-5033-17-dem10b-20161001.tif,544634,bfb3f307c7d7b0dbe696afbe6728208c
https://data.source.coop/smartmaps/japan-geotiff-dem/10/FG-GML-5033-20-dem10b-20161001.tif,1374750,4afd6488ef0c43d8ec1dee699dedfb69
https://data.source.coop/smartmaps/japan-geotiff-dem/10/FG-GML-5033-21-dem10b-20161001.tif,1427583,44b25acaf86e53e4e709711ccc9e8256
https://data.source.coop/smartmaps/japan-geotiff-dem/10/FG-GML-5033-22-dem10b-20161001.tif,1369074,3b5936e2bcd671914e734859cf5ac0ef
https://data.source.coop/smartmaps/japan-geotiff-dem/10/FG-GML-5033-23-dem10b-20161001.tif,1301085,c0d001798357f27c4f1c5a9cb65dce37
https://data.source.coop/smartmaps/japan-geotiff-dem/10/FG-GML-5033-24-dem10b-20161001.tif,943936,79c77863762c11c1c9cce427bd94b45a
https://data.source.coop/smartmaps/japan-geotiff-dem/10/FG-GML-5033-25-dem10b-20161001.tif,493001,38572dfdf0d0238b49f58dc5c9793ede
https://data.source.coop/smartmaps/japan-geotiff-dem/10/FG-GML-5033-26-dem10b-20161001.tif,1213423,9aa60856c20238a76168c6d284813890
https://data.source.coop/smartmaps/japan-geotiff-dem/10/FG-GML-5033-27-dem10b-20161001.tif,1417945,296247d26e6f8a0b40c8015280634a54
https://data.source.coop/smartmaps/japan-geotiff-dem/10/FG-GML-5033-30-dem10b-20161001.tif,1372040,6e332c777012af0d1e6ff9ef164e003a
https://data.source.coop/smartmaps/japan-geotiff-dem/10/FG-GML-5033-31-dem10b-20161001.tif,1409131,0600c7d6ab9c9f5386f3109836415787
https://data.source.coop/smartmaps/japan-geotiff-dem/10/FG-GML-5033-32-dem10b-20161001.tif,1446341,bb0850cc0a6bb222f68c9f24614bcc0a
https://data.source.coop/smartmaps/japan-geotiff-dem/10/FG-GML-5033-33-dem10b-20161001.tif,1408222,b6d7cb206ef5e6eecca2fe0073321d11
https://data.source.coop/smartmaps/japan-geotiff-dem/10/FG-GML-5033-34-dem10b-20161001.tif,1398244,873759fa12a8c42900196aeeccfed99c
https://data.source.coop/smartmaps/japan-geotiff-dem/10/FG-GML-5033-35-dem10b-20161001.tif,1222035,6ff7925f34864e8b2ef8b0b19243c9cd
https://data.source.coop/smartmaps/japan-geotiff-dem/10/FG-GML-5033-36-dem10b-20161001.tif,1430508,f76603281f0f580150ed4fbbd175b009
https://data.source.coop/smartmaps/japan-geotiff-dem/10/FG-GML-5033-37-dem10b-20161001.tif,1446848,58405ed4345d3b152c24819faaae76e2
https://data.source.coop/smartmaps/japan-geotiff-dem/10/FG-GML-5033-40-dem10b-20161001.tif,1374066,fa5be665ec177e3182c6c71810c3daca
https://data.source.coop/smartmaps/japan-geotiff-dem/10/FG-GML-5033-41-dem10b-20161001.tif,1404301,a1b9f38f5bd7cce5c5488c0d1992a79c
https://data.source.coop/smartmaps/japan-geotiff-dem/10/FG-GML-5033-42-dem10b-20161001.tif,1379321,3f13bb5ad0fc7718c8cb8312ef5fc2c7
https://data.source.coop/smartmaps/japan-geotiff-dem/10/FG-GML-5033-43-dem10b-20161001.tif,1380157,20af2d244201a5717ccdcbc55d4934c2
https://data.source.coop/smartmaps/japan-geotiff-dem/10/FG-GML-5033-44-dem10b-20161001.tif,1345753,45f43a8117ad5369615317376701b4de
https://data.source.coop/smartmaps/japan-geotiff-dem/10/FG-GML-5033-45-dem10b-20161001.tif,1366470,7d3ebb9267e31e26d47360de69aaeb41
https://data.source.coop/smartmaps/japan-geotiff-dem/10/FG-GML-5033-46-dem10b-20161001.tif,1395747,f5286dd4e648d7dde7ab6c152dcdb1b2
https://data.source.coop/smartmaps/japan-geotiff-dem/10/FG-GML-5033-47-dem10b-20161001.tif,1404457,ffae3b07b1f93d289e3f31e2edc19777
https://data.source.coop/smartmaps/japan-geotiff-dem/10/FG-GML-5033-50-dem10b-20161001.tif,1412404,b16cd275d3ac6f3b119b7191b324de3b
https://data.source.coop/smartmaps/japan-geotiff-dem/10/FG-GML-5033-51-dem10b-20161001.tif,1407994,f955aaadd7846c1c1851a0e05b0d4f2c
https://data.source.coop/smartmaps/japan-geotiff-dem/10/FG-GML-5033-52-dem10b-20161001.tif,1388213,482322624bbe3ee6a2f28623af6fdbc3
https://data.source.coop/smartmaps/japan-geotiff-dem/10/FG-GML-5033-53-dem10b-20161001.tif,1388159,69925fe6fdaca7ee8c76c69d1555f1a0
https://data.source.coop/smartmaps/japan-geotiff-dem/10/FG-GML-5033-54-dem10b-20161001.tif,1348200,753c97f7979c56d2674ce8bc91675ce9
https://data.source.coop/smartmaps/japan-geotiff-dem/10/FG-GML-5033-55-dem10b-20161001.tif,1371258,314e93e307e0df24c00120a229c0c497
https://data.source.coop/smartmaps/japan-geotiff-dem/10/FG-GML-5033-56-dem10b-20161001.tif,1379993,d4c527ac0dc98750227bb870a1338ab1
https://data.source.coop/smartmaps/japan-geotiff-dem/10/FG-GML-5033-57-dem10b-20161001.tif,1395696,84636b69e285537c5426e3969c91a87d
https://data.source.coop/smartmaps/japan-geotiff-dem/10/FG-GML-5033-60-dem10b-20161001.tif,1180382,f4f41361497786feaaf9290762ac7ea2
https://data.source.coop/smartmaps/japan-geotiff-dem/10/FG-GML-5033-61-dem10b-20161001.tif,1244113,d6f3fd25c63b47a681f5a541fff726de
https://data.source.coop/smartmaps/japan-geotiff-dem/10/FG-GML-5033-62-dem10b-20161001.tif,1416432,da0bce5bf9236df9401ed098f9e6317c
https://data.source.coop/smartmaps/japan-geotiff-dem/10/FG-GML-5033-63-dem10b-20161001.tif,1381807,00ba482d0ff77014bdcd598fc3e7e75f
https://data.source.coop/smartmaps/japan-geotiff-dem/10/FG-GML-5033-64-dem10b-20161001.tif,1409747,c7c7f10463eedf2177a11c0596eb1770
https://data.source.coop/smartmaps/japan-geotiff-dem/10/FG-GML-5033-65-dem10b-20161001.tif,1398969,4dd9e3b76cde32de0b79894e85aed966
https://data.source.coop/smartmaps/japan-geotiff-dem/10/FG-GML-5033-66-dem10b-20161001.tif,1411643,8c61b71b2a1f99a8ea5d25112396e595
https://data.source.coop/smartmaps/japan-geotiff-dem/10/FG-GML-5033-67-dem10b-20161001.tif,1381172,5d62087919ef94f90f7c7744f699d141
https://data.source.coop/smartmaps/japan-geotiff-dem/10/FG-GML-5033-70-dem10b-20161001.tif,720907,bce59fe6e19b643e55f1e3455089ddd7
https://data.source.coop/smartmaps/japan-geotiff-dem/10/FG-GML-5033-71-dem10b-20161001.tif,259206,dd429bdca1d02e9e28fe67277011d54c
https://data.source.coop/smartmaps/japan-geotiff-dem/10/FG-GML-5033-72-dem10b-20161001.tif,894514,c1e865cb0b1c3fc4a040e6840e8aae6d
https://data.source.coop/smartmaps/japan-geotiff-dem/10/FG-GML-5033-73-dem10b-20161001.tif,989110,1037791cab708ed03a9defb8812ac26f
https://data.source.coop/smartmaps/japan-geotiff-dem/10/FG-GML-5033-74-dem10b-20161001.tif,1194350,98f1b386a617e2057290bb8f649c5e19
https://data.source.coop/smartmaps/japan-geotiff-dem/10/FG-GML-5033-75-dem10b-20161001.tif,1390092,4d63e1ede26b2ee933e7ae8d7f426889
https://data.source.coop/smartmaps/japan-geotiff-dem/10/FG-GML-5033-76-dem10b-20161001.tif,1416927,19c07046f0d868e7a82cf69e8b99d87f
https://data.source.coop/smartmaps/japan-geotiff-dem/10/FG-GML-5033-77-dem10b-20161001.tif,1387486,da609950bb24b685b4f2d5d3c733c395
https://data.source.coop/smartmaps/japan-geotiff-dem/10/FG-GML-5034-00-dem10b-20161001.tif,887400,5e1fd8c5da9c4f873ca69bfc10941073
https://data.source.coop/smartmaps/japan-geotiff-dem/10/FG-GML-5034-01-dem10b-20161001.tif,962296,7b69fdd925be29b929f426ff5b905465
https://data.source.coop/smartmaps/japan-geotiff-dem/10/FG-GML-5034-10-dem10b-20161001.tif,1387941,4fdb5392e48c8d11d28567cadca71cf1
https://data.source.coop/smartmaps/japan-geotiff-dem/10/FG-GML-5034-11-dem10b-20161001.tif,1328671,5413966b87651109cea1492e6a8831b3
https://data.source.coop/smartmaps/japan-geotiff-dem/10/FG-GML-5034-12-dem10b-20161001.tif,45267,394212690d8990edcf79f665562b5d34
https://data.source.coop/smartmaps/japan-geotiff-dem/10/FG-GML-5034-20-dem10b-20161001.tif,1409686,992a26170b472be432ee316a42af396f
https://data.source.coop/smartmaps/japan-geotiff-dem/10/FG-GML-5034-21-dem10b-20161001.tif,1419355,f0ba5ece0878a37028cc10d8daeed002
https://data.source.coop/smartmaps/japan-geotiff-dem/10/FG-GML-5034-22-dem10b-20161001.tif,611526,e5a066d4cc4649471310905e8153e2ab
https://data.source.coop/smartmaps/japan-geotiff-dem/10/FG-GML-5034-30-dem10b-20161001.tif,1398748,08e167ff6d82d0d586e4e6059f330c5c
https://data.source.coop/smartmaps/japan-geotiff-dem/10/FG-GML-5034-31-dem10b-20161001.tif,1405202,4f2315ce78c464fa9ea65c79462e4f21
https://data.source.coop/smartmaps/japan-geotiff-dem/10/FG-GML-5034-32-dem10b-20161001.tif,1378520,8b3653b4d303d719c424b7474a2ace30
https://data.source.coop/smartmaps/japan-geotiff-dem/10/FG-GML-5034-33-dem10b-20161001.tif,196420,ccf506a3f9cd822f2fc00d42c21f2e82
https://data.source.coop/smartmaps/japan-geotiff-dem/10/FG-GML-5034-34-dem10b-20161001.tif,6035,1e8d1ba610fcf29324350537f7f13d11
https://data.source.coop/smartmaps/japan-geotiff-dem/10/FG-GML-5034-40-dem10b-20161001.tif,1402187,0f919210a255d6cca6e6b1939f48d276
https://data.source.coop/smartmaps/japan-geotiff-dem/10/FG-GML-5034-41-dem10b-20161001.tif,1396151,23e74c939fd485fb1538c601b176a2ee
https://data.source.coop/smartmaps/japan-geotiff-dem/10/FG-GML-5034-42-dem10b-20161001.tif,1437711,4131ed149e931b42fb5f63ad596c2871
https://data.source.coop/smartmaps/japan-geotiff-dem/10/FG-GML-5034-43-dem10b-20161001.tif,1317350,e3530aabac661ec746e9fc044c871cf2
https://data.source.coop/smartmaps/japan-geotiff-dem/10/FG-GML-5034-44-dem10b-20161001.tif,334869,9def6b4f45be3fd69824813094d06723
https://data.source.coop/smartmaps/japan-geotiff-dem/10/FG-GML-5034-50-dem10b-20161001.tif,1410419,fe69c9435c6c5337a0c7e82afc6806c1
https://data.source.coop/smartmaps/japan-geotiff-dem/10/FG-GML-5034-51-dem10b-20161001.tif,1419353,c8719dc93d3630f62084b1a5c197fb86
https://data.source.coop/smartmaps/japan-geotiff-dem/10/FG-GML-5034-52-dem10b-20161001.tif,1407704,420808a0384e84606fb6fb9a1d4eafe2
https://data.source.coop/smartmaps/japan-geotiff-dem/10/FG-GML-5034-53-dem10b-20161001.tif,1408357,2effd5fa98fa3d10559ec8e6b24c4aef
https://data.source.coop/smartmaps/japan-geotiff-dem/10/FG-GML-5034-54-dem10b-20161001.tif,1283018,366ac380d7b1d349d96f9cfc62013687
https://data.source.coop/smartmaps/japan-geotiff-dem/10/FG-GML-5034-55-dem10b-20161001.tif,470655,01d9ea8cdcb176ed8eddab9b1ea854bf
https://data.source.coop/smartmaps/japan-geotiff-dem/10/FG-GML-5034-56-dem10b-20161001.tif,1650,70d21a37c4fc348d6260b3fe6f82909b
https://data.source.coop/smartmaps/japan-geotiff-dem/10/FG-GML-5034-60-dem10b-20161001.tif,1388974,9d53174c54498799024419af99545473
https://data.source.coop/smartmaps/japan-geotiff-dem/10/FG-GML-5034-61-dem10b-20161001.tif,1411157,dc21dfb6c3af2158bf6e6fdf25389b3b
https://data.source.coop/smartmaps/japan-geotiff-dem/10/FG-GML-5034-62-dem10b-20161001.tif,1405678,f0f7b05555fc04806db93b1e301f92ef
https://data.source.coop/smartmaps/japan-geotiff-dem/10/FG-GML-5034-63-dem10b-20161001.tif,1398230,37c3a10c7f52f661801902b1a4f80972
https://data.source.coop/smartmaps/japan-geotiff-dem/10/FG-GML-5034-64-dem10b-20161001.tif,1369745,375978b38b179bf74cdf1bff941d49ea
https://data.source.coop/smartmaps/japan-geotiff-dem/10/FG-GML-5034-65-dem10b-20161001.tif,598866,06ec0be7d77b24b804922e13606d22e0
https://data.source.coop/smartmaps/japan-geotiff-dem/10/FG-GML-5034-66-dem10b-20161001.tif,41247,a9c21f248e998f15929eaa65f8fef76d
https://data.source.coop/smartmaps/japan-geotiff-dem/10/FG-GML-5034-70-dem10b-20161001.tif,1406436,9c08ff61cffbcee1dbca99b10311c68b
https://data.source.coop/smartmaps/japan-geotiff-dem/10/FG-GML-5034-71-dem10b-20161001.tif,1415614,33b4536d315ee40a16157ac4b83442d0
https://data.source.coop/smartmaps/japan-geotiff-dem/10/FG-GML-5034-72-dem10b-20161001.tif,1378538,459c2ea3e9a30f8f293be047bd17736f
https://data.source.coop/smartmaps/japan-geotiff-dem/10/FG-GML-5034-73-dem10b-20161001.tif,1376075,872bb9b60f4e711885a2381e627d401d
https://data.source.coop/smartmaps/japan-geotiff-dem/10/FG-GML-5034-74-dem10b-20161001.tif,1169828,dbc839519b4d2d95339b85b13de113f3
https://data.source.coop/smartmaps/japan-geotiff-dem/10/FG-GML-5034-75-dem10b-20161001.tif,185360,3d2e32f27486cc8d994bd255b6bb568c
https://data.source.coop/smartmaps/japan-geotiff-dem/10/FG-GML-5035-14-dem10b-20161001.tif,3987,bebf4b19eea8abacde1d3e9d8db3baac
https://data.source.coop/smartmaps/japan-geotiff-dem/10/FG-GML-5035-15-dem10b-20161001.tif,222050,99abc0c82acaa304e9944d5d9b761b2f
https://data.source.coop/smartmaps/japan-geotiff-dem/10/FG-GML-5035-16-dem10b-20161001.tif,432987,7dbf259c108dfb6a3e0773ca738f6439
https://data.source.coop/smartmaps/japan-geotiff-dem/10/FG-GML-5035-23-dem10b-20161001.tif,375788,bebab09aabf2eb57955d32febfd89e12
https://data.source.coop/smartmaps/japan-geotiff-dem/10/FG-GML-5035-24-dem10b-20161001.tif,1208405,f6122c4bfdce2edc7db4bf69e888c7fe
https://data.source.coop/smartmaps/japan-geotiff-dem/10/FG-GML-5035-25-dem10b-20161001.tif,1482504,ecd0f389628cb14078c388569b71012d
https://data.source.coop/smartmaps/japan-geotiff-dem/10/FG-GML-5035-26-dem10b-20161001.tif,1345656,981fd7b57cb6d96dd154fcf83be58f42
https://data.source.coop/smartmaps/japan-geotiff-dem/10/FG-GML-5035-27-dem10b-20161001.tif,306372,9c217364d270318ae57a4b476c12ea5d
https://data.source.coop/smartmaps/japan-geotiff-dem/10/FG-GML-5035-32-dem10b-20161001.tif,63081,4f13e3e93edd79f53f24afbf1ef8f574
https://data.source.coop/smartmaps/japan-geotiff-dem/10/FG-GML-5035-33-dem10b-20161001.tif,1312298,25ed30e61171186175d87d77ee99aad5
https://data.source.coop/smartmaps/japan-geotiff-dem/10/FG-GML-5035-34-dem10b-20161001.tif,1409053,5b4949e5a3c92cc8f36c9a211ee1f9ff
https://data.source.coop/smartmaps/japan-geotiff-dem/10/FG-GML-5035-35-dem10b-20161001.tif,1426231,273aa5f1bf3823aa46c29bf35d740722
https://data.source.coop/smartmaps/japan-geotiff-dem/10/FG-GML-5035-36-dem10b-20161001.tif,1483835,37789a430c996bdebc86750ede88a396
https://data.source.coop/smartmaps/japan-geotiff-dem/10/FG-GML-5035-37-dem10b-20161001.tif,919312,cc247010d2d07079ab040e39dfd334a4
https://data.source.coop/smartmaps/japan-geotiff-dem/10/FG-GML-5035-42-dem10b-20161001.tif,230344,d9de508c0586318233d80b7c8828ff15
https://data.source.coop/smartmaps/japan-geotiff-dem/10/FG-GML-5035-43-dem10b-20161001.tif,1326874,44b385218c022bafb0072ffefab10ace
https://data.source.coop/smartmaps/japan-geotiff-dem/10/FG-GML-5035-44-dem10b-20161001.tif,1419713,4747c42d70af8369e5c67f2c4cf63361
https://data.source.coop/smartmaps/japan-geotiff-dem/10/FG-GML-5035-45-dem10b-20161001.tif,1404930,3fd5045615fec4460d478dac12bfc772
https://data.source.coop/smartmaps/japan-geotiff-dem/10/FG-GML-5035-46-dem10b-20161001.tif,1452936,02793616c8778138c3475c3c1d81cf6b
https://data.source.coop/smartmaps/japan-geotiff-dem/10/FG-GML-5035-47-dem10b-20161001.tif,1370692,6883616d7e5048583c1cb57185bd4c0d
https://data.source.coop/smartmaps/japan-geotiff-dem/10/FG-GML-5035-51-dem10b-20161001.tif,288272,e908b61c8651caaa960edf01b3a8a759
https://data.source.coop/smartmaps/japan-geotiff-dem/10/FG-GML-5035-52-dem10b-20161001.tif,1170186,bba920b4e18458c75c5fa05b23147d9e
https://data.source.coop/smartmaps/japan-geotiff-dem/10/FG-GML-5035-53-dem10b-20161001.tif,1406034,60528cc353bccfc34392608210db7caf
https://data.source.coop/smartmaps/japan-geotiff-dem/10/FG-GML-5035-54-dem10b-20161001.tif,1405047,d922d7205be256a400e410bd7439a2f9
https://data.source.coop/smartmaps/japan-geotiff-dem/10/FG-GML-5035-55-dem10b-20161001.tif,1438706,3f30094f6859f2b4d7c9635c6660abf4
https://data.source.coop/smartmaps/japan-geotiff-dem/10/FG-GML-5035-56-dem10b-20161001.tif,1456026,616db79dbf74ddf93a88cf37f4d2b28e
https://data.source.coop/smartmaps/japan-geotiff-dem/10/FG-GML-5035-57-dem10b-20161001.tif,1460473,1f4112d77665bd640cd3b28ac6618fa3
https://data.source.coop/smartmaps/japan-geotiff-dem/10/FG-GML-5035-60-dem10b-20161001.tif,245453,7c45426aee7087b18a78cee7f42380bb
https://data.source.coop/smartmaps/japan-geotiff-dem/10/FG-GML-5035-61-dem10b-20161001.tif,1047423,3dd9ac5d5cb6e82457095bf49aa78b88
https://data.source.coop/smartmaps/japan-geotiff-dem/10/FG-GML-5035-62-dem10b-20161001.tif,1455380,1cd771250539e441ba356b441528476c
https://data.source.coop/smartmaps/japan-geotiff-dem/10/FG-GML-5035-63-dem10b-20161001.tif,1411266,7e437e0aa9d501554ca805a105d3e2a1
https://data.source.coop/smartmaps/japan-geotiff-dem/10/FG-GML-5035-64-dem10b-20161001.tif,1416962,ced49e174f8a5f0f2478f9ac5de336a5
https://data.source.coop/smartmaps/japan-geotiff-dem/10/FG-GML-5035-65-dem10b-20161001.tif,1419169,5acfde100e2c0e32b208e57546535baa
https://data.source.coop/smartmaps/japan-geotiff-dem/10/FG-GML-5035-66-dem10b-20161001.tif,1428165,d6c326ea80894b9b3911245f7c288a5f
https://data.source.coop/smartmaps/japan-geotiff-dem/10/FG-GML-5035-67-dem10b-20161001.tif,1450765,72e5aafa5b9db57691b8c1ec5362abd5
https://data.source.coop/smartmaps/japan-geotiff-dem/10/FG-GML-5035-70-dem10b-20161001.tif,486839,2e267ee5854168b572233d8e4d0bdf3e
https://data.source.coop/smartmaps/japan-geotiff-dem/10/FG-GML-5035-71-dem10b-20161001.tif,1398878,749fce67b0e4ee0d35cdf22627165a7c
https://data.source.coop/smartmaps/japan-geotiff-dem/10/FG-GML-5035-72-dem10b-20161001.tif,1424550,0f4448ef45f9e5913c45097b5edf0025
https://data.source.coop/smartmaps/japan-geotiff-dem/10/FG-GML-5035-73-dem10b-20161001.tif,1421747,d32cec1f1bf1e340ee5c2a2c75705949
https://data.source.coop/smartmaps/japan-geotiff-dem/10/FG-GML-5035-74-dem10b-20161001.tif,1404235,b3b704af71116050ddd1f6fe2e591a07
https://data.source.coop/smartmaps/japan-geotiff-dem/10/FG-GML-5035-75-dem10b-20161001.tif,1431364,4dfa655b5217ca28cde55a0cd62e3230
https://data.source.coop/smartmaps/japan-geotiff-dem/10/FG-GML-5035-76-dem10b-20161001.tif,1439703,581af09ec9b3cdfae2f5703c3fc565bb
https://data.source.coop/smartmaps/japan-geotiff-dem/10/FG-GML-5035-77-dem10b-20161001.tif,1441723,d65ff1ae0e6e550d935bd4bf67f9d339
https://data.source.coop/smartmaps/japan-geotiff-dem/10/FG-GML-5036-40-dem10b-20161001.tif,73779,ff7d0191db21ab51d9a58692226344a6
https://data.source.coop/smartmaps/japan-geotiff-dem/10/FG-GML-5036-50-dem10b-20161001.tif,480680,b38b92eb7671cd283c12edbd2cd1c324
https://data.source.coop/smartmaps/japan-geotiff-dem/10/FG-GML-5036-60-dem10b-20161001.tif,1076085,c63a1a233f93a692adcacf4ac50bf812
https://data.source.coop/smartmaps/japan-geotiff-dem/10/FG-GML-5036-61-dem10b-20161001.tif,97065,5856907cb0c2195b01145dbff79c9afb
https://data.source.coop/smartmaps/japan-geotiff-dem/10/FG-GML-5036-70-dem10b-20161001.tif,1394569,982492077555e0f753d009fae0cd9395
https://data.source.coop/smartmaps/japan-geotiff-dem/10/FG-GML-5036-71-dem10b-20161001.tif,1075641,032e475c8fd15decbffa36b6791ca201
https://data.source.coop/smartmaps/japan-geotiff-dem/10/FG-GML-5036-72-dem10b-20161001.tif,100085,7d34fac356c0987a9fc0fa94ddf51fa0
https://data.source.coop/smartmaps/japan-geotiff-dem/10/FG-GML-5038-76-dem10b-20161001.tif,1796,8847b30102ae26047d9abc8e88ddaa6c
https://data.source.coop/smartmaps/japan-geotiff-dem/10/FG-GML-5039-32-dem10b-20161001.tif,1642,314c79c137d51763e58d044108e9c1b5
https://data.source.coop/smartmaps/japan-geotiff-dem/10/FG-GML-5039-64-dem10b-20161001.tif,297094,69f1c6cb092f703a8c21efdb6387ddaf
https://data.source.coop/smartmaps/japan-geotiff-dem/10/FG-GML-5039-65-dem10b-20161001.tif,22218,cf4338932cc1c6075645bb362b9516c6
https://data.source.coop/smartmaps/japan-geotiff-dem/10/FG-GML-5129-11-DEM10B-20161001.tif,690898,75a06652cdf51455d4869dc0290c7db3
https://data.source.coop/smartmaps/japan-geotiff-dem/10/FG-GML-5129-12-DEM10B-20161001.tif,216281,4d0a919680d1990db32de655803d074b
https://data.source.coop/smartmaps/japan-geotiff-dem/10/FG-GML-5129-21-DEM10B-20161001.tif,827854,2eb497e1ad36e027b06f647ca40dcfdf
https://data.source.coop/smartmaps/japan-geotiff-dem/10/FG-GML-5129-22-DEM10B-20161001.tif,647607,64a703215b0facce39aba139e652dcb4
https://data.source.coop/smartmaps/japan-geotiff-dem/10/FG-GML-5129-31-DEM10B-20161001.tif,558494,890279068ec782aaf46beee996d23fb2
https://data.source.coop/smartmaps/japan-geotiff-dem/10/FG-GML-5129-32-DEM10B-20161001.tif,1060616,4a3f85e6abd051df7549243b808bc1b4
https://data.source.coop/smartmaps/japan-geotiff-dem/10/FG-GML-5129-33-DEM10B-20161001.tif,85762,fa8086d67169ce010b9fe736a712b95d
https://data.source.coop/smartmaps/japan-geotiff-dem/10/FG-GML-5129-41-DEM10B-20161001.tif,47922,e7bef3c1870bd232437291f033be193f
https://data.source.coop/smartmaps/japan-geotiff-dem/10/FG-GML-5129-42-DEM10B-20161001.tif,1088048,d1490bf7eb261b585485f8b9182b46e2
https://data.source.coop/smartmaps/japan-geotiff-dem/10/FG-GML-5129-43-DEM10B-20161001.tif,220965,3ee06ee839e1f2bfa5f2b1c77f68ef7e
https://data.source.coop/smartmaps/japan-geotiff-dem/10/FG-GML-5129-52-DEM10B-20161001.tif,1185213,e95d9bc4dc3f18c1cb8c834de6f0a78e
https://data.source.coop/smartmaps/japan-geotiff-dem/10/FG-GML-5129-53-DEM10B-20161001.tif,221102,f5c1feb63b2bba0702ae6e97d28cab5e
https://data.source.coop/smartmaps/japan-geotiff-dem/10/FG-GML-5129-62-DEM10B-20161001.tif,884784,e0203cae6faeca0c3f0a249744cb4aa6
https://data.source.coop/smartmaps/japan-geotiff-dem/10/FG-GML-5129-63-DEM10B-20161001.tif,1033514,d7ef2a686e70728fd4e5deef7dbf5b4f
https://data.source.coop/smartmaps/japan-geotiff-dem/10/FG-GML-5129-72-DEM10B-20161001.tif,615460,505c01bcb02a99829e7d0acefe7a3780
https://data.source.coop/smartmaps/japan-geotiff-dem/10/FG-GML-5129-73-DEM10B-20161001.tif,1216621,8738bd93edc2b027924b526b2a3686f2
https://data.source.coop/smartmaps/japan-geotiff-dem/10/FG-GML-5130-05-dem10b-20161001.tif,21583,94b00fbf81ca1d6059c016bad5b88847
https://data.source.coop/smartmaps/japan-geotiff-dem/10/FG-GML-5130-06-dem10b-20161001.tif,2951,dbf21a81cca943cbf10b113001fe9751
https://data.source.coop/smartmaps/japan-geotiff-dem/10/FG-GML-5130-07-dem10b-20161001.tif,973790,d39cd756fd34aef47f2546dc63fe9bd7
https://data.source.coop/smartmaps/japan-geotiff-dem/10/FG-GML-5130-16-dem10b-20161001.tif,121373,bea1b7159a9a1699e5d98526932c3823
https://data.source.coop/smartmaps/japan-geotiff-dem/10/FG-GML-5130-17-dem10b-20161001.tif,1201529,7473cc876d38dab2ccd1a6a0664f4637
https://data.source.coop/smartmaps/japan-geotiff-dem/10/FG-GML-5130-20-DEM10B-20170804.tif,21362,7417738f9f36a21af706f713d46a5567
https://data.source.coop/smartmaps/japan-geotiff-dem/10/FG-GML-5130-27-dem10b-20161001.tif,899370,8c0bcebb023310adfc25046b19287d2f
https://data.source.coop/smartmaps/japan-geotiff-dem/10/FG-GML-5130-30-DEM10B-20170804.tif,1171,c2877bc14e52778f2a824366f3c8e880
https://data.source.coop/smartmaps/japan-geotiff-dem/10/FG-GML-5130-36-dem10b-20161001.tif,16506,6b53d72357d1b5c59190f21df01768d6
https://data.source.coop/smartmaps/japan-geotiff-dem/10/FG-GML-5130-37-dem10b-20161001.tif,1256647,e6ca5e164f60335be58a2f739a1f36a2
https://data.source.coop/smartmaps/japan-geotiff-dem/10/FG-GML-5130-46-dem10b-20161001.tif,61380,c3a444aab7ec281c785d1566815dfa53
https://data.source.coop/smartmaps/japan-geotiff-dem/10/FG-GML-5130-47-dem10b-20161001.tif,541137,d06a620fc8560db83c6ef0d48bb17a97
https://data.source.coop/smartmaps/japan-geotiff-dem/10/FG-GML-5130-57-dem10b-20161001.tif,99417,b0eaaed32f6bc6c5d48d93d4a54e2df8
https://data.source.coop/smartmaps/japan-geotiff-dem/10/FG-GML-5131-00-dem10b-20161001.tif,754068,c5e75009543f7c02169eeca986390b2e
https://data.source.coop/smartmaps/japan-geotiff-dem/10/FG-GML-5131-01-dem10b-20161001.tif,1205643,89f87b6aea52100013e9ff5219707110
https://data.source.coop/smartmaps/japan-geotiff-dem/10/FG-GML-5131-02-dem10b-20161001.tif,1214923,bf73746185c51e224d41ac753473d41c
https://data.source.coop/smartmaps/japan-geotiff-dem/10/FG-GML-5131-03-dem10b-20161001.tif,829260,498a24243d70afcd60e8fe2c48da6036
https://data.source.coop/smartmaps/japan-geotiff-dem/10/FG-GML-5131-04-dem10b-20161001.tif,796148,f4465b0bbb8a7bfc3ba37c5938395880
https://data.source.coop/smartmaps/japan-geotiff-dem/10/FG-GML-5131-05-dem10b-20161001.tif,655830,916b8ac905893150dca18f0f187eb236
https://data.source.coop/smartmaps/japan-geotiff-dem/10/FG-GML-5131-06-dem10b-20161001.tif,856178,25c489980b63b0f79e95bd6753b254de
https://data.source.coop/smartmaps/japan-geotiff-dem/10/FG-GML-5131-07-dem10b-20161001.tif,1313481,a5dd24f10ed394f613e03ba9a3c0d3c1
https://data.source.coop/smartmaps/japan-geotiff-dem/10/FG-GML-5131-10-dem10b-20161001.tif,1319371,66f7c945710fa26559b7496c9150e1e9
https://data.source.coop/smartmaps/japan-geotiff-dem/10/FG-GML-5131-11-dem10b-20161001.tif,1354420,1736686e623528f21b22b4fb26e3fd41
https://data.source.coop/smartmaps/japan-geotiff-dem/10/FG-GML-5131-12-dem10b-20161001.tif,1341623,a888d6a58b7dcf02f07e70695ac04321
https://data.source.coop/smartmaps/japan-geotiff-dem/10/FG-GML-5131-13-dem10b-20161001.tif,1197913,66f64f95565cd962589c44047b9c90b5
https://data.source.coop/smartmaps/japan-geotiff-dem/10/FG-GML-5131-14-dem10b-20161001.tif,1309956,5c4c4ad0679552f4f058f3eb1ce8fa21
https://data.source.coop/smartmaps/japan-geotiff-dem/10/FG-GML-5131-15-dem10b-20161001.tif,1380690,d3bda9dcf07de07b84b92dba4b24a960
https://data.source.coop/smartmaps/japan-geotiff-dem/10/FG-GML-5131-16-dem10b-20161001.tif,1350478,c50ee769f7795b42b9ff836ba747c254
https://data.source.coop/smartmaps/japan-geotiff-dem/10/FG-GML-5131-17-dem10b-20161001.tif,1308080,99fde858bbf3a9d8f0390cf9d3c787b2
https://data.source.coop/smartmaps/japan-geotiff-dem/10/FG-GML-5131-20-dem10b-20161001.tif,1335979,c3ad53546a7d11089478a98a38f332f3
https://data.source.coop/smartmaps/japan-geotiff-dem/10/FG-GML-5131-21-dem10b-20161001.tif,1346032,0e8fdffee6316de8d017f0cb4d165216
https://data.source.coop/smartmaps/japan-geotiff-dem/10/FG-GML-5131-22-dem10b-20161001.tif,1293386,68bb3f122544ad6e5d4b14ce9a02863b
https://data.source.coop/smartmaps/japan-geotiff-dem/10/FG-GML-5131-23-dem10b-20161001.tif,1358694,17932707d425be4b17073b0e65102c0a
https://data.source.coop/smartmaps/japan-geotiff-dem/10/FG-GML-5131-24-dem10b-20161001.tif,1355460,d95e3c443144c69c469229509772fd5d
https://data.source.coop/smartmaps/japan-geotiff-dem/10/FG-GML-5131-25-dem10b-20161001.tif,1392460,eba017b30d761f2900fa1d9caa33baf5
https://data.source.coop/smartmaps/japan-geotiff-dem/10/FG-GML-5131-26-dem10b-20161001.tif,1362772,5d5131e24d34b697548d77be99ba8e5c
https://data.source.coop/smartmaps/japan-geotiff-dem/10/FG-GML-5131-27-dem10b-20161001.tif,1402394,9e0560a3fd5ac6e4812c5b605c4149da
https://data.source.coop/smartmaps/japan-geotiff-dem/10/FG-GML-5131-30-dem10b-20161001.tif,1412617,ed2c60f05cfdcbc7e59c7011e355f707
https://data.source.coop/smartmaps/japan-geotiff-dem/10/FG-GML-5131-31-dem10b-20161001.tif,1410674,2b99aa22f4b067d3866296368a74bfa7
https://data.source.coop/smartmaps/japan-geotiff-dem/10/FG-GML-5131-32-dem10b-20161001.tif,1342605,f1ee7add507bce1e7bd418986fb58a02
https://data.source.coop/smartmaps/japan-geotiff-dem/10/FG-GML-5131-33-dem10b-20161001.tif,1387109,2c77ff2bc6643d2cc12fa926ef9a7118
https://data.source.coop/smartmaps/japan-geotiff-dem/10/FG-GML-5131-34-dem10b-20161001.tif,1412651,12bcee500bfe8368d7b1a9543c2c4a5f
https://data.source.coop/smartmaps/japan-geotiff-dem/10/FG-GML-5131-35-dem10b-20161001.tif,1419423,21c9da934b6875a0eafda3bc8916e6d4
https://data.source.coop/smartmaps/japan-geotiff-dem/10/FG-GML-5131-36-dem10b-20161001.tif,1373258,1d4b6015990a2889c640b0b32c8e0824
https://data.source.coop/smartmaps/japan-geotiff-dem/10/FG-GML-5131-37-dem10b-20161001.tif,1402168,5f43f223320a48040e3ae71fa9df45a3
https://data.source.coop/smartmaps/japan-geotiff-dem/10/FG-GML-5131-40-dem10b-20161001.tif,1218137,2bdd92dea7a78b163719d34f3736999f
https://data.source.coop/smartmaps/japan-geotiff-dem/10/FG-GML-5131-41-dem10b-20161001.tif,972584,2b0a5258274c5b6ee010881221fa5ba5
https://data.source.coop/smartmaps/japan-geotiff-dem/10/FG-GML-5131-42-dem10b-20161001.tif,1145941,bc06ddf05ca471be394679824af6e6cb
https://data.source.coop/smartmaps/japan-geotiff-dem/10/FG-GML-5131-43-dem10b-20161001.tif,1384611,1211b7b4989913b75d0d815e10ce8e59
https://data.source.coop/smartmaps/japan-geotiff-dem/10/FG-GML-5131-44-dem10b-20161001.tif,1373058,b76f01a477324d8517afd5986853c015
https://data.source.coop/smartmaps/japan-geotiff-dem/10/FG-GML-5131-45-dem10b-20161001.tif,1315409,560f648d32b9bb92ca04c93be0ae2918
https://data.source.coop/smartmaps/japan-geotiff-dem/10/FG-GML-5131-46-dem10b-20161001.tif,1399263,a2798c715f9c48df0324960492ffc3af
https://data.source.coop/smartmaps/japan-geotiff-dem/10/FG-GML-5131-47-dem10b-20161001.tif,1352105,b2876a8ee93eeeac2021069376db8872
https://data.source.coop/smartmaps/japan-geotiff-dem/10/FG-GML-5131-50-dem10b-20161001.tif,41239,ef1aae9ccc6501a9533765f7263bdcb9
https://data.source.coop/smartmaps/japan-geotiff-dem/10/FG-GML-5131-51-dem10b-20161001.tif,137582,6b7fca86c10787423b757905cb8ef12a
https://data.source.coop/smartmaps/japan-geotiff-dem/10/FG-GML-5131-52-dem10b-20161001.tif,44265,971eb3e15c44ea96379ae7077847a694
https://data.source.coop/smartmaps/japan-geotiff-dem/10/FG-GML-5131-53-dem10b-20161001.tif,891060,5a92f25db80aaf0aeccd9830f762f914
https://data.source.coop/smartmaps/japan-geotiff-dem/10/FG-GML-5131-54-dem10b-20161001.tif,1325868,774217bd0985a8f00456123688a7e756
https://data.source.coop/smartmaps/japan-geotiff-dem/10/FG-GML-5131-55-dem10b-20161001.tif,1373240,74b237d404d4a15184a83abeba0f42b9
https://data.source.coop/smartmaps/japan-geotiff-dem/10/FG-GML-5131-56-dem10b-20161001.tif,1392300,1367d81e392f950e0275210f798e7ecf
https://data.source.coop/smartmaps/japan-geotiff-dem/10/FG-GML-5131-57-dem10b-20161001.tif,1402287,242f789ec0f25887b6f0737591dcbe1a
https://data.source.coop/smartmaps/japan-geotiff-dem/10/FG-GML-5131-62-dem10b-20161001.tif,44655,87bc8b41ac00e7b01528547d9f8ef35c
https://data.source.coop/smartmaps/japan-geotiff-dem/10/FG-GML-5131-63-dem10b-20161001.tif,263874,d1cf3fb1424415cfa62b4cc3983fd3df
https://data.source.coop/smartmaps/japan-geotiff-dem/10/FG-GML-5131-64-dem10b-20161001.tif,1221817,e23b3e0595c5b183a9273ff2f41d34fd
https://data.source.coop/smartmaps/japan-geotiff-dem/10/FG-GML-5131-65-dem10b-20161001.tif,1393023,48f743f8a7347c6096f2169bde9965ea
https://data.source.coop/smartmaps/japan-geotiff-dem/10/FG-GML-5131-66-dem10b-20161001.tif,1454847,9603f4fc437c0e46c9876d66a1a5f4b0
https://data.source.coop/smartmaps/japan-geotiff-dem/10/FG-GML-5131-67-dem10b-20161001.tif,1407639,f395bfd1488d0d61fddbba04ece07d7f
https://data.source.coop/smartmaps/japan-geotiff-dem/10/FG-GML-5131-74-dem10b-20161001.tif,586756,a53d46c1ab5ec1a9ab52111445aa53bf
https://data.source.coop/smartmaps/japan-geotiff-dem/10/FG-GML-5131-75-dem10b-20161001.tif,1383200,d837398f614bfb6aaf23c808ed4a99f6
https://data.source.coop/smartmaps/japan-geotiff-dem/10/FG-GML-5131-76-dem10b-20161001.tif,1391247,509757ac744a51e0c7a50668c32870ae
https://data.source.coop/smartmaps/japan-geotiff-dem/10/FG-GML-5131-77-dem10b-20161001.tif,1429942,22fbcbca118585e78c0353aac37a85bb
https://data.source.coop/smartmaps/japan-geotiff-dem/10/FG-GML-5132-00-dem10b-20161001.tif,1304252,561c0fa08f92f9307e668b7eb4000d14
https://data.source.coop/smartmaps/japan-geotiff-dem/10/FG-GML-5132-01-dem10b-20161001.tif,978118,0b748b72c0207d80c02b20c64bf5180f
https://data.source.coop/smartmaps/japan-geotiff-dem/10/FG-GML-5132-02-dem10b-20161001.tif,20202,45519eb57413580e97641423bbb2983d
https://data.source.coop/smartmaps/japan-geotiff-dem/10/FG-GML-5132-03-DEM10B-20161001.tif,109198,53d836e608966e8aee1dbafd72e26a22
https://data.source.coop/smartmaps/japan-geotiff-dem/10/FG-GML-5132-04-DEM10B-20200409.tif,85318,bf0dff17aa880e6838697592a96d5d07
https://data.source.coop/smartmaps/japan-geotiff-dem/10/FG-GML-5132-05-dem10b-20161001.tif,36778,9fc9a53fbea30692f3f29973098c3fa3
https://data.source.coop/smartmaps/japan-geotiff-dem/10/FG-GML-5132-06-dem10b-20161001.tif,418703,6d1447e4229821107a9c73600ad9ef12
https://data.source.coop/smartmaps/japan-geotiff-dem/10/FG-GML-5132-07-dem10b-20161001.tif,1132678,30b2f56d7150d7454e2c6dc5055953bd
https://data.source.coop/smartmaps/japan-geotiff-dem/10/FG-GML-5132-10-dem10b-20161001.tif,1343741,bd6e8d362e92875f0039821948b48d5a
https://data.source.coop/smartmaps/japan-geotiff-dem/10/FG-GML-5132-11-dem10b-20161001.tif,966125,fa4814dacc3d2548bcd67157cec2822a
https://data.source.coop/smartmaps/japan-geotiff-dem/10/FG-GML-5132-12-dem10b-20161001.tif,10170,61804966c2bcb0b5ccb245cdf493a6af
https://data.source.coop/smartmaps/japan-geotiff-dem/10/FG-GML-5132-13-dem10b-20161001.tif,611830,2eee92dfe4e784ab49b9e41cd934652f
https://data.source.coop/smartmaps/japan-geotiff-dem/10/FG-GML-5132-14-dem10b-20161001.tif,585499,2b2b25a4777ce9480e280bedea29dd45
https://data.source.coop/smartmaps/japan-geotiff-dem/10/FG-GML-5132-15-dem10b-20161001.tif,26916,12389b8e2ee2abe21c1fd22093ec45fc
https://data.source.coop/smartmaps/japan-geotiff-dem/10/FG-GML-5132-16-dem10b-20161001.tif,136574,729a2a658915875213e811309035752e
https://data.source.coop/smartmaps/japan-geotiff-dem/10/FG-GML-5132-17-dem10b-20161001.tif,411515,58816703d861a6f5f0e9b951097e1da5
https://data.source.coop/smartmaps/japan-geotiff-dem/10/FG-GML-5132-20-dem10b-20161001.tif,1398416,391b6254bb74c980fb70e69eaaeab31d
https://data.source.coop/smartmaps/japan-geotiff-dem/10/FG-GML-5132-21-dem10b-20161001.tif,1161863,dd9d1736616b056fe75876bf31bb6bb7
https://data.source.coop/smartmaps/japan-geotiff-dem/10/FG-GML-5132-22-dem10b-20161001.tif,125998,82b604fb5f6c4ba36ac296dc27aa51f6
https://data.source.coop/smartmaps/japan-geotiff-dem/10/FG-GML-5132-23-dem10b-20161001.tif,812108,bdef874f7d5aaead2f01d36398b90a21
https://data.source.coop/smartmaps/japan-geotiff-dem/10/FG-GML-5132-24-dem10b-20161001.tif,641586,5c8032e46a2923d6a2275ca5a3088468
https://data.source.coop/smartmaps/japan-geotiff-dem/10/FG-GML-5132-25-dem10b-20161001.tif,824259,8d463b25bab440bf74787c1b4bcfbcb3
https://data.source.coop/smartmaps/japan-geotiff-dem/10/FG-GML-5132-26-dem10b-20161001.tif,537927,739011a96c96b4fddd8f017c326a209f
https://data.source.coop/smartmaps/japan-geotiff-dem/10/FG-GML-5132-27-dem10b-20161001.tif,607699,e34c99ef0449b868bf424305d28be8fa
https://data.source.coop/smartmaps/japan-geotiff-dem/10/FG-GML-5132-30-dem10b-20161001.tif,1362728,28ad4dad6e2c12e7235c05ddcff065a6
https://data.source.coop/smartmaps/japan-geotiff-dem/10/FG-GML-5132-31-dem10b-20161001.tif,1365110,325530958d99f3932b5cedbd6bb452bb
https://data.source.coop/smartmaps/japan-geotiff-dem/10/FG-GML-5132-32-dem10b-20161001.tif,790239,1c332f704911948e8eddf172ce210065
https://data.source.coop/smartmaps/japan-geotiff-dem/10/FG-GML-5132-33-dem10b-20161001.tif,479409,d4d73172dd145e94459bf00803a5e92f
https://data.source.coop/smartmaps/japan-geotiff-dem/10/FG-GML-5132-34-dem10b-20161001.tif,1268419,3b45e338a1d3e78095500d6d35a53d1f
https://data.source.coop/smartmaps/japan-geotiff-dem/10/FG-GML-5132-35-dem10b-20161001.tif,1312210,80afcabc661e2b27efbc5aa39ca96c33
https://data.source.coop/smartmaps/japan-geotiff-dem/10/FG-GML-5132-36-dem10b-20161001.tif,754216,af91f9d19532e8b1e47e420c0c58797f
https://data.source.coop/smartmaps/japan-geotiff-dem/10/FG-GML-5132-37-dem10b-20161001.tif,460886,19eb9ec907d725f94649f14e9124b7fc
https://data.source.coop/smartmaps/japan-geotiff-dem/10/FG-GML-5132-40-dem10b-20161001.tif,1390926,bc077428aac45cc22ebb45ade8f63375
https://data.source.coop/smartmaps/japan-geotiff-dem/10/FG-GML-5132-41-dem10b-20161001.tif,1362772,1733398f05844708da8f4a685d41b80a
https://data.source.coop/smartmaps/japan-geotiff-dem/10/FG-GML-5132-42-dem10b-20161001.tif,1216661,102cb6062b3346a94115b58d3ba9f11f
https://data.source.coop/smartmaps/japan-geotiff-dem/10/FG-GML-5132-43-dem10b-20161001.tif,662391,44a3e1c85078f1ce0f1d79221307404f
https://data.source.coop/smartmaps/japan-geotiff-dem/10/FG-GML-5132-44-dem10b-20161001.tif,1290990,fb41a266178f5f9545436029a1fc4a19
https://data.source.coop/smartmaps/japan-geotiff-dem/10/FG-GML-5132-45-dem10b-20161001.tif,1205579,e688fcdc280da5622b884538f451cc78
https://data.source.coop/smartmaps/japan-geotiff-dem/10/FG-GML-5132-46-dem10b-20161001.tif,1338444,2d4a047ab2745bde18fe002ae7e2d8cd
https://data.source.coop/smartmaps/japan-geotiff-dem/10/FG-GML-5132-47-dem10b-20161001.tif,1368967,43831b081b285cbc94aade9d809cf445
https://data.source.coop/smartmaps/japan-geotiff-dem/10/FG-GML-5132-50-dem10b-20161001.tif,1380583,7b5dda74ae2af2985345ecfe7e182a67
https://data.source.coop/smartmaps/japan-geotiff-dem/10/FG-GML-5132-51-dem10b-20161001.tif,1364614,7d251b90a145e77d63b356d4ae679407
https://data.source.coop/smartmaps/japan-geotiff-dem/10/FG-GML-5132-52-dem10b-20161001.tif,1389463,3343eccaf754f39294fbe7963f8718ba
https://data.source.coop/smartmaps/japan-geotiff-dem/10/FG-GML-5132-53-dem10b-20161001.tif,1223474,2afb1bb0ee5d68360da2bb383786e77d
https://data.source.coop/smartmaps/japan-geotiff-dem/10/FG-GML-5132-54-dem10b-20161001.tif,1336710,f7c969b32351a5854ff347d17fd358a2
https://data.source.coop/smartmaps/japan-geotiff-dem/10/FG-GML-5132-55-dem10b-20161001.tif,1234469,b88f13d81dfd91e3879b82283a5cd08d
https://data.source.coop/smartmaps/japan-geotiff-dem/10/FG-GML-5132-56-dem10b-20161001.tif,1253595,071ebf6418e46a1e08620bcb0ede1c5d
https://data.source.coop/smartmaps/japan-geotiff-dem/10/FG-GML-5132-57-dem10b-20161001.tif,1325591,5d877d8686b8a98982fe8188e6a6c44a
https://data.source.coop/smartmaps/japan-geotiff-dem/10/FG-GML-5132-60-dem10b-20161001.tif,1392113,abf7a35050d96f61864f184fbc6626d0
https://data.source.coop/smartmaps/japan-geotiff-dem/10/FG-GML-5132-61-dem10b-20161001.tif,1392315,78aa16f49e3981144b8eb7b13116cd7f
https://data.source.coop/smartmaps/japan-geotiff-dem/10/FG-GML-5132-62-dem10b-20161001.tif,1410382,f06003e760b48ea816955106236ab4df
https://data.source.coop/smartmaps/japan-geotiff-dem/10/FG-GML-5132-63-dem10b-20161001.tif,1402819,e7e3b7174d75119d1743aa544180c2f8
https://data.source.coop/smartmaps/japan-geotiff-dem/10/FG-GML-5132-64-dem10b-20161001.tif,1364083,1a394bf09d59bef1e2db6f9b4dfde2bc
https://data.source.coop/smartmaps/japan-geotiff-dem/10/FG-GML-5132-65-dem10b-20161001.tif,1349591,59fcca09d05ed90e36653bde06ab7610
https://data.source.coop/smartmaps/japan-geotiff-dem/10/FG-GML-5132-66-dem10b-20161001.tif,1297689,258d3037cb45270a48934e161a380b69
https://data.source.coop/smartmaps/japan-geotiff-dem/10/FG-GML-5132-67-dem10b-20161001.tif,1252329,d0f174dde5467f45ca34f8d95694da64
https://data.source.coop/smartmaps/japan-geotiff-dem/10/FG-GML-5132-70-dem10b-20161001.tif,1404036,f2ef19b5ec909a0aa6e16ecc22e6621b
https://data.source.coop/smartmaps/japan-geotiff-dem/10/FG-GML-5132-71-dem10b-20161001.tif,1371571,85a77c61e0859e7549dde32845c3aaec
https://data.source.coop/smartmaps/japan-geotiff-dem/10/FG-GML-5132-72-dem10b-20161001.tif,1385208,f14da60e11e2dc4f8ee6e1c6fe01c4f9
https://data.source.coop/smartmaps/japan-geotiff-dem/10/FG-GML-5132-73-dem10b-20161001.tif,1338675,be2f6b45933739e25f3a27f09defe664
https://data.source.coop/smartmaps/japan-geotiff-dem/10/FG-GML-5132-74-dem10b-20161001.tif,1316211,1af611266d798ed4ac038a3932027fb3
https://data.source.coop/smartmaps/japan-geotiff-dem/10/FG-GML-5132-75-dem10b-20161001.tif,1236637,5c337da177ff4487d4196e276e7f4e8a
https://data.source.coop/smartmaps/japan-geotiff-dem/10/FG-GML-5132-76-dem10b-20161001.tif,1305285,d48c7fa25c42100ff7f676f8221bf73f
https://data.source.coop/smartmaps/japan-geotiff-dem/10/FG-GML-5132-77-dem10b-20161001.tif,1262959,1c1ea2da2e9f69d7cff2c93b8ff373f3
https://data.source.coop/smartmaps/japan-geotiff-dem/10/FG-GML-5133-00-dem10b-20161001.tif,243298,6a57b64ed119d20fd71b2b3ae0398fc2
https://data.source.coop/smartmaps/japan-geotiff-dem/10/FG-GML-5133-02-dem10b-20161001.tif,18728,e9a2fc80156365e3f44394bb57efe85f
https://data.source.coop/smartmaps/japan-geotiff-dem/10/FG-GML-5133-04-dem10b-20161001.tif,321865,dec9a5e7f3ac540fc43438374e45ce2d
https://data.source.coop/smartmaps/japan-geotiff-dem/10/FG-GML-5133-05-dem10b-20161001.tif,1301588,a4bf1b59aea02ecdc612d26792c26407
https://data.source.coop/smartmaps/japan-geotiff-dem/10/FG-GML-5133-06-dem10b-20161001.tif,1365181,9aefd0ce35eeb0add22cf50f01217805
https://data.source.coop/smartmaps/japan-geotiff-dem/10/FG-GML-5133-07-dem10b-20161001.tif,1285335,f6c6897b1d2eb8401ddb198c329e7c9f
https://data.source.coop/smartmaps/japan-geotiff-dem/10/FG-GML-5133-10-dem10b-20161001.tif,414515,91306ac7167fb449b4d6b88e1189a301
https://data.source.coop/smartmaps/japan-geotiff-dem/10/FG-GML-5133-11-dem10b-20161001.tif,32522,2526714e7f78d3497d8370ce11df5a31
https://data.source.coop/smartmaps/japan-geotiff-dem/10/FG-GML-5133-12-dem10b-20161001.tif,5153,5d63b3e1a8da4bba51fdf4525f6cc8f6
https://data.source.coop/smartmaps/japan-geotiff-dem/10/FG-GML-5133-13-DEM10B-20200409.tif,6239,03ddfdf6919edaeae83f36ef08b67503
https://data.source.coop/smartmaps/japan-geotiff-dem/10/FG-GML-5133-14-dem10b-20161001.tif,20446,bc488dddc6ca91abd3e5c4d9717a7497
https://data.source.coop/smartmaps/japan-geotiff-dem/10/FG-GML-5133-15-dem10b-20161001.tif,855934,2bf7dcc1cde3982468d74eaeb1340309
https://data.source.coop/smartmaps/japan-geotiff-dem/10/FG-GML-5133-16-dem10b-20161001.tif,1310834,33555a5eb9b346951e9c0b10a191b0ea
https://data.source.coop/smartmaps/japan-geotiff-dem/10/FG-GML-5133-17-dem10b-20161001.tif,1370787,fd28641c7b5bcd6ba5fee10da9c56fc3
https://data.source.coop/smartmaps/japan-geotiff-dem/10/FG-GML-5133-20-dem10b-20161001.tif,859851,72c65f54b4501e1e0b1eb565f55bc6f2
https://data.source.coop/smartmaps/japan-geotiff-dem/10/FG-GML-5133-21-dem10b-20161001.tif,146819,ce1b7a14274e1007815f098abf070408
https://data.source.coop/smartmaps/japan-geotiff-dem/10/FG-GML-5133-22-dem10b-20161001.tif,68371,fe35b7fec0590125857ec90029a2d481
https://data.source.coop/smartmaps/japan-geotiff-dem/10/FG-GML-5133-24-dem10b-20161001.tif,132837,e19e2f0e4f11ddb2abd03bd8ad565c7f
https://data.source.coop/smartmaps/japan-geotiff-dem/10/FG-GML-5133-25-dem10b-20161001.tif,988453,88250fef4af9ee171d7be08612391cdb
https://data.source.coop/smartmaps/japan-geotiff-dem/10/FG-GML-5133-26-dem10b-20161001.tif,967379,ed37102110abd1f6d34b9fe73da4e30c
https://data.source.coop/smartmaps/japan-geotiff-dem/10/FG-GML-5133-27-dem10b-20161001.tif,1239436,308002baaabfee6ca0d2c8b0e8b878de
https://data.source.coop/smartmaps/japan-geotiff-dem/10/FG-GML-5133-30-dem10b-20161001.tif,784410,720799219457fe4c48a6572bbaf800a2
https://data.source.coop/smartmaps/japan-geotiff-dem/10/FG-GML-5133-31-dem10b-20161001.tif,797035,c8ee34ed636f1e49c532c9c5ca44e977
https://data.source.coop/smartmaps/japan-geotiff-dem/10/FG-GML-5133-32-dem10b-20161001.tif,3456,8e980fb551277629913979de141748e6
https://data.source.coop/smartmaps/japan-geotiff-dem/10/FG-GML-5133-33-dem10b-20161001.tif,12305,d3942245512008b976ff508cdaad8de2
https://data.source.coop/smartmaps/japan-geotiff-dem/10/FG-GML-5133-34-dem10b-20161001.tif,94646,1eaa13e4cbedacce8e63115bf4a671e8
https://data.source.coop/smartmaps/japan-geotiff-dem/10/FG-GML-5133-35-dem10b-20161001.tif,177872,148b00b9ea8e71139d463713e898c8d5
https://data.source.coop/smartmaps/japan-geotiff-dem/10/FG-GML-5133-36-dem10b-20161001.tif,611613,8c657c29f99f690ce821d18100898400
https://data.source.coop/smartmaps/japan-geotiff-dem/10/FG-GML-5133-37-dem10b-20161001.tif,1104128,7363c240474c8c8c34eefdce5de1c69e
https://data.source.coop/smartmaps/japan-geotiff-dem/10/FG-GML-5133-40-dem10b-20161001.tif,1105038,910557532c8d018056ad2a94dab56df4
https://data.source.coop/smartmaps/japan-geotiff-dem/10/FG-GML-5133-41-dem10b-20161001.tif,807855,f32458a9b8b78963a77f272bbc6f246a
https://data.source.coop/smartmaps/japan-geotiff-dem/10/FG-GML-5133-42-dem10b-20161001.tif,837297,f2cd97ed8a8b4c81bc1361fec2831d96
https://data.source.coop/smartmaps/japan-geotiff-dem/10/FG-GML-5133-43-dem10b-20161001.tif,118078,3886540cf552106ca6ab87c83d59c606
https://data.source.coop/smartmaps/japan-geotiff-dem/10/FG-GML-5133-44-dem10b-20161001.tif,258496,46e51a51ba4f16b652edcb560cc1166c
https://data.source.coop/smartmaps/japan-geotiff-dem/10/FG-GML-5133-45-dem10b-20161001.tif,275308,6711ab35eb4f0e5118434cc0c5217908
https://data.source.coop/smartmaps/japan-geotiff-dem/10/FG-GML-5133-46-dem10b-20161001.tif,244248,1ae214102683a3d337a8d475d2922dcd
https://data.source.coop/smartmaps/japan-geotiff-dem/10/FG-GML-5133-47-dem10b-20161001.tif,623755,8f174a6da9514db38bcc0ff73e74a642
https://data.source.coop/smartmaps/japan-geotiff-dem/10/FG-GML-5133-50-dem10b-20161001.tif,1343375,3fb3bd17b5615b90b2bd0dd844fb6f7c
https://data.source.coop/smartmaps/japan-geotiff-dem/10/FG-GML-5133-51-dem10b-20161001.tif,1313090,3b9d73a00f3d2fb64d7811a7addbda8d
https://data.source.coop/smartmaps/japan-geotiff-dem/10/FG-GML-5133-52-dem10b-20161001.tif,1174990,e93841349d3c6696dc32c21d5ba89653
https://data.source.coop/smartmaps/japan-geotiff-dem/10/FG-GML-5133-53-dem10b-20161001.tif,578417,78e2adf9e3dd5f1b6fc36a5b7567a804
https://data.source.coop/smartmaps/japan-geotiff-dem/10/FG-GML-5133-54-dem10b-20161001.tif,491688,677fb75238a45ee5898fb9071822ab33
https://data.source.coop/smartmaps/japan-geotiff-dem/10/FG-GML-5133-55-dem10b-20161001.tif,78219,20be786eae3af47cd01bfeae537bd871
https://data.source.coop/smartmaps/japan-geotiff-dem/10/FG-GML-5133-56-dem10b-20161001.tif,699255,81af65d6a6e6dd594be3afff79e4a4c2
https://data.source.coop/smartmaps/japan-geotiff-dem/10/FG-GML-5133-57-dem10b-20161001.tif,604477,154c22afa847ba5fac79a5cffd2223ed
https://data.source.coop/smartmaps/japan-geotiff-dem/10/FG-GML-5133-60-dem10b-20161001.tif,1281053,a6014613ba66f00ca7eb0e660ed31462
https://data.source.coop/smartmaps/japan-geotiff-dem/10/FG-GML-5133-61-dem10b-20161001.tif,1317250,008a009ca8c8e5207b4b84808fc04979
https://data.source.coop/smartmaps/japan-geotiff-dem/10/FG-GML-5133-62-dem10b-20161001.tif,1137283,27876af930f05b8e7f70566f5b42e3a3
https://data.source.coop/smartmaps/japan-geotiff-dem/10/FG-GML-5133-63-dem10b-20161001.tif,1262469,4d36320505ba5cfe389e79759edb2d1e
https://data.source.coop/smartmaps/japan-geotiff-dem/10/FG-GML-5133-64-dem10b-20161001.tif,1283069,7bd5d849168c9afece3b343a7bd130f7
https://data.source.coop/smartmaps/japan-geotiff-dem/10/FG-GML-5133-65-dem10b-20161001.tif,729803,8359fac9c896eb703e3aca032bf868c4
https://data.source.coop/smartmaps/japan-geotiff-dem/10/FG-GML-5133-66-dem10b-20161001.tif,974957,de49e7dd99efc8ce86a2ab6893ac4512
https://data.source.coop/smartmaps/japan-geotiff-dem/10/FG-GML-5133-67-dem10b-20161001.tif,864526,385f8ad820cbc004ec519c44089ee6cd
https://data.source.coop/smartmaps/japan-geotiff-dem/10/FG-GML-5133-70-dem10b-20161001.tif,1280592,d39861d78835195eca8a8c00dbb1a27b
https://data.source.coop/smartmaps/japan-geotiff-dem/10/FG-GML-5133-71-dem10b-20161001.tif,1359610,991d901ab1856c7b9e3499b8441d3097
https://data.source.coop/smartmaps/japan-geotiff-dem/10/FG-GML-5133-72-dem10b-20161001.tif,1375069,c9cd67fee0ebd95770ab519968d92729
https://data.source.coop/smartmaps/japan-geotiff-dem/10/FG-GML-5133-73-dem10b-20161001.tif,1369172,b73190988d9779ba0e3e544d9a31d417
https://data.source.coop/smartmaps/japan-geotiff-dem/10/FG-GML-5133-74-dem10b-20161001.tif,1273911,f9f2abc470ff0a2246ad0120fa3b5fd2
https://data.source.coop/smartmaps/japan-geotiff-dem/10/FG-GML-5133-75-dem10b-20161001.tif,1124057,2fd13c98f6301edff5f2f81dd774c7aa
https://data.source.coop/smartmaps/japan-geotiff-dem/10/FG-GML-5133-76-dem10b-20161001.tif,842489,016c491634bc73b1105ab2c22062a2b2
https://data.source.coop/smartmaps/japan-geotiff-dem/10/FG-GML-5133-77-dem10b-20161001.tif,418939,35b586395ce6adf28cb170be5572aa43
https://data.source.coop/smartmaps/japan-geotiff-dem/10/FG-GML-5134-00-dem10b-20161001.tif,1277084,ff0188f8a316e07a481c50ff9dcac2ea
https://data.source.coop/smartmaps/japan-geotiff-dem/10/FG-GML-5134-01-dem10b-20161001.tif,1201617,7c8312a8f1bd1e46778c9ec83afff649
https://data.source.coop/smartmaps/japan-geotiff-dem/10/FG-GML-5134-02-dem10b-20161001.tif,1116959,f617fa4a2ce4e900526cf565bdcb7e46
https://data.source.coop/smartmaps/japan-geotiff-dem/10/FG-GML-5134-03-dem10b-20161001.tif,1142973,c2eefb4efe0a91e74ee6ffa310450c7b
https://data.source.coop/smartmaps/japan-geotiff-dem/10/FG-GML-5134-04-dem10b-20161001.tif,714112,38339dcbd5c72e4627b96d744a5a758b
https://data.source.coop/smartmaps/japan-geotiff-dem/10/FG-GML-5134-05-dem10b-20161001.tif,15748,0360df3c33299beb998a4e8d90a13a39
https://data.source.coop/smartmaps/japan-geotiff-dem/10/FG-GML-5134-10-dem10b-20161001.tif,1386391,a0d56be4e86eaf034993c3cf77782b72
https://data.source.coop/smartmaps/japan-geotiff-dem/10/FG-GML-5134-11-dem10b-20161001.tif,1366059,82f39fa1edfe41e2979d7a95f3a595ec
https://data.source.coop/smartmaps/japan-geotiff-dem/10/FG-GML-5134-12-dem10b-20161001.tif,1190673,4c3a44de336d50d4afef17a5103851fd
https://data.source.coop/smartmaps/japan-geotiff-dem/10/FG-GML-5134-13-dem10b-20161001.tif,789443,2505b6ce3770c6379a62a112be6e30c7
https://data.source.coop/smartmaps/japan-geotiff-dem/10/FG-GML-5134-14-dem10b-20161001.tif,353489,8f76b4ffbc2a5fcad89bfa764f06d601
https://data.source.coop/smartmaps/japan-geotiff-dem/10/FG-GML-5134-15-dem10b-20161001.tif,8385,1957a207344d244a5d783d6ddd300013
https://data.source.coop/smartmaps/japan-geotiff-dem/10/FG-GML-5134-16-dem10b-20161001.tif,29232,845eb40c21404a7f02044e3079d2d06c
https://data.source.coop/smartmaps/japan-geotiff-dem/10/FG-GML-5134-20-dem10b-20161001.tif,1271420,0060820c77f3c53acf22820cc435f51f
https://data.source.coop/smartmaps/japan-geotiff-dem/10/FG-GML-5134-21-dem10b-20161001.tif,1368923,fda8d5fff83d5f1fe25221d3249d0551
https://data.source.coop/smartmaps/japan-geotiff-dem/10/FG-GML-5134-22-dem10b-20161001.tif,1360288,924ed369f5cc269bd57356a020212fb2
https://data.source.coop/smartmaps/japan-geotiff-dem/10/FG-GML-5134-23-dem10b-20161001.tif,957609,ba1d3ac5f81a95a47303f57873ca9e2b
https://data.source.coop/smartmaps/japan-geotiff-dem/10/FG-GML-5134-24-dem10b-20161001.tif,1043018,96109ceb9ce837d01ef4c5351163c62a
https://data.source.coop/smartmaps/japan-geotiff-dem/10/FG-GML-5134-25-dem10b-20161001.tif,374927,1954518297f45ec59d9428a870edea98
https://data.source.coop/smartmaps/japan-geotiff-dem/10/FG-GML-5134-26-dem10b-20161001.tif,645702,f057b4859e02ee558db1affdeead6b6e
https://data.source.coop/smartmaps/japan-geotiff-dem/10/FG-GML-5134-27-dem10b-20161001.tif,20051,24f60ce9c6a05302a0d2913aa8c3c061
https://data.source.coop/smartmaps/japan-geotiff-dem/10/FG-GML-5134-30-dem10b-20161001.tif,771608,0e337eafcd09768817959e4d423b920e
https://data.source.coop/smartmaps/japan-geotiff-dem/10/FG-GML-5134-31-dem10b-20161001.tif,1095395,262fb2843b2952383b7aa2757e4a2043
https://data.source.coop/smartmaps/japan-geotiff-dem/10/FG-GML-5134-32-dem10b-20161001.tif,337538,2e09dd06e9cc6b7f4c8a71a52b76ff61
https://data.source.coop/smartmaps/japan-geotiff-dem/10/FG-GML-5134-33-dem10b-20161001.tif,23050,1c8cfa91731d23f117e17f85587ce843
https://data.source.coop/smartmaps/japan-geotiff-dem/10/FG-GML-5134-34-dem10b-20161001.tif,3532,20ae10cc84fb3fab33174bd886a66844
https://data.source.coop/smartmaps/japan-geotiff-dem/10/FG-GML-5134-35-dem10b-20161001.tif,808373,1ec791fe41ed6b0168c43b3d2ce05bbc
https://data.source.coop/smartmaps/japan-geotiff-dem/10/FG-GML-5134-36-dem10b-20161001.tif,1169936,bfe1e4901f5c3b18a368d20af3bdc4f5
https://data.source.coop/smartmaps/japan-geotiff-dem/10/FG-GML-5134-37-dem10b-20161001.tif,685319,df933e8114a2cab3aa6f661c79070a6b
https://data.source.coop/smartmaps/japan-geotiff-dem/10/FG-GML-5134-40-dem10b-20161001.tif,378657,b55232bb89cd2a4fea360e057fedd568
https://data.source.coop/smartmaps/japan-geotiff-dem/10/FG-GML-5134-41-dem10b-20161001.tif,456399,5ed091820f88a1d1ba142a256b1e7694
https://data.source.coop/smartmaps/japan-geotiff-dem/10/FG-GML-5134-42-dem10b-20161001.tif,26186,142b64dfd612deebd09ede2167c15420
https://data.source.coop/smartmaps/japan-geotiff-dem/10/FG-GML-5134-45-dem10b-20161001.tif,44064,4b758a9eb762d5b77ad6f3148fc5c243
https://data.source.coop/smartmaps/japan-geotiff-dem/10/FG-GML-5134-46-dem10b-20161001.tif,1229162,0f513f575c7e5fadc0e627ee56c43625
https://data.source.coop/smartmaps/japan-geotiff-dem/10/FG-GML-5134-47-dem10b-20161001.tif,264746,da39b7ee058980baa23da9dd920cfd1f
https://data.source.coop/smartmaps/japan-geotiff-dem/10/FG-GML-5134-50-dem10b-20161001.tif,335609,ad7eb077464322ec0f7dc598c4982062
https://data.source.coop/smartmaps/japan-geotiff-dem/10/FG-GML-5134-51-dem10b-20161001.tif,511178,3981a3cad39b7944f21f054e819e4beb
https://data.source.coop/smartmaps/japan-geotiff-dem/10/FG-GML-5134-52-dem10b-20161001.tif,606650,9ef7b50214ba84424b6da1f7202f928e
https://data.source.coop/smartmaps/japan-geotiff-dem/10/FG-GML-5134-53-dem10b-20161001.tif,1168,de675529fd7c765b113ceec7960b0b36
https://data.source.coop/smartmaps/japan-geotiff-dem/10/FG-GML-5134-56-dem10b-20161001.tif,633758,0db3fe35a1132878b1b67258178cbbc7
https://data.source.coop/smartmaps/japan-geotiff-dem/10/FG-GML-5134-57-dem10b-20161001.tif,654065,791db2fef2f40eb39f0905b137ebae83
https://data.source.coop/smartmaps/japan-geotiff-dem/10/FG-GML-5134-60-dem10b-20161001.tif,207022,922664019aea48089d3caf6424372d5c
https://data.source.coop/smartmaps/japan-geotiff-dem/10/FG-GML-5134-61-dem10b-20161001.tif,307629,b509f6db11ef1116abdb00d43df3682d
https://data.source.coop/smartmaps/japan-geotiff-dem/10/FG-GML-5134-62-dem10b-20161001.tif,770740,2bcd784211f3f1c6429a0c342b2da3bf
https://data.source.coop/smartmaps/japan-geotiff-dem/10/FG-GML-5134-63-dem10b-20161001.tif,1193,6ce52922083045f840e35afcc3fb7437
https://data.source.coop/smartmaps/japan-geotiff-dem/10/FG-GML-5134-66-dem10b-20161001.tif,25653,de977f76482ec80ed8c6551886cdd70c
https://data.source.coop/smartmaps/japan-geotiff-dem/10/FG-GML-5134-67-dem10b-20161001.tif,876675,2ce67ef3fce227c7ac1917eaf081d0a0
https://data.source.coop/smartmaps/japan-geotiff-dem/10/FG-GML-5134-70-dem10b-20161001.tif,845421,1172f0cd7bb1952b52f334c3c6c99f7b
https://data.source.coop/smartmaps/japan-geotiff-dem/10/FG-GML-5134-71-dem10b-20161001.tif,451665,54cdc6a20d8defc268e18fb67d6b9fb4
https://data.source.coop/smartmaps/japan-geotiff-dem/10/FG-GML-5134-73-dem10b-20161001.tif,138028,c1d7d0b76c76c607378c214d1a460b4e
https://data.source.coop/smartmaps/japan-geotiff-dem/10/FG-GML-5134-74-dem10b-20161001.tif,117618,ef905b03d7fe55de3e9d55ca133a389c
https://data.source.coop/smartmaps/japan-geotiff-dem/10/FG-GML-5134-77-dem10b-20161001.tif,188138,d80fe6b62d702d15f18a90148dda17da
https://data.source.coop/smartmaps/japan-geotiff-dem/10/FG-GML-5135-00-dem10b-20161001.tif,88047,4978c13d3b146a1b4266d6c2db5d1fa4
https://data.source.coop/smartmaps/japan-geotiff-dem/10/FG-GML-5135-01-dem10b-20161001.tif,1083379,f09aad88d61375a7be6e144213606453
https://data.source.coop/smartmaps/japan-geotiff-dem/10/FG-GML-5135-02-dem10b-20161001.tif,1405861,52d9d57654a4f0dda6d67f9db617ef53
https://data.source.coop/smartmaps/japan-geotiff-dem/10/FG-GML-5135-03-dem10b-20161001.tif,1409962,c2e17a11600e4be68e04371c51958ea0
https://data.source.coop/smartmaps/japan-geotiff-dem/10/FG-GML-5135-04-dem10b-20161001.tif,1409692,1d4371be21112e90daed1f2ee31fbd32
https://data.source.coop/smartmaps/japan-geotiff-dem/10/FG-GML-5135-05-dem10b-20161001.tif,1400185,ddb89481a7bc181ff6b5a5d7874c6f98
https://data.source.coop/smartmaps/japan-geotiff-dem/10/FG-GML-5135-06-dem10b-20161001.tif,1407246,b24d58112c906d9315d6fe8389356818
https://data.source.coop/smartmaps/japan-geotiff-dem/10/FG-GML-5135-07-dem10b-20161001.tif,1379049,ca1247042dca8b614d8df366fa07ddac
https://data.source.coop/smartmaps/japan-geotiff-dem/10/FG-GML-5135-10-dem10b-20161001.tif,99091,e913e8a7e5d65970e03ae1caff882b49
https://data.source.coop/smartmaps/japan-geotiff-dem/10/FG-GML-5135-11-dem10b-20161001.tif,1135677,8d5da36a8b831d695be6b2cb0c1ef5d4
https://data.source.coop/smartmaps/japan-geotiff-dem/10/FG-GML-5135-12-dem10b-20161001.tif,1354884,216c5e7e51767f6c4adf25c1ec64b9d4
https://data.source.coop/smartmaps/japan-geotiff-dem/10/FG-GML-5135-13-dem10b-20161001.tif,1395764,520c1b4f2550c8bdab5f9b0bcf1b3a31
https://data.source.coop/smartmaps/japan-geotiff-dem/10/FG-GML-5135-14-dem10b-20161001.tif,1405610,febeda64ea1ac081a1abd577610d0e1d
https://data.source.coop/smartmaps/japan-geotiff-dem/10/FG-GML-5135-15-dem10b-20161001.tif,1405352,40a9734ce25b48c90a7b18fc0e00e4d1
https://data.source.coop/smartmaps/japan-geotiff-dem/10/FG-GML-5135-16-dem10b-20161001.tif,1407304,5ba42f427f0768331ce1700eb60ee255
https://data.source.coop/smartmaps/japan-geotiff-dem/10/FG-GML-5135-17-dem10b-20161001.tif,1410181,640448e7c5ff414c349587fc6d12d8e8
https://data.source.coop/smartmaps/japan-geotiff-dem/10/FG-GML-5135-20-dem10b-20161001.tif,26720,e7673a1110c98e35b1642cce1732a3a2
https://data.source.coop/smartmaps/japan-geotiff-dem/10/FG-GML-5135-21-dem10b-20161001.tif,691173,bf55fb277554d0dbd730a55f05d51b77
https://data.source.coop/smartmaps/japan-geotiff-dem/10/FG-GML-5135-22-dem10b-20161001.tif,1223785,e2b6ca8af0ce31779f4cc9ec01594f2a
https://data.source.coop/smartmaps/japan-geotiff-dem/10/FG-GML-5135-23-dem10b-20161001.tif,1416492,7c0caf99684d22decd2e4378add8bedc
https://data.source.coop/smartmaps/japan-geotiff-dem/10/FG-GML-5135-24-dem10b-20161001.tif,1411905,be63a568d9263ee2371bd744322b40d3
https://data.source.coop/smartmaps/japan-geotiff-dem/10/FG-GML-5135-25-dem10b-20161001.tif,1397128,0fbde169e8aa2a6fc5e7a7a3c8adaa70
https://data.source.coop/smartmaps/japan-geotiff-dem/10/FG-GML-5135-26-dem10b-20161001.tif,1385911,a9756cee8a0c93f9f8677f3c0df83899
https://data.source.coop/smartmaps/japan-geotiff-dem/10/FG-GML-5135-27-dem10b-20161001.tif,1409925,48138faf2238914c3f84bb8decb6a008
https://data.source.coop/smartmaps/japan-geotiff-dem/10/FG-GML-5135-30-dem10b-20161001.tif,514789,5d48f619d2bb2f86c765a75961ddfcf1
https://data.source.coop/smartmaps/japan-geotiff-dem/10/FG-GML-5135-31-dem10b-20161001.tif,1234134,2170c40b6dc1a5a1efbcd4f2806b7a86
https://data.source.coop/smartmaps/japan-geotiff-dem/10/FG-GML-5135-32-dem10b-20161001.tif,1177433,200bc0750d61fbb2387d1efb127538c5
https://data.source.coop/smartmaps/japan-geotiff-dem/10/FG-GML-5135-33-dem10b-20161001.tif,1240326,64e29e38f3731e7f7111c86827f2e370
https://data.source.coop/smartmaps/japan-geotiff-dem/10/FG-GML-5135-34-dem10b-20161001.tif,1303557,1bec4d1c0a34482c2b39bb90c0788c5b
https://data.source.coop/smartmaps/japan-geotiff-dem/10/FG-GML-5135-35-dem10b-20161001.tif,1383421,dcfae8b4e164084bb8bd20aa86b430a5
https://data.source.coop/smartmaps/japan-geotiff-dem/10/FG-GML-5135-36-dem10b-20161001.tif,1406603,bf804222002b6bc6932f1ab9385acfcc
https://data.source.coop/smartmaps/japan-geotiff-dem/10/FG-GML-5135-37-dem10b-20161001.tif,1408438,25bb47336aa5e4dfb2104e11c496040b
https://data.source.coop/smartmaps/japan-geotiff-dem/10/FG-GML-5135-41-dem10b-20161001.tif,150204,425ac4cfa4a2dbc3fe08a4655a33c505
https://data.source.coop/smartmaps/japan-geotiff-dem/10/FG-GML-5135-42-dem10b-20161001.tif,989754,dfa4ea9535f934eefbfca805628b0f1c
https://data.source.coop/smartmaps/japan-geotiff-dem/10/FG-GML-5135-43-dem10b-20161001.tif,1381151,cba15a615b2bd7a87227641ca755eddc
https://data.source.coop/smartmaps/japan-geotiff-dem/10/FG-GML-5135-44-dem10b-20161001.tif,1400796,12b73a276dff2e0a215c157bb0f1f972
https://data.source.coop/smartmaps/japan-geotiff-dem/10/FG-GML-5135-45-dem10b-20161001.tif,1288130,5b39a0694403254e22d8ae766ae904d1
https://data.source.coop/smartmaps/japan-geotiff-dem/10/FG-GML-5135-46-dem10b-20161001.tif,1330084,98347cb8bc6f23f6f44ff9a401599bc1
https://data.source.coop/smartmaps/japan-geotiff-dem/10/FG-GML-5135-47-dem10b-20161001.tif,1383656,2ef26f920e6d9ae713194477165312c0
https://data.source.coop/smartmaps/japan-geotiff-dem/10/FG-GML-5135-51-dem10b-20161001.tif,48133,567e4b4529a5ca24c2daf88be6ff14ee
https://data.source.coop/smartmaps/japan-geotiff-dem/10/FG-GML-5135-52-dem10b-20161001.tif,237017,aa2493d68357340263b68dd27d244c7a
https://data.source.coop/smartmaps/japan-geotiff-dem/10/FG-GML-5135-53-dem10b-20161001.tif,947627,238c1b2ba4733e9ee611248cd9a6ece3
https://data.source.coop/smartmaps/japan-geotiff-dem/10/FG-GML-5135-54-dem10b-20161001.tif,1171285,2149568ad955979082832aa6d1126816
https://data.source.coop/smartmaps/japan-geotiff-dem/10/FG-GML-5135-55-dem10b-20161001.tif,1229654,f4cc67bebe46fce2ca1f09e8c85a22fd
https://data.source.coop/smartmaps/japan-geotiff-dem/10/FG-GML-5135-56-dem10b-20161001.tif,1209667,4298b1a2b162aa1233b5f1ec25e30918
https://data.source.coop/smartmaps/japan-geotiff-dem/10/FG-GML-5135-57-dem10b-20161001.tif,1352925,7c432829cb7d70851a350595c1deb9a5
https://data.source.coop/smartmaps/japan-geotiff-dem/10/FG-GML-5135-60-dem10b-20161001.tif,85862,507d21136e126517abd24fd6f7f6fb38
https://data.source.coop/smartmaps/japan-geotiff-dem/10/FG-GML-5135-62-dem10b-20161001.tif,8894,2234f5b378204b588fc06ca4fa2585f9
https://data.source.coop/smartmaps/japan-geotiff-dem/10/FG-GML-5135-63-dem10b-20161001.tif,553384,ac8f3bcaa2e0990dad7e2bdf9647f477
https://data.source.coop/smartmaps/japan-geotiff-dem/10/FG-GML-5135-64-dem10b-20161001.tif,798181,b65ad6de514366ec357df99a767e056c
https://data.source.coop/smartmaps/japan-geotiff-dem/10/FG-GML-5135-65-dem10b-20161001.tif,1050334,4c20fe41abdeee772e68e2d17013c458
https://data.source.coop/smartmaps/japan-geotiff-dem/10/FG-GML-5135-66-dem10b-20161001.tif,650945,84d681784441098300cdbb2254a9c0ad
https://data.source.coop/smartmaps/japan-geotiff-dem/10/FG-GML-5135-67-dem10b-20161001.tif,1345643,85ffaf07d6612ad8350cc8c76ce685c1
https://data.source.coop/smartmaps/japan-geotiff-dem/10/FG-GML-5135-70-dem10b-20161001.tif,532644,604c633c0b02e12747123fb2eb66f701
https://data.source.coop/smartmaps/japan-geotiff-dem/10/FG-GML-5135-71-dem10b-20161001.tif,126147,bf98756b26f844dcff1ed5465707b9c6
https://data.source.coop/smartmaps/japan-geotiff-dem/10/FG-GML-5135-72-dem10b-20161001.tif,2072,ae15639f86f9f61efc5d76968d65475e
https://data.source.coop/smartmaps/japan-geotiff-dem/10/FG-GML-5135-73-dem10b-20161001.tif,336340,41575692bb997c85e5338e6d32963e29
https://data.source.coop/smartmaps/japan-geotiff-dem/10/FG-GML-5135-74-dem10b-20161001.tif,411641,70cfa6d6cefac371615b02963c4d2d12
https://data.source.coop/smartmaps/japan-geotiff-dem/10/FG-GML-5135-75-dem10b-20161001.tif,1155139,9742e6f3dc2d04e954fde74b5c628546
https://data.source.coop/smartmaps/japan-geotiff-dem/10/FG-GML-5135-76-dem10b-20161001.tif,775838,5b8f33e4237d92f3d4cf77ad842c4644
https://data.source.coop/smartmaps/japan-geotiff-dem/10/FG-GML-5135-77-dem10b-20161001.tif,1336799,1d2a615c658da4130d379f26f871328c
https://data.source.coop/smartmaps/japan-geotiff-dem/10/FG-GML-5136-00-dem10b-20161001.tif,1405986,820a6bea3d21266a225487e600ce56e6
https://data.source.coop/smartmaps/japan-geotiff-dem/10/FG-GML-5136-01-dem10b-20161001.tif,1310460,5dea65b0fafcd897572a09fbba693b7c
https://data.source.coop/smartmaps/japan-geotiff-dem/10/FG-GML-5136-02-dem10b-20161001.tif,120555,cab0c39c60a7234787ad730e1ea5a3e0
https://data.source.coop/smartmaps/japan-geotiff-dem/10/FG-GML-5136-10-dem10b-20161001.tif,1406662,ab601bbc36341115a02ba1d9291a091e
https://data.source.coop/smartmaps/japan-geotiff-dem/10/FG-GML-5136-11-dem10b-20161001.tif,1391462,da3e32e8afd3924dfc3f02ab11de2171
https://data.source.coop/smartmaps/japan-geotiff-dem/10/FG-GML-5136-12-dem10b-20161001.tif,466990,2aa316dd74bb6376138198a531124d6d
https://data.source.coop/smartmaps/japan-geotiff-dem/10/FG-GML-5136-20-dem10b-20161001.tif,1421453,dc2fafb114a5cbdcac0e063be1a1cebf
https://data.source.coop/smartmaps/japan-geotiff-dem/10/FG-GML-5136-21-dem10b-20161001.tif,1458554,9ac9f19f24a46efd06d37cc4a540a431
https://data.source.coop/smartmaps/japan-geotiff-dem/10/FG-GML-5136-22-dem10b-20161001.tif,1233956,24518f4177ff5fd1d28fa9e9011a5280
https://data.source.coop/smartmaps/japan-geotiff-dem/10/FG-GML-5136-23-dem10b-20161001.tif,579105,9b0a6f023948cb39a84c3cbda8dd595d
https://data.source.coop/smartmaps/japan-geotiff-dem/10/FG-GML-5136-24-dem10b-20161001.tif,37385,a5a7532a6b27007ea1306ee5a2b892f1
https://data.source.coop/smartmaps/japan-geotiff-dem/10/FG-GML-5136-26-dem10b-20161001.tif,6228,7fe0340790a3f10efc5f40bb8d7f1360
https://data.source.coop/smartmaps/japan-geotiff-dem/10/FG-GML-5136-30-dem10b-20161001.tif,1421590,785d27d92740aeb859286fa861435a20
https://data.source.coop/smartmaps/japan-geotiff-dem/10/FG-GML-5136-31-dem10b-20161001.tif,1415307,22d8230fd70915f8c7b0a8d4dd64b556
https://data.source.coop/smartmaps/japan-geotiff-dem/10/FG-GML-5136-32-dem10b-20161001.tif,1424441,f07126479bba2aed7306e125577339bb
https://data.source.coop/smartmaps/japan-geotiff-dem/10/FG-GML-5136-33-dem10b-20161001.tif,1461847,c5097af4b4530f7ffa09aa15c5033e62
https://data.source.coop/smartmaps/japan-geotiff-dem/10/FG-GML-5136-34-dem10b-20161001.tif,1204485,12c9136661ef3de55518b720d6e594ef
https://data.source.coop/smartmaps/japan-geotiff-dem/10/FG-GML-5136-35-dem10b-20161001.tif,602236,795f226cf40a49440fc4c3ccdf86614c
https://data.source.coop/smartmaps/japan-geotiff-dem/10/FG-GML-5136-36-dem10b-20161001.tif,1027637,1fe7281ea84af83ce7475c6b06081aa3
https://data.source.coop/smartmaps/japan-geotiff-dem/10/FG-GML-5136-37-dem10b-20161001.tif,129937,9e7ff728bf8bb844739636b9b27f34b8
https://data.source.coop/smartmaps/japan-geotiff-dem/10/FG-GML-5136-40-dem10b-20161001.tif,1395148,abba243099e87f3773e520aef0b26921
https://data.source.coop/smartmaps/japan-geotiff-dem/10/FG-GML-5136-41-dem10b-20161001.tif,1405606,517f89b98502f510ddc660d8a47df058
https://data.source.coop/smartmaps/japan-geotiff-dem/10/FG-GML-5136-42-dem10b-20161001.tif,1440070,403c880675296c29943941bfc4eaebc9
https://data.source.coop/smartmaps/japan-geotiff-dem/10/FG-GML-5136-43-dem10b-20161001.tif,1383935,4570b2b1fd033a680f2945d08e3d3ca0
https://data.source.coop/smartmaps/japan-geotiff-dem/10/FG-GML-5136-44-dem10b-20161001.tif,1429595,c515e2b5f24711373a8fd5a7af3068b2
https://data.source.coop/smartmaps/japan-geotiff-dem/10/FG-GML-5136-45-dem10b-20161001.tif,1406331,227eabe49755841aa14c0fc832204e7c
https://data.source.coop/smartmaps/japan-geotiff-dem/10/FG-GML-5136-46-dem10b-20161001.tif,1329221,6e1d7d7983b052547ce2cd0e1782136a
https://data.source.coop/smartmaps/japan-geotiff-dem/10/FG-GML-5136-47-dem10b-20161001.tif,275094,f66db5185389b3d422b70e18b4e75c73
https://data.source.coop/smartmaps/japan-geotiff-dem/10/FG-GML-5136-50-dem10b-20161001.tif,1390492,27b5634a47dae403c889225cfe46b84d
https://data.source.coop/smartmaps/japan-geotiff-dem/10/FG-GML-5136-51-dem10b-20161001.tif,1384579,8a2f13b4edf91a62ca2cab4f5fd72c4b
https://data.source.coop/smartmaps/japan-geotiff-dem/10/FG-GML-5136-52-dem10b-20161001.tif,1426901,df54ef2fa2f745124941348b80396c3c
https://data.source.coop/smartmaps/japan-geotiff-dem/10/FG-GML-5136-53-dem10b-20161001.tif,1341486,2989bc28913c852ce145754430564feb
https://data.source.coop/smartmaps/japan-geotiff-dem/10/FG-GML-5136-54-dem10b-20161001.tif,1282459,9c6dfbe8f8030e5c53e81e613fc18fd5
https://data.source.coop/smartmaps/japan-geotiff-dem/10/FG-GML-5136-55-dem10b-20161001.tif,1194950,98332461498cf5f1e08e07d25498e796
https://data.source.coop/smartmaps/japan-geotiff-dem/10/FG-GML-5136-56-dem10b-20161001.tif,1317131,3f0a29d7c35b7a5f1e53db1b539bba39
https://data.source.coop/smartmaps/japan-geotiff-dem/10/FG-GML-5136-57-dem10b-20161001.tif,306999,3d89cb35538380b69916d897169fb262
https://data.source.coop/smartmaps/japan-geotiff-dem/10/FG-GML-5136-60-dem10b-20161001.tif,1384667,8f82675f6cd5a05075a3eeb917514881
https://data.source.coop/smartmaps/japan-geotiff-dem/10/FG-GML-5136-61-dem10b-20161001.tif,1376665,bde27a0e23b8d5a476492aaced9d1a83
https://data.source.coop/smartmaps/japan-geotiff-dem/10/FG-GML-5136-62-dem10b-20161001.tif,1419523,dab3424bef9863e01ce384721937b166
https://data.source.coop/smartmaps/japan-geotiff-dem/10/FG-GML-5136-63-dem10b-20161001.tif,1316901,17268169525d15156c38116a4e5842ee
https://data.source.coop/smartmaps/japan-geotiff-dem/10/FG-GML-5136-64-dem10b-20161001.tif,821574,c2a1506c88958e8ad0d4c4230cac13d3
https://data.source.coop/smartmaps/japan-geotiff-dem/10/FG-GML-5136-65-dem10b-20161001.tif,275600,028f53e7a1e939c90db286bcce33aaa4
https://data.source.coop/smartmaps/japan-geotiff-dem/10/FG-GML-5136-66-dem10b-20161001.tif,145093,587cf276f3e2d0fbbb0d6b44cf70d229
https://data.source.coop/smartmaps/japan-geotiff-dem/10/FG-GML-5136-67-dem10b-20161001.tif,104503,7461df90c8a9382dee25d19c8ac49533
https://data.source.coop/smartmaps/japan-geotiff-dem/10/FG-GML-5136-70-dem10b-20161001.tif,1243840,ee1e68c51fb47f157ee513efbd294f72
https://data.source.coop/smartmaps/japan-geotiff-dem/10/FG-GML-5136-71-dem10b-20161001.tif,1298437,97b30ca52d31ace71293a6336fb18da1
https://data.source.coop/smartmaps/japan-geotiff-dem/10/FG-GML-5136-72-dem10b-20161001.tif,1335019,b0504060ac0b0fdd6f6fd8e1c8f82820
https://data.source.coop/smartmaps/japan-geotiff-dem/10/FG-GML-5136-73-dem10b-20161001.tif,1032340,1984fa22c42669c9821b4db15c48de91
https://data.source.coop/smartmaps/japan-geotiff-dem/10/FG-GML-5136-74-dem10b-20161001.tif,219697,06bcdb697d85158b19374d95ab40d51f
https://data.source.coop/smartmaps/japan-geotiff-dem/10/FG-GML-5136-75-dem10b-20161001.tif,17919,3d6de9b4d8fd2bc6307c273df7c9ce98
https://data.source.coop/smartmaps/japan-geotiff-dem/10/FG-GML-5136-77-dem10b-20161001.tif,1178,b634c6b601da34ccc388d050c211c4f5
https://data.source.coop/smartmaps/japan-geotiff-dem/10/FG-GML-5137-60-dem10b-20161001.tif,21621,4fdb2851570237bc2cc9609073982b35
https://data.source.coop/smartmaps/japan-geotiff-dem/10/FG-GML-5137-70-dem10b-20161001.tif,465340,4d41deb6b40732ad68ff1146f1bd4750
https://data.source.coop/smartmaps/japan-geotiff-dem/10/FG-GML-5137-71-dem10b-20161001.tif,815870,a807bf49f2d3671055bd4ba10eab959a
https://data.source.coop/smartmaps/japan-geotiff-dem/10/FG-GML-5137-72-dem10b-20161001.tif,380529,706ddb09fe43ec8124da59c0c0361c5d
https://data.source.coop/smartmaps/japan-geotiff-dem/10/FG-GML-5137-73-dem10b-20161001.tif,48711,2fb433c981accd564f3c762debdc89d7
https://data.source.coop/smartmaps/japan-geotiff-dem/10/FG-GML-5137-75-dem10b-20161001.tif,30463,ef4cf60468793239337183b395616a49
https://data.source.coop/smartmaps/japan-geotiff-dem/10/FG-GML-5137-76-dem10b-20161001.tif,95556,e2e682c3ef96c3afbf1531771863b24e
https://data.source.coop/smartmaps/japan-geotiff-dem/10/FG-GML-5137-77-dem10b-20161001.tif,26461,89420c333febc54639ddeaabd67df5e3
https://data.source.coop/smartmaps/japan-geotiff-dem/10/FG-GML-5138-67-dem10b-20161001.tif,3063,551ec08764ed8684e9fd9712309e5238
https://data.source.coop/smartmaps/japan-geotiff-dem/10/FG-GML-5138-70-dem10b-20161001.tif,275718,ce891d10136515e7cacc7c24b7cd87a4
https://data.source.coop/smartmaps/japan-geotiff-dem/10/FG-GML-5138-71-dem10b-20161001.tif,534297,5453da3cf3f97e4c54d4828e126f0bca
https://data.source.coop/smartmaps/japan-geotiff-dem/10/FG-GML-5138-76-dem10b-20161001.tif,692723,d0c2d7ad70a62fc20a04a66e3d38432d
https://data.source.coop/smartmaps/japan-geotiff-dem/10/FG-GML-5138-77-dem10b-20161001.tif,310190,9bc1818a078228383159c3ba2d3f20e8
https://data.source.coop/smartmaps/japan-geotiff-dem/10/FG-GML-5139-03-DEM10A-20161001.tif,147277,ed69866802fe4f506250e6e664e0ed47
https://data.source.coop/smartmaps/japan-geotiff-dem/10/FG-GML-5139-03-dem10b-20161001.tif,110835,6d8c9b4a97a34119a056357228ffaefc
https://data.source.coop/smartmaps/japan-geotiff-dem/10/FG-GML-5139-04-DEM10A-20161001.tif,363769,6f9e0db943e33aa19ea5de07baa2e971
https://data.source.coop/smartmaps/japan-geotiff-dem/10/FG-GML-5139-04-dem10b-20161001.tif,249874,d48a278947640b9489f7423ce146981a
https://data.source.coop/smartmaps/japan-geotiff-dem/10/FG-GML-5139-13-dem10a-20161001.tif,95122,f0488932f7d445ca89447180a5b2ca1c
https://data.source.coop/smartmaps/japan-geotiff-dem/10/FG-GML-5139-13-dem10b-20161001.tif,67400,86f54a5bd8426785ac0fa50d841606a1
https://data.source.coop/smartmaps/japan-geotiff-dem/10/FG-GML-5139-14-dem10a-20161001.tif,453073,f0edb84baa7c916a580c262dd2d08d3d
https://data.source.coop/smartmaps/japan-geotiff-dem/10/FG-GML-5139-14-dem10b-20161001.tif,310226,6b1ff60c6e83c1b7f7f9d39d395f20af
https://data.source.coop/smartmaps/japan-geotiff-dem/10/FG-GML-5139-20-dem10b-20161001.tif,15620,0bdee648e935719af46a29eb3cf63248
https://data.source.coop/smartmaps/japan-geotiff-dem/10/FG-GML-5139-21-dem10b-20161001.tif,283847,a2e5138d7d6d10fab7cefa6c9e945d14
https://data.source.coop/smartmaps/japan-geotiff-dem/10/FG-GML-5139-31-dem10b-20161001.tif,59485,976652ea1f9932b8edf7310ef5808b0f
https://data.source.coop/smartmaps/japan-geotiff-dem/10/FG-GML-5139-32-dem10b-20161001.tif,7060,40770ae13e8474af8db6a1ed94df89d7
https://data.source.coop/smartmaps/japan-geotiff-dem/10/FG-GML-5139-41-dem10b-20161001.tif,42358,219649a03461d243f04a10dd4a0c069d
https://data.source.coop/smartmaps/japan-geotiff-dem/10/FG-GML-5139-42-dem10b-20161001.tif,283951,1e7a90dfd048a81005fc606e9cce373b
https://data.source.coop/smartmaps/japan-geotiff-dem/10/FG-GML-5139-52-dem10b-20161001.tif,37618,dca92d3374d9df7105cfe355117da4ec
https://data.source.coop/smartmaps/japan-geotiff-dem/10/FG-GML-5139-62-dem10b-20161001.tif,65198,f23061da25b239dc4585832cf9b327e0
https://data.source.coop/smartmaps/japan-geotiff-dem/10/FG-GML-5229-03-DEM10B-20161001.tif,342913,0904227d743a5866f59c85c94876d142
https://data.source.coop/smartmaps/japan-geotiff-dem/10/FG-GML-5229-04-DEM10B-20161001.tif,1195,e5458f5711e097042889e3348317f3b3
https://data.source.coop/smartmaps/japan-geotiff-dem/10/FG-GML-5231-04-dem10b-20161001.tif,4082,0c00893e309cae5c1b445cff2b9483c9
https://data.source.coop/smartmaps/japan-geotiff-dem/10/FG-GML-5231-05-dem10b-20161001.tif,113326,d6e6df57f8097e8e609df5465aa0d51a
https://data.source.coop/smartmaps/japan-geotiff-dem/10/FG-GML-5231-06-dem10b-20161001.tif,492127,00ed6c7f0702cffe4d8cdeca57dafc09
https://data.source.coop/smartmaps/japan-geotiff-dem/10/FG-GML-5231-07-dem10b-20161001.tif,1428726,30f43521291c3cb629a4b82eaef42c5a
https://data.source.coop/smartmaps/japan-geotiff-dem/10/FG-GML-5231-11-dem10b-20161001.tif,122957,72fdaaaaa3b0e6f1b2110e57074b7a58
https://data.source.coop/smartmaps/japan-geotiff-dem/10/FG-GML-5231-16-dem10b-20161001.tif,14811,46131c0b0c65ef4b6de0a7feebe11ea3
https://data.source.coop/smartmaps/japan-geotiff-dem/10/FG-GML-5231-17-dem10b-20161001.tif,824070,feaafc147efe12517ac8218aeb14fb30
https://data.source.coop/smartmaps/japan-geotiff-dem/10/FG-GML-5231-26-dem10b-20161001.tif,8245,c77c209ab8584b16ef6c689b1471d2d9
https://data.source.coop/smartmaps/japan-geotiff-dem/10/FG-GML-5231-27-dem10b-20161001.tif,14276,eb811458ee685477540e2660b0b935a7
https://data.source.coop/smartmaps/japan-geotiff-dem/10/FG-GML-5232-00-dem10b-20161001.tif,1409654,149431997699d7259074f6ae7bbae33f
https://data.source.coop/smartmaps/japan-geotiff-dem/10/FG-GML-5232-01-dem10b-20161001.tif,1316312,2b12225c04fd41975716bdc39699553a
https://data.source.coop/smartmaps/japan-geotiff-dem/10/FG-GML-5232-02-dem10b-20161001.tif,1320755,183b91b3cb67b459fbf31fdf50370120
https://data.source.coop/smartmaps/japan-geotiff-dem/10/FG-GML-5232-03-dem10b-20161001.tif,1339238,14a715ea2a1ddbd5f2d2c2f77dc9f53a
https://data.source.coop/smartmaps/japan-geotiff-dem/10/FG-GML-5232-04-dem10b-20161001.tif,1293110,29999773249bc853fe07c964cfdc9b59
https://data.source.coop/smartmaps/japan-geotiff-dem/10/FG-GML-5232-05-dem10b-20161001.tif,1278706,7361e5531f8eb59e5a496c6738a01514
https://data.source.coop/smartmaps/japan-geotiff-dem/10/FG-GML-5232-06-dem10b-20161001.tif,1244134,fc566a1cc9b06c667a0a3a4723e02f06
https://data.source.coop/smartmaps/japan-geotiff-dem/10/FG-GML-5232-07-dem10b-20161001.tif,1288036,6267695fe6884fd427707dce23c4d323
https://data.source.coop/smartmaps/japan-geotiff-dem/10/FG-GML-5232-10-dem10b-20161001.tif,1371867,b82034fe80f158cd891eb97ad9f28376
https://data.source.coop/smartmaps/japan-geotiff-dem/10/FG-GML-5232-11-dem10b-20161001.tif,1384643,f4943cb045af4ca20ded49d314301547
https://data.source.coop/smartmaps/japan-geotiff-dem/10/FG-GML-5232-12-dem10b-20161001.tif,1338643,9bb8b6214fe56e59c7051f41ac28792f
https://data.source.coop/smartmaps/japan-geotiff-dem/10/FG-GML-5232-13-dem10b-20161001.tif,1339163,bf0840674b7abb25e7c2a7bc1087983a
https://data.source.coop/smartmaps/japan-geotiff-dem/10/FG-GML-5232-14-dem10b-20161001.tif,1368006,d3198daceadd6ebc2c51f796e53c7241
https://data.source.coop/smartmaps/japan-geotiff-dem/10/FG-GML-5232-15-dem10b-20161001.tif,1310356,bef7ed3c0db09677121f6a96ec117bb1
https://data.source.coop/smartmaps/japan-geotiff-dem/10/FG-GML-5232-16-dem10b-20161001.tif,1281565,ee1720816eab312f099c1f312e17990c
https://data.source.coop/smartmaps/japan-geotiff-dem/10/FG-GML-5232-17-dem10b-20161001.tif,1195736,52c2ae58ccf809b38fe652ecf91a452d
https://data.source.coop/smartmaps/japan-geotiff-dem/10/FG-GML-5232-20-dem10b-20161001.tif,1045532,cf894c22001248500e2b30da00abf557
https://data.source.coop/smartmaps/japan-geotiff-dem/10/FG-GML-5232-21-dem10b-20161001.tif,1354440,09b9d17d2262c63290d8a23ec9ee442c
https://data.source.coop/smartmaps/japan-geotiff-dem/10/FG-GML-5232-22-dem10b-20161001.tif,1375509,6913586187474ab2869790954a52b5c9
https://data.source.coop/smartmaps/japan-geotiff-dem/10/FG-GML-5232-23-dem10b-20161001.tif,1355905,327c368fd3443d2d67e18346d40f95cb
https://data.source.coop/smartmaps/japan-geotiff-dem/10/FG-GML-5232-24-dem10b-20161001.tif,1326028,ebe791615edc3aad63ef6dd2d68baafb
https://data.source.coop/smartmaps/japan-geotiff-dem/10/FG-GML-5232-25-dem10b-20161001.tif,1378678,4940077835c14d01c12dd8c0690f7542
https://data.source.coop/smartmaps/japan-geotiff-dem/10/FG-GML-5232-26-dem10b-20161001.tif,1335085,424fa44a7e96b7ed5ec6d90ea0c833b7
https://data.source.coop/smartmaps/japan-geotiff-dem/10/FG-GML-5232-27-dem10b-20161001.tif,1270815,d4cfd7fb487f38ac22b556ebf7f8652d
https://data.source.coop/smartmaps/japan-geotiff-dem/10/FG-GML-5232-30-dem10b-20161001.tif,165761,fa0a117519d4e4303733d1f9b2269380
https://data.source.coop/smartmaps/japan-geotiff-dem/10/FG-GML-5232-31-dem10b-20161001.tif,1144877,c89205ab08496b550cc617ec8cf1d7c6
https://data.source.coop/smartmaps/japan-geotiff-dem/10/FG-GML-5232-32-dem10b-20161001.tif,1446415,a9ebb44942f4487997906331206d2d6c
https://data.source.coop/smartmaps/japan-geotiff-dem/10/FG-GML-5232-33-dem10b-20161001.tif,1412696,14d59d920b634bd176afaba526a81362
https://data.source.coop/smartmaps/japan-geotiff-dem/10/FG-GML-5232-34-dem10b-20161001.tif,1390582,8fd133631d2d2e3a62e567804a7a1441
https://data.source.coop/smartmaps/japan-geotiff-dem/10/FG-GML-5232-35-dem10b-20161001.tif,1389535,2e878e59b730af965eecf71a729b1e43
https://data.source.coop/smartmaps/japan-geotiff-dem/10/FG-GML-5232-36-dem10b-20161001.tif,1381079,7da02bcf4604b5b74f0f145d1f2bff8a
https://data.source.coop/smartmaps/japan-geotiff-dem/10/FG-GML-5232-37-dem10b-20161001.tif,1367168,85c802e2e3a0ac6246659706ab4f59f8
https://data.source.coop/smartmaps/japan-geotiff-dem/10/FG-GML-5232-41-dem10b-20161001.tif,167788,d11f728f73a006a34240a0beeab3ef75
https://data.source.coop/smartmaps/japan-geotiff-dem/10/FG-GML-5232-42-dem10b-20161001.tif,1117928,2bf64db9b21d39c7a3ee98a978a81b6e
https://data.source.coop/smartmaps/japan-geotiff-dem/10/FG-GML-5232-43-dem10b-20161001.tif,1394159,cc8146c2fb0edf66193f7eedc2b0fb9b
https://data.source.coop/smartmaps/japan-geotiff-dem/10/FG-GML-5232-44-dem10b-20161001.tif,1437181,301c9128469c4633cac80d4260371d00
https://data.source.coop/smartmaps/japan-geotiff-dem/10/FG-GML-5232-45-dem10b-20161001.tif,1363734,44c98f87ebc8e512c5c5fe81908fad1e
https://data.source.coop/smartmaps/japan-geotiff-dem/10/FG-GML-5232-46-dem10b-20161001.tif,1361368,918aa5650eb50065a2fa487ce16ab59c
https://data.source.coop/smartmaps/japan-geotiff-dem/10/FG-GML-5232-47-dem10b-20161001.tif,1333690,44ae9dea23a94175d4d5eca08b093781
https://data.source.coop/smartmaps/japan-geotiff-dem/10/FG-GML-5232-52-dem10b-20161001.tif,196502,cbb56e818989062efd46a3d347bf067e
https://data.source.coop/smartmaps/japan-geotiff-dem/10/FG-GML-5232-53-dem10b-20161001.tif,1335218,1d3f63875266f780043ab426338286fa
https://data.source.coop/smartmaps/japan-geotiff-dem/10/FG-GML-5232-54-dem10b-20161001.tif,1374701,ca737f3a69a908b16f2c3ec13f88c3c0
https://data.source.coop/smartmaps/japan-geotiff-dem/10/FG-GML-5232-55-dem10b-20161001.tif,1376455,6c8befdaf579119da369d640deb0641c
https://data.source.coop/smartmaps/japan-geotiff-dem/10/FG-GML-5232-56-dem10b-20161001.tif,1387899,81f46c05b87cff064d9029b91c6c5be8
https://data.source.coop/smartmaps/japan-geotiff-dem/10/FG-GML-5232-57-dem10b-20161001.tif,1369207,aabfa74c1e2e6de128a78d1e5a692b8e
https://data.source.coop/smartmaps/japan-geotiff-dem/10/FG-GML-5232-63-dem10b-20161001.tif,479304,c9917e17f109b27abe6f6c4a442203e4
https://data.source.coop/smartmaps/japan-geotiff-dem/10/FG-GML-5232-64-dem10b-20161001.tif,1328310,609990763e7f338abfae9531218c5f42
https://data.source.coop/smartmaps/japan-geotiff-dem/10/FG-GML-5232-65-dem10b-20161001.tif,1381187,77271eeda1a97eed62e17176c566d97d
https://data.source.coop/smartmaps/japan-geotiff-dem/10/FG-GML-5232-66-dem10b-20161001.tif,1371554,67e8661dc3c63a993c1c3829e69da6d1
https://data.source.coop/smartmaps/japan-geotiff-dem/10/FG-GML-5232-67-dem10b-20161001.tif,1370767,95bbf68b6d20b62941a584671f9b898e
https://data.source.coop/smartmaps/japan-geotiff-dem/10/FG-GML-5232-74-dem10b-20161001.tif,289063,e9d42c37a008188d5fc2866e36ca2573
https://data.source.coop/smartmaps/japan-geotiff-dem/10/FG-GML-5232-75-dem10b-20161001.tif,1277537,97d7bfd38b190ba5ffb1ec3fc645eb3e
https://data.source.coop/smartmaps/japan-geotiff-dem/10/FG-GML-5232-76-dem10b-20161001.tif,1418597,c955329f9fd872c37084c49f36be3e1e
https://data.source.coop/smartmaps/japan-geotiff-dem/10/FG-GML-5232-77-dem10b-20161001.tif,1343260,0236dbded1d0875ae9e9ea9b7c151f28
https://data.source.coop/smartmaps/japan-geotiff-dem/10/FG-GML-5233-00-dem10b-20161001.tif,1306249,2073315f641554003e9f4381f8f986e1
https://data.source.coop/smartmaps/japan-geotiff-dem/10/FG-GML-5233-01-dem10b-20161001.tif,1345731,f837d35d3ebf171a3c4d417340313192
https://data.source.coop/smartmaps/japan-geotiff-dem/10/FG-GML-5233-02-dem10b-20161001.tif,1378612,c012fc9f7dcd6d1f1a96cda464aa94e0
https://data.source.coop/smartmaps/japan-geotiff-dem/10/FG-GML-5233-03-dem10b-20161001.tif,1351152,9ab22886983f24dee863b8efd4aaf089
https://data.source.coop/smartmaps/japan-geotiff-dem/10/FG-GML-5233-04-dem10b-20161001.tif,1340813,2e5a6cbbf79e0ab4a7dcf3c1179e6597
https://data.source.coop/smartmaps/japan-geotiff-dem/10/FG-GML-5233-05-dem10b-20161001.tif,1271866,12a217f0cfa528abb1376af21c6526e7
https://data.source.coop/smartmaps/japan-geotiff-dem/10/FG-GML-5233-06-dem10b-20161001.tif,1152080,3497ae875a00841b71aab364e82dbe69
https://data.source.coop/smartmaps/japan-geotiff-dem/10/FG-GML-5233-07-dem10b-20161001.tif,1088016,03f559860507ee018cc9edd0e11939ec
https://data.source.coop/smartmaps/japan-geotiff-dem/10/FG-GML-5233-10-dem10b-20161001.tif,1326908,7d05d431bb3d671112501f8bc5d3bc82
https://data.source.coop/smartmaps/japan-geotiff-dem/10/FG-GML-5233-11-dem10b-20161001.tif,1388086,c50d45b7ee1cd11afb27305ea8f770ca
https://data.source.coop/smartmaps/japan-geotiff-dem/10/FG-GML-5233-12-dem10b-20161001.tif,1366087,e51c41033ceb3ae2de9feb937a7b09be
https://data.source.coop/smartmaps/japan-geotiff-dem/10/FG-GML-5233-13-dem10b-20161001.tif,1362565,4a8bdffe8458ed18f812237477db8744
https://data.source.coop/smartmaps/japan-geotiff-dem/10/FG-GML-5233-14-dem10b-20161001.tif,1316665,14b2e78abb8d24b06607ec87f4b9e28c
https://data.source.coop/smartmaps/japan-geotiff-dem/10/FG-GML-5233-15-dem10b-20161001.tif,1309542,5f6d7c7ddfdcb3ef30f4ad85319787d1
https://data.source.coop/smartmaps/japan-geotiff-dem/10/FG-GML-5233-16-dem10b-20161001.tif,1344164,b83d8701930b30cf1ae885f2a10ce04a
https://data.source.coop/smartmaps/japan-geotiff-dem/10/FG-GML-5233-17-dem10b-20161001.tif,1327359,8d7def8e49af6dddc359c65309a36df9
https://data.source.coop/smartmaps/japan-geotiff-dem/10/FG-GML-5233-20-dem10b-20161001.tif,1276994,d6a232ff09c8eb6b67563d1fbb9a36a3
https://data.source.coop/smartmaps/japan-geotiff-dem/10/FG-GML-5233-21-dem10b-20161001.tif,1363184,adb80cc54d1d4ac86a9616f3227e8351
https://data.source.coop/smartmaps/japan-geotiff-dem/10/FG-GML-5233-22-dem10b-20161001.tif,1332422,d83953e28e19fe0a2dc8385b1c5dc4be
https://data.source.coop/smartmaps/japan-geotiff-dem/10/FG-GML-5233-23-dem10b-20161001.tif,1378618,bddf5e7a1038f64846b3a1c7abc41c06
https://data.source.coop/smartmaps/japan-geotiff-dem/10/FG-GML-5233-24-dem10b-20161001.tif,1367387,4ec5aecae011e7d04584e11952e97016
https://data.source.coop/smartmaps/japan-geotiff-dem/10/FG-GML-5233-25-dem10b-20161001.tif,1298906,8876432a8f913e7aeb7fde5265f5ade5
https://data.source.coop/smartmaps/japan-geotiff-dem/10/FG-GML-5233-26-dem10b-20161001.tif,1353604,42997e7d86803f38780c55e7fec3dd22
https://data.source.coop/smartmaps/japan-geotiff-dem/10/FG-GML-5233-27-dem10b-20161001.tif,1342332,f049c093a0555fd1aa1b438c2e7e1dd8
https://data.source.coop/smartmaps/japan-geotiff-dem/10/FG-GML-5233-30-dem10b-20161001.tif,1343704,8df500fd5592fd9e92d5155bf0907925
https://data.source.coop/smartmaps/japan-geotiff-dem/10/FG-GML-5233-31-dem10b-20161001.tif,1333950,41daaf26a7d5da0f260e0b845738dfac
https://data.source.coop/smartmaps/japan-geotiff-dem/10/FG-GML-5233-32-dem10b-20161001.tif,1323205,0d4cbdb1f15dea26e108916ff0901ba7
https://data.source.coop/smartmaps/japan-geotiff-dem/10/FG-GML-5233-33-dem10b-20161001.tif,1315985,3508cb9f38f77d11a498023222eaa4ad
https://data.source.coop/smartmaps/japan-geotiff-dem/10/FG-GML-5233-34-dem10b-20161001.tif,1340306,c877cb8b46543f285b446be293d85f2c
https://data.source.coop/smartmaps/japan-geotiff-dem/10/FG-GML-5233-35-dem10b-20161001.tif,1312798,09f5ff776e6ea452bf354592c70fb280
https://data.source.coop/smartmaps/japan-geotiff-dem/10/FG-GML-5233-36-dem10b-20161001.tif,1398839,00f5e4d671421f1801259fe140006088
https://data.source.coop/smartmaps/japan-geotiff-dem/10/FG-GML-5233-37-dem10b-20161001.tif,1326296,4116234976b9b03957f5f158191045d5
https://data.source.coop/smartmaps/japan-geotiff-dem/10/FG-GML-5233-40-dem10b-20161001.tif,1376424,37b7bebd87d5fe7ae55b2bf2971930b2
https://data.source.coop/smartmaps/japan-geotiff-dem/10/FG-GML-5233-41-dem10b-20161001.tif,1352062,09287e403365e4b5eb9221a1f5bf0690
https://data.source.coop/smartmaps/japan-geotiff-dem/10/FG-GML-5233-42-dem10b-20161001.tif,1378865,ef8e9808472b7abd8713331e8a945132
https://data.source.coop/smartmaps/japan-geotiff-dem/10/FG-GML-5233-43-dem10b-20161001.tif,1400142,b69f0e2415783ee1ef3c2001ce054d8f
https://data.source.coop/smartmaps/japan-geotiff-dem/10/FG-GML-5233-44-dem10b-20161001.tif,1360489,d8d8c646d0ce7c005c9dda6761baafdd
https://data.source.coop/smartmaps/japan-geotiff-dem/10/FG-GML-5233-45-dem10b-20161001.tif,1338833,e0d8468d9af134494a44b5bcc401cba8
https://data.source.coop/smartmaps/japan-geotiff-dem/10/FG-GML-5233-46-dem10b-20161001.tif,1313306,d7470fe50801076bdcde95913777fb61
https://data.source.coop/smartmaps/japan-geotiff-dem/10/FG-GML-5233-47-dem10b-20161001.tif,1193490,dbe55b0b96c98bdcb850a9cdecead725
https://data.source.coop/smartmaps/japan-geotiff-dem/10/FG-GML-5233-50-dem10b-20161001.tif,1354288,398cc1ac0d228cfb78aa8099cef1ce32
https://data.source.coop/smartmaps/japan-geotiff-dem/10/FG-GML-5233-51-dem10b-20161001.tif,1366228,216ab8a561493fd32b5896d055b64053
https://data.source.coop/smartmaps/japan-geotiff-dem/10/FG-GML-5233-52-dem10b-20161001.tif,1370452,2a6bca5d088e5aceb13a440704c08585
https://data.source.coop/smartmaps/japan-geotiff-dem/10/FG-GML-5233-53-dem10b-20161001.tif,1361414,3c9784e966d0eab7d2e49c7f5a045a5b
https://data.source.coop/smartmaps/japan-geotiff-dem/10/FG-GML-5233-54-dem10b-20161001.tif,1366007,97f3a54a9058bb379a3c4a87df222c7e
https://data.source.coop/smartmaps/japan-geotiff-dem/10/FG-GML-5233-55-dem10b-20161001.tif,1387972,8f8d47cd2d31f2ce168bbf02fcbeb5f3
https://data.source.coop/smartmaps/japan-geotiff-dem/10/FG-GML-5233-56-dem10b-20161001.tif,1411947,fbc0eb66a55a7aaf348042a74fd8269c
https://data.source.coop/smartmaps/japan-geotiff-dem/10/FG-GML-5233-57-dem10b-20161001.tif,1296767,e8615108ca21016cb19849b4e72ddac4
https://data.source.coop/smartmaps/japan-geotiff-dem/10/FG-GML-5233-60-dem10b-20161001.tif,1330081,266eb05d53af7a8aee8edb069ddf7e66
https://data.source.coop/smartmaps/japan-geotiff-dem/10/FG-GML-5233-61-dem10b-20161001.tif,1354262,9a1dde202cc24ad4cf10da51073d3993
https://data.source.coop/smartmaps/japan-geotiff-dem/10/FG-GML-5233-62-dem10b-20161001.tif,1399247,b978323823caee2cdf8684963c748e1d
https://data.source.coop/smartmaps/japan-geotiff-dem/10/FG-GML-5233-63-dem10b-20161001.tif,1376287,9f4acd5e987e11e18867cbafbeb457bd
https://data.source.coop/smartmaps/japan-geotiff-dem/10/FG-GML-5233-64-dem10b-20161001.tif,1354779,c921a675932533631ec3b12555bdaaed
https://data.source.coop/smartmaps/japan-geotiff-dem/10/FG-GML-5233-65-dem10b-20161001.tif,1352240,2fe4966f8d4489920b2436ce049a531e
https://data.source.coop/smartmaps/japan-geotiff-dem/10/FG-GML-5233-66-dem10b-20161001.tif,1372700,2bc1743046357fbe57aed27b548f60bd
https://data.source.coop/smartmaps/japan-geotiff-dem/10/FG-GML-5233-67-dem10b-20161001.tif,1388377,c7b18075ad661f4ae342b24bdc401704
https://data.source.coop/smartmaps/japan-geotiff-dem/10/FG-GML-5233-70-dem10b-20161001.tif,1393470,1d18a6546a71c952447331f1bfee7685
https://data.source.coop/smartmaps/japan-geotiff-dem/10/FG-GML-5233-71-dem10b-20161001.tif,1406561,8acb810d41924283f94e8e7fcf9d979f
https://data.source.coop/smartmaps/japan-geotiff-dem/10/FG-GML-5233-72-dem10b-20161001.tif,1401078,926c98067ebbd523a04e7fd170d43390
https://data.source.coop/smartmaps/japan-geotiff-dem/10/FG-GML-5233-73-dem10b-20161001.tif,1364169,9c346b3092e6f7119699e709cd899a21
https://data.source.coop/smartmaps/japan-geotiff-dem/10/FG-GML-5233-74-dem10b-20161001.tif,1335465,92480ea325006ec333fda8dc5eef9415
https://data.source.coop/smartmaps/japan-geotiff-dem/10/FG-GML-5233-75-dem10b-20161001.tif,1282752,3832b5920c0595f2c880d5f541fc930f
https://data.source.coop/smartmaps/japan-geotiff-dem/10/FG-GML-5233-76-dem10b-20161001.tif,1391000,43d2d60b18e1de654a2cb2f429e22664
https://data.source.coop/smartmaps/japan-geotiff-dem/10/FG-GML-5233-77-dem10b-20161001.tif,1357126,f27d45adc20dcde9fdcdef30756819c7
https://data.source.coop/smartmaps/japan-geotiff-dem/10/FG-GML-5234-00-dem10b-20161001.tif,1130381,f6c14132cfc01aa7df12cacd5b44e6d6
https://data.source.coop/smartmaps/japan-geotiff-dem/10/FG-GML-5234-01-dem10b-20161001.tif,1208997,dcd388d821b378bb8f31778cf393a168
https://data.source.coop/smartmaps/japan-geotiff-dem/10/FG-GML-5234-02-dem10b-20161001.tif,572534,f15fa78301e09971a78ea06853bb6166
https://data.source.coop/smartmaps/japan-geotiff-dem/10/FG-GML-5234-03-dem10b-20161001.tif,92524,3d422c543833f413db858f334b382557
https://data.source.coop/smartmaps/japan-geotiff-dem/10/FG-GML-5234-04-dem10b-20161001.tif,104035,6175be7a2f6922fdf607446995193f46
https://data.source.coop/smartmaps/japan-geotiff-dem/10/FG-GML-5234-05-dem10b-20161001.tif,6321,89e7b53e4d70e0fd488fe47b918e1581
https://data.source.coop/smartmaps/japan-geotiff-dem/10/FG-GML-5234-06-dem10b-20161001.tif,158789,3c894f699db1a6989aaed31b45e75bdd
https://data.source.coop/smartmaps/japan-geotiff-dem/10/FG-GML-5234-07-dem10b-20161001.tif,757995,a4ee8d235e7ba97a3822a25785811131
https://data.source.coop/smartmaps/japan-geotiff-dem/10/FG-GML-5234-10-dem10b-20161001.tif,1243782,6ee7c6b3adec5833f4cb6e9a177d4528
https://data.source.coop/smartmaps/japan-geotiff-dem/10/FG-GML-5234-11-dem10b-20161001.tif,1343862,17d0413a0e3f20fdb6e0466bdc3a6b8f
https://data.source.coop/smartmaps/japan-geotiff-dem/10/FG-GML-5234-12-dem10b-20161001.tif,1376498,7f66a2b11dbc6fb4ceca7ccb841d39c1
https://data.source.coop/smartmaps/japan-geotiff-dem/10/FG-GML-5234-13-dem10b-20161001.tif,1149513,895ee4a21de57db4b72e686a7f16625c
https://data.source.coop/smartmaps/japan-geotiff-dem/10/FG-GML-5234-14-dem10b-20161001.tif,646373,70cfefc5a2a572d9217b553fcf014a5b
https://data.source.coop/smartmaps/japan-geotiff-dem/10/FG-GML-5234-15-dem10b-20161001.tif,546568,49000a4ed561532b7e2aef010dc98469
https://data.source.coop/smartmaps/japan-geotiff-dem/10/FG-GML-5234-16-dem10b-20161001.tif,824538,4b8e6d1af9631761deeb20bf7fd38ee8
https://data.source.coop/smartmaps/japan-geotiff-dem/10/FG-GML-5234-17-dem10b-20161001.tif,938621,03e2eff06dacaedeaa1df11d020101ee
https://data.source.coop/smartmaps/japan-geotiff-dem/10/FG-GML-5234-20-dem10b-20161001.tif,1361142,e500c5a4b06577c4613b334dc1f42ebb
https://data.source.coop/smartmaps/japan-geotiff-dem/10/FG-GML-5234-21-dem10b-20161001.tif,1364974,8fc2b3a1afe17e2e6406c736a212e1c6
https://data.source.coop/smartmaps/japan-geotiff-dem/10/FG-GML-5234-22-dem10b-20161001.tif,1332431,e5bfbfb60b08f692c7ef5a699ddf9a5b
https://data.source.coop/smartmaps/japan-geotiff-dem/10/FG-GML-5234-23-dem10b-20161001.tif,1336339,0b743f67df611f464a21c3c99fcaf11a
https://data.source.coop/smartmaps/japan-geotiff-dem/10/FG-GML-5234-24-dem10b-20161001.tif,1116947,d3467185d9b14defab818d3ab28a4512
https://data.source.coop/smartmaps/japan-geotiff-dem/10/FG-GML-5234-25-dem10b-20161001.tif,1110476,0d3e5a8222c3b67c4b76803d0ed34041
https://data.source.coop/smartmaps/japan-geotiff-dem/10/FG-GML-5234-26-dem10b-20161001.tif,1148701,3cf7a833e6cb0cf8428449d6492b2920
https://data.source.coop/smartmaps/japan-geotiff-dem/10/FG-GML-5234-27-dem10b-20161001.tif,892947,2f2bf1920e0985a03cba3166617c9a6e
https://data.source.coop/smartmaps/japan-geotiff-dem/10/FG-GML-5234-30-dem10b-20161001.tif,1327011,7bda359c0f5e21a02f9d80c303603c03
https://data.source.coop/smartmaps/japan-geotiff-dem/10/FG-GML-5234-31-dem10b-20161001.tif,1332087,a0af6cf562fc017ffbd639d02e474201
https://data.source.coop/smartmaps/japan-geotiff-dem/10/FG-GML-5234-32-dem10b-20161001.tif,1354458,1258aa7c6c274247332d69014ed8391b
https://data.source.coop/smartmaps/japan-geotiff-dem/10/FG-GML-5234-33-dem10b-20161001.tif,1352105,463fc16ab1624c287deee2159433c274
https://data.source.coop/smartmaps/japan-geotiff-dem/10/FG-GML-5234-34-dem10b-20161001.tif,1287699,c0dccb349729a3f717d56f2c11076512
https://data.source.coop/smartmaps/japan-geotiff-dem/10/FG-GML-5234-35-dem10b-20161001.tif,1292185,0668dd8ae9687152a3136f96f2144cde
https://data.source.coop/smartmaps/japan-geotiff-dem/10/FG-GML-5234-36-dem10b-20161001.tif,1126258,dcd17d366ca5f7ca2fa51571fa489897
https://data.source.coop/smartmaps/japan-geotiff-dem/10/FG-GML-5234-37-dem10b-20161001.tif,1111068,95ecd65f5e6b05c7d9bbcd17f625468a
https://data.source.coop/smartmaps/japan-geotiff-dem/10/FG-GML-5234-40-dem10b-20161001.tif,1196185,a4fd83edf2a48673987053eb1e262a9b
https://data.source.coop/smartmaps/japan-geotiff-dem/10/FG-GML-5234-41-dem10b-20161001.tif,1261487,f7064a819bcca3168a4df345382347db
https://data.source.coop/smartmaps/japan-geotiff-dem/10/FG-GML-5234-42-dem10b-20161001.tif,1342623,02af28f917999a2a63ad80d4976f2516
https://data.source.coop/smartmaps/japan-geotiff-dem/10/FG-GML-5234-43-dem10b-20161001.tif,1366801,451067d9b6ac62f67f70fb8a82f8bfce
https://data.source.coop/smartmaps/japan-geotiff-dem/10/FG-GML-5234-44-dem10b-20161001.tif,1355706,b305ba1ea36ac591c02a441a8c579a7b
https://data.source.coop/smartmaps/japan-geotiff-dem/10/FG-GML-5234-45-dem10b-20161001.tif,1392966,5b85e6cfd89c48d0629024dca6a6efc7
https://data.source.coop/smartmaps/japan-geotiff-dem/10/FG-GML-5234-46-dem10b-20161001.tif,1318789,68ebed3f15735e1b0ab74e3f3482bffa
https://data.source.coop/smartmaps/japan-geotiff-dem/10/FG-GML-5234-47-dem10b-20161001.tif,1202598,09a260bb63d5efa8ea00141f2086ed53
https://data.source.coop/smartmaps/japan-geotiff-dem/10/FG-GML-5234-50-dem10b-20161001.tif,1271669,3bcb03c5b17471ec37a69b27745e7459
https://data.source.coop/smartmaps/japan-geotiff-dem/10/FG-GML-5234-51-dem10b-20161001.tif,1269966,ac0d4412a45c2a38dffad81baf86bb3d
https://data.source.coop/smartmaps/japan-geotiff-dem/10/FG-GML-5234-52-dem10b-20161001.tif,1359132,7836c5cb847838d7cbed13f6bc95b9f6
https://data.source.coop/smartmaps/japan-geotiff-dem/10/FG-GML-5234-53-dem10b-20161001.tif,1371856,dd0bf0176a77080ab2d0949e46022e61
https://data.source.coop/smartmaps/japan-geotiff-dem/10/FG-GML-5234-54-dem10b-20161001.tif,1364754,de2eebb2e994caa477af463cb1f333a4
https://data.source.coop/smartmaps/japan-geotiff-dem/10/FG-GML-5234-55-dem10b-20161001.tif,1364052,49878d6abe9d8a7847edda18802a328c
https://data.source.coop/smartmaps/japan-geotiff-dem/10/FG-GML-5234-56-dem10b-20161001.tif,1376694,278127520d4897239aae00db17dffbbc
https://data.source.coop/smartmaps/japan-geotiff-dem/10/FG-GML-5234-57-dem10b-20161001.tif,1317908,bcd0e3aa11e7c5d973dc1a650057d81e
https://data.source.coop/smartmaps/japan-geotiff-dem/10/FG-GML-5234-60-dem10b-20161001.tif,1372522,eeffc5770e802f9a430b474a35ca5782
https://data.source.coop/smartmaps/japan-geotiff-dem/10/FG-GML-5234-61-dem10b-20161001.tif,1376448,cd7ce1becf0c5d7651033428a9c1d4dc
https://data.source.coop/smartmaps/japan-geotiff-dem/10/FG-GML-5234-62-dem10b-20161001.tif,1393897,9f1bc82e4b5bdb5800a253a012f466eb
https://data.source.coop/smartmaps/japan-geotiff-dem/10/FG-GML-5234-63-dem10b-20161001.tif,1385925,a584157b8a06197f9050ce42b422d727
https://data.source.coop/smartmaps/japan-geotiff-dem/10/FG-GML-5234-64-dem10b-20161001.tif,1391510,2b78656fb707da9bdc269d407217f750
https://data.source.coop/smartmaps/japan-geotiff-dem/10/FG-GML-5234-65-dem10b-20161001.tif,1396824,2d33204d8d5431f88f7034f740fb9e54
https://data.source.coop/smartmaps/japan-geotiff-dem/10/FG-GML-5234-66-dem10b-20161001.tif,1381441,54b41f2db2f5c6ce7fb01c0fb474083f
https://data.source.coop/smartmaps/japan-geotiff-dem/10/FG-GML-5234-67-dem10b-20161001.tif,1375677,459ac1b42843b471027d5715d88427ea
https://data.source.coop/smartmaps/japan-geotiff-dem/10/FG-GML-5234-70-dem10b-20161001.tif,1362870,d61a4f401431805a822e944ebc89824c
https://data.source.coop/smartmaps/japan-geotiff-dem/10/FG-GML-5234-71-dem10b-20161001.tif,1400516,130eca1ed591be983397232a97604d46
https://data.source.coop/smartmaps/japan-geotiff-dem/10/FG-GML-5234-72-dem10b-20161001.tif,1399732,c51c5d78beb3a1ca7155f1bdabbecf70
https://data.source.coop/smartmaps/japan-geotiff-dem/10/FG-GML-5234-73-dem10b-20161001.tif,1396400,e7644c23b8a39091e0589dc93cb8ea56
https://data.source.coop/smartmaps/japan-geotiff-dem/10/FG-GML-5234-74-dem10b-20161001.tif,1390404,e853a129e26b8c775e45e3c1f1eb60e0
https://data.source.coop/smartmaps/japan-geotiff-dem/10/FG-GML-5234-75-dem10b-20161001.tif,1409851,a37e3f25afd6aabd01c8ec21277dbbb0
https://data.source.coop/smartmaps/japan-geotiff-dem/10/FG-GML-5234-76-dem10b-20161001.tif,1342711,c145e64a80217c20b5c5cce2c1380c4f
https://data.source.coop/smartmaps/japan-geotiff-dem/10/FG-GML-5234-77-dem10b-20161001.tif,1349775,f89c8d92b6318887a582dd1ed0434888
https://data.source.coop/smartmaps/japan-geotiff-dem/10/FG-GML-5235-00-dem10b-20161001.tif,1154513,609245534609a44d4d6961b457bbea4c
https://data.source.coop/smartmaps/japan-geotiff-dem/10/FG-GML-5235-01-dem10b-20161001.tif,1074244,6f4145e1d3772622175fe25e6fa3572a
https://data.source.coop/smartmaps/japan-geotiff-dem/10/FG-GML-5235-02-dem10b-20161001.tif,473062,077c10642f3267636143f48cf7c1fdc4
https://data.source.coop/smartmaps/japan-geotiff-dem/10/FG-GML-5235-03-dem10b-20161001.tif,407362,6cf4d017953111cb5edf3099a8f57c84
https://data.source.coop/smartmaps/japan-geotiff-dem/10/FG-GML-5235-04-dem10b-20161001.tif,303958,afd697f6d1830df0c79dddac461af1f8
https://data.source.coop/smartmaps/japan-geotiff-dem/10/FG-GML-5235-05-dem10b-20161001.tif,1158622,20506b6674cce21015e2e64abb3e4a19
https://data.source.coop/smartmaps/japan-geotiff-dem/10/FG-GML-5235-06-dem10b-20161001.tif,985644,7580514d6999ee2baa72fa9cfb6d3f49
https://data.source.coop/smartmaps/japan-geotiff-dem/10/FG-GML-5235-07-dem10b-20161001.tif,1331652,49799f160184eaa9ce63752c7e9efa7a
https://data.source.coop/smartmaps/japan-geotiff-dem/10/FG-GML-5235-10-dem10b-20161001.tif,1212534,ced905d255139b34abb1f048b3602620
https://data.source.coop/smartmaps/japan-geotiff-dem/10/FG-GML-5235-11-dem10b-20161001.tif,1302101,454b0e938a80a22e259b42522b2ed451
https://data.source.coop/smartmaps/japan-geotiff-dem/10/FG-GML-5235-12-dem10b-20161001.tif,1230074,351119979acef228f2f161df8925f8e3
https://data.source.coop/smartmaps/japan-geotiff-dem/10/FG-GML-5235-13-dem10b-20161001.tif,718295,3c25939d51ce8fc47b86e9a75d8138a5
https://data.source.coop/smartmaps/japan-geotiff-dem/10/FG-GML-5235-14-dem10b-20161001.tif,613723,10edbce80fc1301e1657eef908f015d9
https://data.source.coop/smartmaps/japan-geotiff-dem/10/FG-GML-5235-15-dem10b-20161001.tif,1082611,8ba8d8afc298935a477e253ab9a87d77
https://data.source.coop/smartmaps/japan-geotiff-dem/10/FG-GML-5235-16-dem10b-20161001.tif,1129620,f4620d7eaba0e5fa19a3adf3a678a422
https://data.source.coop/smartmaps/japan-geotiff-dem/10/FG-GML-5235-17-dem10b-20161001.tif,1390916,9190b10a5a3cc0fe0c4a029bf802889a
https://data.source.coop/smartmaps/japan-geotiff-dem/10/FG-GML-5235-20-dem10b-20161001.tif,1196222,8933b4469ccae1ad346dbbbafa7656ff
https://data.source.coop/smartmaps/japan-geotiff-dem/10/FG-GML-5235-21-dem10b-20161001.tif,1146210,1710f64ed22df85e6bcdc440271219b1
https://data.source.coop/smartmaps/japan-geotiff-dem/10/FG-GML-5235-22-dem10b-20161001.tif,1317216,f969dfc29a24dc8287f97f5913362594
https://data.source.coop/smartmaps/japan-geotiff-dem/10/FG-GML-5235-23-dem10b-20161001.tif,1275409,951009184a93ffed6fe274e024b5fd90
https://data.source.coop/smartmaps/japan-geotiff-dem/10/FG-GML-5235-24-dem10b-20161001.tif,1205789,d60ec3171350515b2c031e886e077b74
https://data.source.coop/smartmaps/japan-geotiff-dem/10/FG-GML-5235-25-dem10b-20161001.tif,912972,da53e2b66d982c2302b6697f6ec25630
https://data.source.coop/smartmaps/japan-geotiff-dem/10/FG-GML-5235-26-dem10b-20161001.tif,1077981,37cc88109de6b4cda82a39bdef3b6bcc
https://data.source.coop/smartmaps/japan-geotiff-dem/10/FG-GML-5235-27-dem10b-20161001.tif,1374435,fe3e755f93ffc66cf00b1c03e979d389
https://data.source.coop/smartmaps/japan-geotiff-dem/10/FG-GML-5235-30-dem10b-20161001.tif,1302101,91779b783554bf05c7092fe090d47166
https://data.source.coop/smartmaps/japan-geotiff-dem/10/FG-GML-5235-31-dem10b-20161001.tif,1244319,5fcda2ffe7eb10c0b72d01012b613ff7
https://data.source.coop/smartmaps/japan-geotiff-dem/10/FG-GML-5235-32-dem10b-20161001.tif,1319595,25a7d8d7f39fa8809419d4c1071bf858
https://data.source.coop/smartmaps/japan-geotiff-dem/10/FG-GML-5235-33-dem10b-20161001.tif,1314685,d103661d8a58d5f7f4fe5670a3f0f181
https://data.source.coop/smartmaps/japan-geotiff-dem/10/FG-GML-5235-34-dem10b-20161001.tif,1348346,d730eff140cdd17008ea81a62d953d72
https://data.source.coop/smartmaps/japan-geotiff-dem/10/FG-GML-5235-35-dem10b-20161001.tif,940649,d9bb94bcaec0eb63919eb504e46eb71c
https://data.source.coop/smartmaps/japan-geotiff-dem/10/FG-GML-5235-36-dem10b-20161001.tif,1149598,e36f691f50b5a454c355500d3e94e4b6
https://data.source.coop/smartmaps/japan-geotiff-dem/10/FG-GML-5235-37-dem10b-20161001.tif,1143736,658800fe4781b2708c64e1c529b124fc
https://data.source.coop/smartmaps/japan-geotiff-dem/10/FG-GML-5235-40-dem10b-20161001.tif,1314425,f42688a031cb4a263a71a997d8a5155d
https://data.source.coop/smartmaps/japan-geotiff-dem/10/FG-GML-5235-41-dem10b-20161001.tif,1226390,e93b972a2aff7fdb9ac53db6dc7928ea
https://data.source.coop/smartmaps/japan-geotiff-dem/10/FG-GML-5235-42-dem10b-20161001.tif,1322074,1b09e27a61695ec20c07055add83d9bd
https://data.source.coop/smartmaps/japan-geotiff-dem/10/FG-GML-5235-43-dem10b-20161001.tif,1333564,fd967eea78e8d10be48942cee94d285a
https://data.source.coop/smartmaps/japan-geotiff-dem/10/FG-GML-5235-44-dem10b-20161001.tif,1134918,659f522055316a13ffee853326406a10
https://data.source.coop/smartmaps/japan-geotiff-dem/10/FG-GML-5235-45-dem10b-20161001.tif,1235905,b323ed5ce81bd65151b4554efdb27104
https://data.source.coop/smartmaps/japan-geotiff-dem/10/FG-GML-5235-46-dem10b-20161001.tif,1116622,210d6314a28ac6ceb023dc671ac4b360
https://data.source.coop/smartmaps/japan-geotiff-dem/10/FG-GML-5235-47-dem10b-20161001.tif,322406,066d370443150ee90d2ea2cd98514fe5
https://data.source.coop/smartmaps/japan-geotiff-dem/10/FG-GML-5235-50-dem10b-20161001.tif,1245820,818cf6ceb97f0141bc5dd25e0de8c427
https://data.source.coop/smartmaps/japan-geotiff-dem/10/FG-GML-5235-51-dem10b-20161001.tif,1312430,1e48a88b5f47838483bf234cb531082e
https://data.source.coop/smartmaps/japan-geotiff-dem/10/FG-GML-5235-52-dem10b-20161001.tif,1329016,2388cf6d789b19b1e288c32facdec3a5
https://data.source.coop/smartmaps/japan-geotiff-dem/10/FG-GML-5235-53-dem10b-20161001.tif,1297017,3863670d8b5799b798097e716782f69e
https://data.source.coop/smartmaps/japan-geotiff-dem/10/FG-GML-5235-54-dem10b-20161001.tif,1326996,1a55bcb070005aa65c5e6463b3b1052f
https://data.source.coop/smartmaps/japan-geotiff-dem/10/FG-GML-5235-55-dem10b-20161001.tif,1403945,071fcecb62f6329d59fd12490226f235
https://data.source.coop/smartmaps/japan-geotiff-dem/10/FG-GML-5235-56-dem10b-20161001.tif,1382501,0ed5059d7e8948e75f5c0df137e49780
https://data.source.coop/smartmaps/japan-geotiff-dem/10/FG-GML-5235-57-dem10b-20161001.tif,488467,c03914b540157f029f30af3a721cf9fd
https://data.source.coop/smartmaps/japan-geotiff-dem/10/FG-GML-5235-60-dem10b-20161001.tif,1214135,349022e50fcf2199d97092bb61661d63
https://data.source.coop/smartmaps/japan-geotiff-dem/10/FG-GML-5235-61-dem10b-20161001.tif,1308025,75c4f883b04dcec072fda288bb35eb05
https://data.source.coop/smartmaps/japan-geotiff-dem/10/FG-GML-5235-62-dem10b-20161001.tif,1374584,32dd20e3afbae7eb8063b4048e345923
https://data.source.coop/smartmaps/japan-geotiff-dem/10/FG-GML-5235-63-dem10b-20161001.tif,1320414,89a6a97a8a0a9d22f1f469f46dd1cef6
https://data.source.coop/smartmaps/japan-geotiff-dem/10/FG-GML-5235-64-dem10b-20161001.tif,1368365,78b1f4899aceb4ce57e75e16c85cd1e6
https://data.source.coop/smartmaps/japan-geotiff-dem/10/FG-GML-5235-65-dem10b-20161001.tif,1363794,456f09afb3b3c6c3cc8feb1709d6ca9d
https://data.source.coop/smartmaps/japan-geotiff-dem/10/FG-GML-5235-66-dem10b-20161001.tif,1386849,ef82f3d77056ef82940de46d6921e7d4
https://data.source.coop/smartmaps/japan-geotiff-dem/10/FG-GML-5235-67-dem10b-20161001.tif,639236,71eb6c970ab1e7d9c6557d447d653b1b
https://data.source.coop/smartmaps/japan-geotiff-dem/10/FG-GML-5235-70-dem10b-20161001.tif,1300347,d07b1767e36ebce8a116ae29e286232b
https://data.source.coop/smartmaps/japan-geotiff-dem/10/FG-GML-5235-71-dem10b-20161001.tif,1200207,bb11648196166b1005a2e0c3ca9509e7
https://data.source.coop/smartmaps/japan-geotiff-dem/10/FG-GML-5235-72-dem10b-20161001.tif,1358157,11a5571ed49394d2a90f9f10a580fea9
https://data.source.coop/smartmaps/japan-geotiff-dem/10/FG-GML-5235-73-dem10b-20161001.tif,1374636,f2dc9ba9e77401e47700d9668dbf0634
https://data.source.coop/smartmaps/japan-geotiff-dem/10/FG-GML-5235-74-dem10b-20161001.tif,1373533,9fa560d53f5f7bdfd7a91b53799339d0
https://data.source.coop/smartmaps/japan-geotiff-dem/10/FG-GML-5235-75-dem10b-20161001.tif,1407051,2289cb79a6a120e436d51fa40abfe7d3
https://data.source.coop/smartmaps/japan-geotiff-dem/10/FG-GML-5235-76-dem10b-20161001.tif,1379802,966a9f456c9ebaa1f2818cfffd772f64
https://data.source.coop/smartmaps/japan-geotiff-dem/10/FG-GML-5235-77-dem10b-20161001.tif,1272913,43cdc867cbbea986f136b90be3e2d447
https://data.source.coop/smartmaps/japan-geotiff-dem/10/FG-GML-5236-00-dem10b-20161001.tif,1250908,b135ae2c79f11fd168ae1f1002e91998
https://data.source.coop/smartmaps/japan-geotiff-dem/10/FG-GML-5236-01-dem10b-20161001.tif,1136082,96eb1b7428a1811212d8bf8a9b54058d
https://data.source.coop/smartmaps/japan-geotiff-dem/10/FG-GML-5236-02-dem10b-20161001.tif,1381651,19b7e8eed6355c8339acd392c708089a
https://data.source.coop/smartmaps/japan-geotiff-dem/10/FG-GML-5236-03-dem10b-20161001.tif,1071449,de0b46f4847ec7679238801a500d4a88
https://data.source.coop/smartmaps/japan-geotiff-dem/10/FG-GML-5236-04-dem10b-20161001.tif,178204,677972cf6b582ce4735a7213efe3573c
https://data.source.coop/smartmaps/japan-geotiff-dem/10/FG-GML-5236-06-dem10b-20161001.tif,40547,c1428a94b7543aab5134f928733bbd0a
https://data.source.coop/smartmaps/japan-geotiff-dem/10/FG-GML-5236-07-dem10b-20161001.tif,472624,4b1738d382f582982407f4082ccda366
https://data.source.coop/smartmaps/japan-geotiff-dem/10/FG-GML-5236-10-dem10b-20161001.tif,1303815,052399817b0c62c0e8697391dbf79172
https://data.source.coop/smartmaps/japan-geotiff-dem/10/FG-GML-5236-11-dem10b-20161001.tif,1056463,0edf9e7f5196fc3b40092a9207eb2bb6
https://data.source.coop/smartmaps/japan-geotiff-dem/10/FG-GML-5236-12-dem10b-20161001.tif,1403913,e46f965629c50a29173975483698bf34
https://data.source.coop/smartmaps/japan-geotiff-dem/10/FG-GML-5236-13-dem10b-20161001.tif,1159996,edbb132bf727ebd2e5165c20bbe51d9b
https://data.source.coop/smartmaps/japan-geotiff-dem/10/FG-GML-5236-14-dem10b-20161001.tif,428436,0671147f8c7bccd1a9f71ac0cd0d1823
https://data.source.coop/smartmaps/japan-geotiff-dem/10/FG-GML-5236-16-dem10b-20161001.tif,249186,1b01f9ca2d4f45913041227f8579146d
https://data.source.coop/smartmaps/japan-geotiff-dem/10/FG-GML-5236-17-dem10b-20161001.tif,517074,994b446de08299c7831bbd7ba46c1fe9
https://data.source.coop/smartmaps/japan-geotiff-dem/10/FG-GML-5236-20-dem10b-20161001.tif,1315377,1ddfebaa81af20ae2b12d6d411367d09
https://data.source.coop/smartmaps/japan-geotiff-dem/10/FG-GML-5236-21-dem10b-20161001.tif,1197948,7853069bbdbc3cd115acf717bc40c22d
https://data.source.coop/smartmaps/japan-geotiff-dem/10/FG-GML-5236-22-dem10b-20161001.tif,1337386,777abbc2b85d391d607119b0febb3921
https://data.source.coop/smartmaps/japan-geotiff-dem/10/FG-GML-5236-23-dem10b-20161001.tif,1092756,804bc7e16ae1ab364713a47750742637
https://data.source.coop/smartmaps/japan-geotiff-dem/10/FG-GML-5236-24-dem10b-20161001.tif,703497,5a07919ad083264bbfccbb6dcb8bcb41
https://data.source.coop/smartmaps/japan-geotiff-dem/10/FG-GML-5236-25-dem10b-20161001.tif,33165,51ae2db5d7f459f90a373542b5afcb71
https://data.source.coop/smartmaps/japan-geotiff-dem/10/FG-GML-5236-26-dem10b-20161001.tif,372229,5067801b406f1126cd2b8c4e94c72684
https://data.source.coop/smartmaps/japan-geotiff-dem/10/FG-GML-5236-27-dem10b-20161001.tif,714756,7b17be3871b4267cc3a470960fb76e59
https://data.source.coop/smartmaps/japan-geotiff-dem/10/FG-GML-5236-30-dem10b-20161001.tif,1263063,956cc40d74ca6a8f3204830dec40ccfd
https://data.source.coop/smartmaps/japan-geotiff-dem/10/FG-GML-5236-31-dem10b-20161001.tif,1021800,a8828cb91a17424aa282455ecef4f72c
https://data.source.coop/smartmaps/japan-geotiff-dem/10/FG-GML-5236-32-dem10b-20161001.tif,1306639,ace09b40ef5b95ab87d6b36ccb2008fb
https://data.source.coop/smartmaps/japan-geotiff-dem/10/FG-GML-5236-33-dem10b-20161001.tif,1252778,ed825aa2a3f8fb5e62c61abba70998b7
https://data.source.coop/smartmaps/japan-geotiff-dem/10/FG-GML-5236-34-dem10b-20161001.tif,909812,7004ccca7a2d2890de68557f3d969561
https://data.source.coop/smartmaps/japan-geotiff-dem/10/FG-GML-5236-35-dem10b-20161001.tif,129843,85c16b8c6d182c50cdfec348f7348c52
https://data.source.coop/smartmaps/japan-geotiff-dem/10/FG-GML-5236-36-dem10b-20161001.tif,435222,84a6e56bf67f968b68ac9dce11b59195
https://data.source.coop/smartmaps/japan-geotiff-dem/10/FG-GML-5236-37-dem10b-20161001.tif,1040467,0e4011acd3c9a0f97cb7c7b7ac816f3d
https://data.source.coop/smartmaps/japan-geotiff-dem/10/FG-GML-5236-40-dem10b-20161001.tif,992423,3e942d4b6b1a40d8d8cb7fecf4e083cf
https://data.source.coop/smartmaps/japan-geotiff-dem/10/FG-GML-5236-41-dem10b-20161001.tif,942081,8c2ab17f8ee681f428e5c00b6ff03cae
https://data.source.coop/smartmaps/japan-geotiff-dem/10/FG-GML-5236-42-dem10b-20161001.tif,1241324,3dcdba0b0d886a6336eb4c8f194fe260
https://data.source.coop/smartmaps/japan-geotiff-dem/10/FG-GML-5236-43-dem10b-20161001.tif,1319675,9e43765f7e14793b06921f9efccb582a
https://data.source.coop/smartmaps/japan-geotiff-dem/10/FG-GML-5236-44-dem10b-20161001.tif,841307,2ddc5fe018aec34b56ddd9e7a12c51d0
https://data.source.coop/smartmaps/japan-geotiff-dem/10/FG-GML-5236-45-dem10b-20161001.tif,598391,5cb4e73dacd0ffad7da99f752a1cd3e7
https://data.source.coop/smartmaps/japan-geotiff-dem/10/FG-GML-5236-46-dem10b-20161001.tif,360551,a295de05bf717b11314560de83a5d8fd
https://data.source.coop/smartmaps/japan-geotiff-dem/10/FG-GML-5236-47-dem10b-20161001.tif,963616,fd6332c1b9b250005312cfc6a16b45c8
https://data.source.coop/smartmaps/japan-geotiff-dem/10/FG-GML-5236-50-dem10b-20161001.tif,400529,500cfc3a87c3ff374f4c9c8e204c8467
https://data.source.coop/smartmaps/japan-geotiff-dem/10/FG-GML-5236-51-dem10b-20161001.tif,660561,da9498d2c81b7b2c7695872c10fe00d5
https://data.source.coop/smartmaps/japan-geotiff-dem/10/FG-GML-5236-52-dem10b-20161001.tif,1237514,8cfe69d27d82a05ef862a64f80ba5d13
https://data.source.coop/smartmaps/japan-geotiff-dem/10/FG-GML-5236-53-dem10b-20161001.tif,1382883,7b133cd33ea1fd2a787b695e0a273929
https://data.source.coop/smartmaps/japan-geotiff-dem/10/FG-GML-5236-54-dem10b-20161001.tif,1060487,d8d1fb37e54538c19369bae147177987
https://data.source.coop/smartmaps/japan-geotiff-dem/10/FG-GML-5236-55-dem10b-20161001.tif,603409,83d3a8561d6e414de47178dc62f8087d
https://data.source.coop/smartmaps/japan-geotiff-dem/10/FG-GML-5236-56-dem10b-20161001.tif,369321,f91f5cef9e517f5e70f2135744708190
https://data.source.coop/smartmaps/japan-geotiff-dem/10/FG-GML-5236-57-dem10b-20161001.tif,797182,cf2a052ad3a08e094a52bf927c97b1e0
https://data.source.coop/smartmaps/japan-geotiff-dem/10/FG-GML-5236-60-dem10b-20161001.tif,179918,e9192f99cc81343b415ae3507892d390
https://data.source.coop/smartmaps/japan-geotiff-dem/10/FG-GML-5236-61-dem10b-20161001.tif,388905,438ae024716ba9f6cd46eb8e9bd5fb81
https://data.source.coop/smartmaps/japan-geotiff-dem/10/FG-GML-5236-62-dem10b-20161001.tif,1177186,9077941329309e47eed493b07104d2e3
https://data.source.coop/smartmaps/japan-geotiff-dem/10/FG-GML-5236-63-dem10b-20161001.tif,1337263,5080de8cb2778bef345e308b5ec25f5c
https://data.source.coop/smartmaps/japan-geotiff-dem/10/FG-GML-5236-64-dem10b-20161001.tif,1293416,219c0d0cf539df6d61be92221773d08f
https://data.source.coop/smartmaps/japan-geotiff-dem/10/FG-GML-5236-65-dem10b-20161001.tif,594365,9d956e3c26c453f020504d08f8304fa7
https://data.source.coop/smartmaps/japan-geotiff-dem/10/FG-GML-5236-66-dem10b-20161001.tif,418072,376cb964f7eb3bd87a5c8dbbb53d49ef
https://data.source.coop/smartmaps/japan-geotiff-dem/10/FG-GML-5236-67-dem10b-20161001.tif,632653,182459940bee4aac27050c3c7f7e71b6
https://data.source.coop/smartmaps/japan-geotiff-dem/10/FG-GML-5236-70-dem10b-20161001.tif,102049,582c4cc266cfb9c5727a93e110942a57
https://data.source.coop/smartmaps/japan-geotiff-dem/10/FG-GML-5236-71-dem10b-20161001.tif,45168,9b65e275556a66e2a0ba72afb19e0188
https://data.source.coop/smartmaps/japan-geotiff-dem/10/FG-GML-5236-72-dem10b-20161001.tif,1122790,9ae22245819ff6462463f36b15bdd069
https://data.source.coop/smartmaps/japan-geotiff-dem/10/FG-GML-5236-73-dem10b-20161001.tif,1368194,9bf0b6beeee29956924d26672cc7b0e2
https://data.source.coop/smartmaps/japan-geotiff-dem/10/FG-GML-5236-74-dem10b-20161001.tif,888122,61e76e658f6dd5e2e8657cbc43641286
https://data.source.coop/smartmaps/japan-geotiff-dem/10/FG-GML-5236-75-dem10b-20161001.tif,526964,b1ba74c408ed3a8286fc89151028a34d
https://data.source.coop/smartmaps/japan-geotiff-dem/10/FG-GML-5236-76-dem10b-20161001.tif,369014,279ec3e6d152112a912081708eb0e27c
https://data.source.coop/smartmaps/japan-geotiff-dem/10/FG-GML-5236-77-dem10b-20161001.tif,711882,c971c5fd66de9a9b98d686de6094ee88
https://data.source.coop/smartmaps/japan-geotiff-dem/10/FG-GML-5237-00-dem10b-20161001.tif,67532,79a3ebb0b25c278a77522e88ccbf6f0a
https://data.source.coop/smartmaps/japan-geotiff-dem/10/FG-GML-5237-01-dem10b-20161001.tif,132758,51cc0eb1d989bee904e68d359b74ad8a
https://data.source.coop/smartmaps/japan-geotiff-dem/10/FG-GML-5237-02-dem10b-20161001.tif,642224,9692a1bb2b0b592160861fc9af8172da
https://data.source.coop/smartmaps/japan-geotiff-dem/10/FG-GML-5237-03-dem10b-20161001.tif,976936,bf6aa9ab32373402f8fd8b2e22f5ac37
https://data.source.coop/smartmaps/japan-geotiff-dem/10/FG-GML-5237-04-dem10b-20161001.tif,576195,489d92a3826ae60df9c0e7255c61f1e0
https://data.source.coop/smartmaps/japan-geotiff-dem/10/FG-GML-5237-05-dem10b-20161001.tif,655223,802dfd0fcc6027e7ecd11f20a7b1e0d5
https://data.source.coop/smartmaps/japan-geotiff-dem/10/FG-GML-5237-06-dem10b-20161001.tif,456229,fa330b07aef08397bb5f4b8a3c5794eb
https://data.source.coop/smartmaps/japan-geotiff-dem/10/FG-GML-5237-07-dem10b-20161001.tif,781868,8056c9600a8b778e1421b49b38d4d3d7
https://data.source.coop/smartmaps/japan-geotiff-dem/10/FG-GML-5237-10-dem10b-20161001.tif,425631,8a83e3206129440219314c3ed0d15487
https://data.source.coop/smartmaps/japan-geotiff-dem/10/FG-GML-5237-11-dem10b-20161001.tif,589169,8a1e4671a331928020a10d48f18c8d67
https://data.source.coop/smartmaps/japan-geotiff-dem/10/FG-GML-5237-12-dem10b-20161001.tif,440358,e1837890e592d9cffbc4b8dbe583f9db
https://data.source.coop/smartmaps/japan-geotiff-dem/10/FG-GML-5237-13-dem10b-20161001.tif,903319,3c03d1d83d0732f34298741899edf257
https://data.source.coop/smartmaps/japan-geotiff-dem/10/FG-GML-5237-14-dem10b-20161001.tif,983508,a062bad0dc6a154ca105b6395ae26b96
https://data.source.coop/smartmaps/japan-geotiff-dem/10/FG-GML-5237-15-dem10b-20161001.tif,907578,0b65c0f433f15b2691b3536cc0e19486
https://data.source.coop/smartmaps/japan-geotiff-dem/10/FG-GML-5237-16-dem10b-20161001.tif,714458,7914640f5ef8896483f8fd0e3720760f
https://data.source.coop/smartmaps/japan-geotiff-dem/10/FG-GML-5237-17-dem10b-20161001.tif,986362,60b07295f429be34ecc93e7e4c038974
https://data.source.coop/smartmaps/japan-geotiff-dem/10/FG-GML-5237-20-dem10b-20161001.tif,753443,7b3b4347711fadf2bb83ab8bbad8b0b1
https://data.source.coop/smartmaps/japan-geotiff-dem/10/FG-GML-5237-21-dem10b-20161001.tif,1162126,39b019537db80f248150332a15def73c
https://data.source.coop/smartmaps/japan-geotiff-dem/10/FG-GML-5237-22-dem10b-20161001.tif,1275423,6b519f5d689c4e7f17e6d706037e4038
https://data.source.coop/smartmaps/japan-geotiff-dem/10/FG-GML-5237-23-dem10b-20161001.tif,1117260,38ae650763a386846874013ccac0f100
https://data.source.coop/smartmaps/japan-geotiff-dem/10/FG-GML-5237-24-dem10b-20161001.tif,1296387,5decc7d02a860b0b95f2d3bcf0295f60
https://data.source.coop/smartmaps/japan-geotiff-dem/10/FG-GML-5237-25-dem10b-20161001.tif,1346975,e04c2004303ffff4213b1993ac87f91d
https://data.source.coop/smartmaps/japan-geotiff-dem/10/FG-GML-5237-26-dem10b-20161001.tif,1301536,5331d09e71774f5781b1636144622f02
https://data.source.coop/smartmaps/japan-geotiff-dem/10/FG-GML-5237-27-dem10b-20161001.tif,1385984,9aa57ed4d29f4555bb1a7df60aea944a
https://data.source.coop/smartmaps/japan-geotiff-dem/10/FG-GML-5237-30-dem10b-20161001.tif,615810,06cfa9785cae5f97ac10e8b16e046413
https://data.source.coop/smartmaps/japan-geotiff-dem/10/FG-GML-5237-31-dem10b-20161001.tif,987132,4ec1d93ddb038370515c0ff8313a1995
https://data.source.coop/smartmaps/japan-geotiff-dem/10/FG-GML-5237-32-dem10b-20161001.tif,1363760,5c7f5588c7194e326a9ec7954bd5dcda
https://data.source.coop/smartmaps/japan-geotiff-dem/10/FG-GML-5237-33-dem10b-20161001.tif,1357069,7eff11272a87dd9be0401093c3757dd0
https://data.source.coop/smartmaps/japan-geotiff-dem/10/FG-GML-5237-34-dem10b-20161001.tif,1378756,3d7e19cb0298714299fc06ef9dee51fe
https://data.source.coop/smartmaps/japan-geotiff-dem/10/FG-GML-5237-35-dem10b-20161001.tif,1365040,c711fd10eb7d524454fd8b5f2237cabf
https://data.source.coop/smartmaps/japan-geotiff-dem/10/FG-GML-5237-36-dem10b-20161001.tif,1386633,ae4e276dc78549ccca2af32d0a43c013
https://data.source.coop/smartmaps/japan-geotiff-dem/10/FG-GML-5237-37-dem10b-20161001.tif,1382605,772589644304000e34392c267ae93322
https://data.source.coop/smartmaps/japan-geotiff-dem/10/FG-GML-5237-40-dem10b-20161001.tif,928020,30f833c626465bdc4a78b4680f7fe0f1
https://data.source.coop/smartmaps/japan-geotiff-dem/10/FG-GML-5237-41-dem10b-20161001.tif,1117256,f6a6f64ec6a5d13a7a41250a808be60b
https://data.source.coop/smartmaps/japan-geotiff-dem/10/FG-GML-5237-42-dem10b-20161001.tif,1340942,f1de1f78132cb0348c0d0ef0a72e5074
https://data.source.coop/smartmaps/japan-geotiff-dem/10/FG-GML-5237-43-dem10b-20161001.tif,1353506,f3e4e165a3914520d036a7526e15a827
https://data.source.coop/smartmaps/japan-geotiff-dem/10/FG-GML-5237-44-dem10b-20161001.tif,1396534,0fb305bcb45685ab5329483eed3b0d75
https://data.source.coop/smartmaps/japan-geotiff-dem/10/FG-GML-5237-45-dem10b-20161001.tif,1378728,6612bb099e043e71cb9046607462907d
https://data.source.coop/smartmaps/japan-geotiff-dem/10/FG-GML-5237-46-dem10b-20161001.tif,1391932,aa713bed88d7032585d4ff9928cad5f8
https://data.source.coop/smartmaps/japan-geotiff-dem/10/FG-GML-5237-47-dem10b-20161001.tif,1412799,6d032e1c96f450a8085f399626f02803
https://data.source.coop/smartmaps/japan-geotiff-dem/10/FG-GML-5237-50-dem10b-20161001.tif,1038016,45933ad79ec252cddd8d1b7343a4d5e2
https://data.source.coop/smartmaps/japan-geotiff-dem/10/FG-GML-5237-51-dem10b-20161001.tif,1120381,a3c18d76c98089ae295532812898a567
https://data.source.coop/smartmaps/japan-geotiff-dem/10/FG-GML-5237-52-dem10b-20161001.tif,1383240,178a838cacc0a38a61c5c98b214bfd7e
https://data.source.coop/smartmaps/japan-geotiff-dem/10/FG-GML-5237-53-dem10b-20161001.tif,1352010,43ec2292fda1d1ac3072c5a9bc2743ab
https://data.source.coop/smartmaps/japan-geotiff-dem/10/FG-GML-5237-54-dem10b-20161001.tif,1359788,727d81abe07e28711dc8dcc396608610
https://data.source.coop/smartmaps/japan-geotiff-dem/10/FG-GML-5237-55-dem10b-20161001.tif,1374844,b1e9792ad4ed395007efcf839157c608
https://data.source.coop/smartmaps/japan-geotiff-dem/10/FG-GML-5237-56-dem10b-20161001.tif,1388343,87aae554132abcfecd89ad3a144c8958
https://data.source.coop/smartmaps/japan-geotiff-dem/10/FG-GML-5237-57-dem10b-20161001.tif,1416753,7a4ec5deb223d4d8a1c5410007ce2579
https://data.source.coop/smartmaps/japan-geotiff-dem/10/FG-GML-5237-60-dem10b-20161001.tif,1024403,adaa795160879e141dc86eccd631a049
https://data.source.coop/smartmaps/japan-geotiff-dem/10/FG-GML-5237-61-dem10b-20161001.tif,1355022,1f1651fe7dfc43caf539b729b5a6e792
https://data.source.coop/smartmaps/japan-geotiff-dem/10/FG-GML-5237-62-dem10b-20161001.tif,1370991,f654629762a26d63489f757579a79dd3
https://data.source.coop/smartmaps/japan-geotiff-dem/10/FG-GML-5237-63-dem10b-20161001.tif,1349499,7c4b01f6beabac1b8a4c6970fd2e239c
https://data.source.coop/smartmaps/japan-geotiff-dem/10/FG-GML-5237-64-dem10b-20161001.tif,1352056,d58a76ab38c70312f1212646522d7d7d
https://data.source.coop/smartmaps/japan-geotiff-dem/10/FG-GML-5237-65-dem10b-20161001.tif,1372525,f6f3e3014d81fd8451c9f17f98fcd9cc
https://data.source.coop/smartmaps/japan-geotiff-dem/10/FG-GML-5237-66-dem10b-20161001.tif,1405142,ac6b85334546631081acb53b433f82bd
https://data.source.coop/smartmaps/japan-geotiff-dem/10/FG-GML-5237-67-dem10b-20161001.tif,1407464,d7864893e13dccda0717ac990f1d90db
https://data.source.coop/smartmaps/japan-geotiff-dem/10/FG-GML-5237-70-dem10b-20161001.tif,1195574,03541eefe9c3af7d50f1d6b682b69a72
https://data.source.coop/smartmaps/japan-geotiff-dem/10/FG-GML-5237-71-dem10b-20161001.tif,1283829,21d930335b4ebce85edea2c927b2daa1
https://data.source.coop/smartmaps/japan-geotiff-dem/10/FG-GML-5237-72-dem10b-20161001.tif,1350466,b53ecc180e5e0a07022f088d1729d7b9
https://data.source.coop/smartmaps/japan-geotiff-dem/10/FG-GML-5237-73-dem10b-20161001.tif,1363895,36c683d93f00a869f8c53bd01661fff9
https://data.source.coop/smartmaps/japan-geotiff-dem/10/FG-GML-5237-74-dem10b-20161001.tif,1387658,77899b576aa0948fcf2050fc66deae38
https://data.source.coop/smartmaps/japan-geotiff-dem/10/FG-GML-5237-75-dem10b-20161001.tif,1381641,14993f0e71a15a6e9d40ff3b09000c92
https://data.source.coop/smartmaps/japan-geotiff-dem/10/FG-GML-5237-76-dem10b-20161001.tif,1393028,777880485d276eb23c1d24b224df1aba
https://data.source.coop/smartmaps/japan-geotiff-dem/10/FG-GML-5237-77-dem10b-20161001.tif,1408116,43ca4dcf4064fe9f7ef4aa075a433477
https://data.source.coop/smartmaps/japan-geotiff-dem/10/FG-GML-5238-00-dem10b-20161001.tif,1144215,5e0549793f9b4cb5b96eb8233d944f6d
https://data.source.coop/smartmaps/japan-geotiff-dem/10/FG-GML-5238-01-dem10b-20161001.tif,923615,5dcc2c953d41bf5e8493d3605ebea254
https://data.source.coop/smartmaps/japan-geotiff-dem/10/FG-GML-5238-02-dem10b-20161001.tif,5050,8e8f5e01d3da8e858762094ddc658bb5
https://data.source.coop/smartmaps/japan-geotiff-dem/10/FG-GML-5238-05-dem10b-20161001.tif,69943,79c604b4adfdc6a8d8614e42b932c6cd
https://data.source.coop/smartmaps/japan-geotiff-dem/10/FG-GML-5238-06-dem10b-20161001.tif,1343285,2c3b7844986651c2f1b7936fd76a311c
https://data.source.coop/smartmaps/japan-geotiff-dem/10/FG-GML-5238-07-dem10b-20161001.tif,1276565,3dc8de7618014bfd94d9f5ed47ef99c2
https://data.source.coop/smartmaps/japan-geotiff-dem/10/FG-GML-5238-10-dem10b-20161001.tif,1220291,c3415c8b60fbdb59dcd707504e04a898
https://data.source.coop/smartmaps/japan-geotiff-dem/10/FG-GML-5238-11-dem10b-20161001.tif,1000799,9f1b5b5d5318d27e94bcfb06f0fda3b7
https://data.source.coop/smartmaps/japan-geotiff-dem/10/FG-GML-5238-12-dem10b-20161001.tif,268343,a503cb7ce7879a3ba6d7fcda35556255
https://data.source.coop/smartmaps/japan-geotiff-dem/10/FG-GML-5238-15-dem10b-20161001.tif,1873,4e6545bb2a3f8ba0430386ef7b3db099
https://data.source.coop/smartmaps/japan-geotiff-dem/10/FG-GML-5238-16-dem10b-20161001.tif,1331074,125f690bf9ee5c546716ea16bb898684
https://data.source.coop/smartmaps/japan-geotiff-dem/10/FG-GML-5238-17-dem10b-20161001.tif,1396072,95881f5b726e24ca88c511c7a655842c
https://data.source.coop/smartmaps/japan-geotiff-dem/10/FG-GML-5238-20-dem10b-20161001.tif,1339309,14e891c42ef77a37e592d2ef3ad9c198
https://data.source.coop/smartmaps/japan-geotiff-dem/10/FG-GML-5238-21-dem10b-20161001.tif,1217604,442eb8a516d39dc6bf644681e3f638c9
https://data.source.coop/smartmaps/japan-geotiff-dem/10/FG-GML-5238-22-dem10b-20161001.tif,598746,72cbc3e60593df352740dd5491102797
https://data.source.coop/smartmaps/japan-geotiff-dem/10/FG-GML-5238-26-dem10b-20161001.tif,1258690,167ba7259c262627cb2387065886d581
https://data.source.coop/smartmaps/japan-geotiff-dem/10/FG-GML-5238-27-dem10b-20161001.tif,1377679,c28ba35aea063fc62cc78ba41b248f3e
https://data.source.coop/smartmaps/japan-geotiff-dem/10/FG-GML-5238-30-dem10b-20161001.tif,1370626,0d8a5fc366be34d10f778c41fa02b3e9
https://data.source.coop/smartmaps/japan-geotiff-dem/10/FG-GML-5238-31-dem10b-20161001.tif,1408331,508d094053ee51059418a7e027b5455f
https://data.source.coop/smartmaps/japan-geotiff-dem/10/FG-GML-5238-32-dem10b-20161001.tif,1318690,0377bc3ba2079e9b023320c89811f0b4
https://data.source.coop/smartmaps/japan-geotiff-dem/10/FG-GML-5238-33-dem10b-20161001.tif,640061,0ff5ecc69c3b00ae27aa3ecbb9a06bad
https://data.source.coop/smartmaps/japan-geotiff-dem/10/FG-GML-5238-34-dem10b-20161001.tif,42060,9b67c1ff302b71de2770377d68814cbe
https://data.source.coop/smartmaps/japan-geotiff-dem/10/FG-GML-5238-36-dem10b-20161001.tif,1178816,edbb5090c491ebc4887ca414acc04055
https://data.source.coop/smartmaps/japan-geotiff-dem/10/FG-GML-5238-37-dem10b-20161001.tif,1323529,e97e2513f6555835c467d8985f36dfa9
https://data.source.coop/smartmaps/japan-geotiff-dem/10/FG-GML-5238-40-dem10b-20161001.tif,1379277,eaf0564b6d817f93537bb97804a3ac87
https://data.source.coop/smartmaps/japan-geotiff-dem/10/FG-GML-5238-41-dem10b-20161001.tif,1405389,337dba0f52c78d6dd4255491b709cab2
https://data.source.coop/smartmaps/japan-geotiff-dem/10/FG-GML-5238-42-dem10b-20161001.tif,1367552,15c16ea5415cc1a50c41a4c90cf5843f
https://data.source.coop/smartmaps/japan-geotiff-dem/10/FG-GML-5238-43-dem10b-20161001.tif,1205866,8137caac6d4ea722d44a77937253fe5e
https://data.source.coop/smartmaps/japan-geotiff-dem/10/FG-GML-5238-44-dem10b-20161001.tif,265522,96fe4b2a33578a502b7dfe4256c8fefd
https://data.source.coop/smartmaps/japan-geotiff-dem/10/FG-GML-5238-46-dem10b-20161001.tif,314292,2a3fc3cc9b5130b101dc488abcc831e0
https://data.source.coop/smartmaps/japan-geotiff-dem/10/FG-GML-5238-47-dem10b-20161001.tif,1171385,de6fbcb17c41375c397da5530a3f9ccb
https://data.source.coop/smartmaps/japan-geotiff-dem/10/FG-GML-5238-50-dem10b-20161001.tif,1416817,d54e47eb9b945391ade9d724a8b19f23
https://data.source.coop/smartmaps/japan-geotiff-dem/10/FG-GML-5238-51-dem10b-20161001.tif,1383351,897b5ef6ce502665f1a9aaeaa752c2af
https://data.source.coop/smartmaps/japan-geotiff-dem/10/FG-GML-5238-52-dem10b-20161001.tif,1392683,7c91151fd14f7de779297df979cb9cb2
https://data.source.coop/smartmaps/japan-geotiff-dem/10/FG-GML-5238-53-dem10b-20161001.tif,1428947,aa1a58665111fc8da794c449edcf13b0
https://data.source.coop/smartmaps/japan-geotiff-dem/10/FG-GML-5238-54-dem10a-20161001.tif,18481,21bc77d3b4f72c7d75ec12543856f8c4
https://data.source.coop/smartmaps/japan-geotiff-dem/10/FG-GML-5238-54-dem10b-20161001.tif,1126659,773c92c8d90dc413b4fa6d3ef89cbd8f
https://data.source.coop/smartmaps/japan-geotiff-dem/10/FG-GML-5238-55-dem10a-20161001.tif,648978,70eeb999d668661286e75d132fdbe017
https://data.source.coop/smartmaps/japan-geotiff-dem/10/FG-GML-5238-55-dem10b-20161001.tif,292424,f7b7d163f1a74ab61d2b3334120462b1
https://data.source.coop/smartmaps/japan-geotiff-dem/10/FG-GML-5238-56-dem10a-20161001.tif,130812,2e85fe6a1c7bf391a8006b2405795944
https://data.source.coop/smartmaps/japan-geotiff-dem/10/FG-GML-5238-56-dem10b-20161001.tif,665191,b1dc201ffc0ba468b2c91a3fa103959a
https://data.source.coop/smartmaps/japan-geotiff-dem/10/FG-GML-5238-57-dem10b-20161001.tif,1142225,7c5f8c9a9670b087414f35026701c90e
https://data.source.coop/smartmaps/japan-geotiff-dem/10/FG-GML-5238-60-dem10b-20161001.tif,1412273,1ec4aeacb3208bfc76f3ab39c7b2f622
https://data.source.coop/smartmaps/japan-geotiff-dem/10/FG-GML-5238-61-dem10b-20161001.tif,1380226,41dc3ef26926a186680ee972424b9a83
https://data.source.coop/smartmaps/japan-geotiff-dem/10/FG-GML-5238-62-dem10b-20161001.tif,1412300,467fa564f48640bcdb30ffbde95b948e
https://data.source.coop/smartmaps/japan-geotiff-dem/10/FG-GML-5238-63-dem10b-20161001.tif,1409814,a43121f5c38142ec4fa7beb75900df76
https://data.source.coop/smartmaps/japan-geotiff-dem/10/FG-GML-5238-64-dem10a-20161001.tif,354671,ae19960b63dcfb6ee71f6000f35baa47
https://data.source.coop/smartmaps/japan-geotiff-dem/10/FG-GML-5238-64-dem10b-20161001.tif,1257674,d14913b4df3909afddd6d470f6fb4462
https://data.source.coop/smartmaps/japan-geotiff-dem/10/FG-GML-5238-65-dem10a-20161001.tif,1692908,19e2fccb5447fad2527273850c6f7c72
https://data.source.coop/smartmaps/japan-geotiff-dem/10/FG-GML-5238-65-dem10b-20161001.tif,1123713,f34805a05375c621a4bfd251fca326b4
https://data.source.coop/smartmaps/japan-geotiff-dem/10/FG-GML-5238-66-dem10a-20161001.tif,847040,8bbc06872aa586af91f974daad33c8db
https://data.source.coop/smartmaps/japan-geotiff-dem/10/FG-GML-5238-66-dem10b-20161001.tif,1350828,0dd15b38e27b94c0e9baed1b82b17914
https://data.source.coop/smartmaps/japan-geotiff-dem/10/FG-GML-5238-67-dem10a-20161001.tif,82815,1f5da9cb5e5ec08138d915ca94060f43
https://data.source.coop/smartmaps/japan-geotiff-dem/10/FG-GML-5238-67-dem10b-20161001.tif,1230300,305ccee777b3666be63315ba4efca2de
https://data.source.coop/smartmaps/japan-geotiff-dem/10/FG-GML-5238-70-dem10b-20161001.tif,1428046,5b3f8060a708cf805be0ac3d0073630b
https://data.source.coop/smartmaps/japan-geotiff-dem/10/FG-GML-5238-71-dem10b-20161001.tif,1400133,071fecd80a98d64d04d33fdeb7db8e6c
https://data.source.coop/smartmaps/japan-geotiff-dem/10/FG-GML-5238-72-dem10b-20161001.tif,1408840,003d91119e04bc7b8b7823677c6f66f5
https://data.source.coop/smartmaps/japan-geotiff-dem/10/FG-GML-5238-73-dem10b-20161001.tif,1383630,8872b9499b28d7f2df9b64c4870d4d13
https://data.source.coop/smartmaps/japan-geotiff-dem/10/FG-GML-5238-74-dem10a-20161001.tif,584121,c7a011dbb0a942bffc0847adabf56f86
https://data.source.coop/smartmaps/japan-geotiff-dem/10/FG-GML-5238-74-dem10b-20161001.tif,1264552,892c61f6c1966a333fbe5626834111cd
https://data.source.coop/smartmaps/japan-geotiff-dem/10/FG-GML-5238-75-dem10a-20161001.tif,1704995,0227771c2322f8a0fdab99dcc9d0b23e
https://data.source.coop/smartmaps/japan-geotiff-dem/10/FG-GML-5238-75-dem10b-20161001.tif,1239054,874681675d281311d0bbfa18e81fdfa9
https://data.source.coop/smartmaps/japan-geotiff-dem/10/FG-GML-5238-76-dem10a-20161001.tif,1647033,61bd58c363c5600e2e9d98d2dc588ef4
https://data.source.coop/smartmaps/japan-geotiff-dem/10/FG-GML-5238-76-dem10b-20161001.tif,1156117,ed8868d788551821d8ee4a39cfd534fb
https://data.source.coop/smartmaps/japan-geotiff-dem/10/FG-GML-5238-77-dem10a-20161001.tif,1337933,e52b9790d7b4a2f81e36e16052bd7c9a
https://data.source.coop/smartmaps/japan-geotiff-dem/10/FG-GML-5238-77-dem10b-20161001.tif,1148194,571ba5973191c230734d98be860c0463
https://data.source.coop/smartmaps/japan-geotiff-dem/10/FG-GML-5239-00-dem10b-20161001.tif,4680,3119e9dd596fc391ce1d12fae9cbdc49
https://data.source.coop/smartmaps/japan-geotiff-dem/10/FG-GML-5239-02-dem10a-20161001.tif,194625,3bd64902d5837cd72887d2397b7c29f4
https://data.source.coop/smartmaps/japan-geotiff-dem/10/FG-GML-5239-02-dem10b-20161001.tif,144026,00b3a56d48cf1ae88614ad7e222a0d74
https://data.source.coop/smartmaps/japan-geotiff-dem/10/FG-GML-5239-03-dem10a-20161001.tif,836778,7f90a1cd49e5dd8fa8dc8b4675d36ed2
https://data.source.coop/smartmaps/japan-geotiff-dem/10/FG-GML-5239-03-dem10b-20161001.tif,600376,e5c8ded9f623b435f7328b6a420e73ef
https://data.source.coop/smartmaps/japan-geotiff-dem/10/FG-GML-5239-10-dem10b-20161001.tif,605432,f3ec12f5e25b309b737c54469e4ac771
https://data.source.coop/smartmaps/japan-geotiff-dem/10/FG-GML-5239-12-dem10a-20161001.tif,194622,c23f72d7eca84796f675406a1bd6544c
https://data.source.coop/smartmaps/japan-geotiff-dem/10/FG-GML-5239-12-dem10b-20161001.tif,140955,f62e7318efe49d49e55e0de9a95c9dee
https://data.source.coop/smartmaps/japan-geotiff-dem/10/FG-GML-5239-13-dem10a-20161001.tif,404221,4be424fecc0708ba530d6cf935a0700e
https://data.source.coop/smartmaps/japan-geotiff-dem/10/FG-GML-5239-13-dem10b-20161001.tif,282514,e80ec1c33862f0d83d2a8ab85f298fce
https://data.source.coop/smartmaps/japan-geotiff-dem/10/FG-GML-5239-20-dem10a-20161001.tif,1213033,5a16a575e8a11d496791a08a455984f6
https://data.source.coop/smartmaps/japan-geotiff-dem/10/FG-GML-5239-20-dem10b-20161001.tif,1161648,ccf14c284bc7c30e0cccaea2d1b2d865
https://data.source.coop/smartmaps/japan-geotiff-dem/10/FG-GML-5239-21-dem10a-20161001.tif,87708,a09ee9853c13c4a434e071cdff9fec92
https://data.source.coop/smartmaps/japan-geotiff-dem/10/FG-GML-5239-21-dem10b-20161001.tif,69997,edc2e6bcf4b38637889ab55bd5e1ce28
https://data.source.coop/smartmaps/japan-geotiff-dem/10/FG-GML-5239-26-dem10b-20161001.tif,83108,7b6ac6f7b7f15afc08fbef9a0d14fe5d
https://data.source.coop/smartmaps/japan-geotiff-dem/10/FG-GML-5239-27-dem10b-20161001.tif,86549,d4fbf8290f09b2011dcdcda4a423d0b4
https://data.source.coop/smartmaps/japan-geotiff-dem/10/FG-GML-5239-30-dem10a-20161001.tif,752264,bc4197deb771c66c76d4f6f60c37cf8a
https://data.source.coop/smartmaps/japan-geotiff-dem/10/FG-GML-5239-30-dem10b-20161001.tif,1235382,145c753b94f70328715f3901b9d3888f
https://data.source.coop/smartmaps/japan-geotiff-dem/10/FG-GML-5239-31-dem10a-20161001.tif,153313,bb5cb63c191b404723eac8fa35b65c74
https://data.source.coop/smartmaps/japan-geotiff-dem/10/FG-GML-5239-31-dem10b-20161001.tif,119733,056a6859c7fabd85702287734600d56b
https://data.source.coop/smartmaps/japan-geotiff-dem/10/FG-GML-5239-36-dem10b-20161001.tif,714046,a655ecc5eada0a2aec6b0e23be2c0677
https://data.source.coop/smartmaps/japan-geotiff-dem/10/FG-GML-5239-37-dem10b-20161001.tif,933720,bfe5859cf37ec2fa9348c276e33dd1b2
https://data.source.coop/smartmaps/japan-geotiff-dem/10/FG-GML-5239-40-dem10b-20161001.tif,950601,a1a707f2dbbe2238e3bd1f0f41c0fcdb
https://data.source.coop/smartmaps/japan-geotiff-dem/10/FG-GML-5239-41-dem10b-20161001.tif,11070,1844338b6e320490b405eca65965ac11
https://data.source.coop/smartmaps/japan-geotiff-dem/10/FG-GML-5239-46-dem10b-20161001.tif,425770,7aa23918d69bac845d747e32e6356d7b
https://data.source.coop/smartmaps/japan-geotiff-dem/10/FG-GML-5239-47-dem10b-20161001.tif,1230879,c1c7758a36f2f877d66b62605613a486
https://data.source.coop/smartmaps/japan-geotiff-dem/10/FG-GML-5239-50-dem10b-20161001.tif,1094627,88bdf8ae323fea676c60debecf485918
https://data.source.coop/smartmaps/japan-geotiff-dem/10/FG-GML-5239-51-dem10b-20161001.tif,68281,b9230e50a5fbf35125a13d72b15e006a
https://data.source.coop/smartmaps/japan-geotiff-dem/10/FG-GML-5239-54-dem10b-20161001.tif,73007,5bfd5d8e72633b4bfa6c7b9c30801290
https://data.source.coop/smartmaps/japan-geotiff-dem/10/FG-GML-5239-55-dem10b-20161001.tif,188753,255364136b56f2c9eb62e9388cd35b38
https://data.source.coop/smartmaps/japan-geotiff-dem/10/FG-GML-5239-56-dem10b-20161001.tif,528423,db896f5ba3aa0dd38b6731231153ae32
https://data.source.coop/smartmaps/japan-geotiff-dem/10/FG-GML-5239-57-dem10b-20161001.tif,1379332,9df3d9d07874caf5c1d07515ee11dbb4
https://data.source.coop/smartmaps/japan-geotiff-dem/10/FG-GML-5239-60-dem10b-20161001.tif,1298834,343313fd5ec2e8da68a277d8bc4717f1
https://data.source.coop/smartmaps/japan-geotiff-dem/10/FG-GML-5239-61-dem10b-20161001.tif,221703,a809788cbf4c086987874fee91f4a2c3
https://data.source.coop/smartmaps/japan-geotiff-dem/10/FG-GML-5239-64-dem10b-20161001.tif,205217,f268e27325a0b4cae29b8b54cc1601d1
https://data.source.coop/smartmaps/japan-geotiff-dem/10/FG-GML-5239-65-dem10b-20161001.tif,721274,f5facf9f543c357c9c3695337032df71
https://data.source.coop/smartmaps/japan-geotiff-dem/10/FG-GML-5239-66-dem10b-20161001.tif,400671,4d09cbcc59e6e6e377c69653f248790b
https://data.source.coop/smartmaps/japan-geotiff-dem/10/FG-GML-5239-67-dem10b-20161001.tif,1412772,42eabdfb59e86d501781abdd900e7ebc
https://data.source.coop/smartmaps/japan-geotiff-dem/10/FG-GML-5239-70-dem10b-20161001.tif,1290724,1f112e46dc53a0b29c149383bc258f22
https://data.source.coop/smartmaps/japan-geotiff-dem/10/FG-GML-5239-71-dem10b-20161001.tif,815513,be87ecd160f5beafaaf27e8679d2e12c
https://data.source.coop/smartmaps/japan-geotiff-dem/10/FG-GML-5239-72-dem10b-20161001.tif,358212,5d9c66354fc929baa4ce894d48b947ed
https://data.source.coop/smartmaps/japan-geotiff-dem/10/FG-GML-5239-73-dem10b-20161001.tif,209637,e011804d7c3f796cfb106e19f2cc4861
https://data.source.coop/smartmaps/japan-geotiff-dem/10/FG-GML-5239-74-dem10b-20161001.tif,875713,8b109b82774dee9df32ae98831b457d6
https://data.source.coop/smartmaps/japan-geotiff-dem/10/FG-GML-5239-75-dem10b-20161001.tif,557019,f3a32b29a2c1bef961949d84299c72e1
https://data.source.coop/smartmaps/japan-geotiff-dem/10/FG-GML-5239-76-dem10b-20161001.tif,308750,c5cea9cfd51483043d65acd07863a4c6
https://data.source.coop/smartmaps/japan-geotiff-dem/10/FG-GML-5239-77-dem10b-20161001.tif,1225031,78d0150dbcd2d51492d09399644fbfa9
https://data.source.coop/smartmaps/japan-geotiff-dem/10/FG-GML-5240-40-dem10b-20161001.tif,433251,98d2838fe88b954c809dbc8f5b3ac113
https://data.source.coop/smartmaps/japan-geotiff-dem/10/FG-GML-5240-50-dem10b-20161001.tif,1228119,e8c49895a18ddfa90cdf44caec4e1ddf
https://data.source.coop/smartmaps/japan-geotiff-dem/10/FG-GML-5240-51-dem10b-20161001.tif,845088,4a350688a70a28e11bd1a0f7443e5b19
https://data.source.coop/smartmaps/japan-geotiff-dem/10/FG-GML-5240-52-dem10b-20161001.tif,311672,16c39b1676ee26c202a387dc80c2696a
https://data.source.coop/smartmaps/japan-geotiff-dem/10/FG-GML-5240-60-dem10b-20161001.tif,1439654,20d0e529c6532b811c1c5c8620e4c8df
https://data.source.coop/smartmaps/japan-geotiff-dem/10/FG-GML-5240-61-dem10b-20161001.tif,1410660,dde2c57c491b822a32dff1fe025556d9
https://data.source.coop/smartmaps/japan-geotiff-dem/10/FG-GML-5240-62-dem10b-20161001.tif,1263055,7571d51682caf44eaa793bfca4920e02
https://data.source.coop/smartmaps/japan-geotiff-dem/10/FG-GML-5240-63-dem10b-20161001.tif,200007,ab04a702709c576a6137393e3c688bff
https://data.source.coop/smartmaps/japan-geotiff-dem/10/FG-GML-5240-70-dem10b-20161001.tif,1286414,2ccd18c9f8b98e9b915818445e9d3363
https://data.source.coop/smartmaps/japan-geotiff-dem/10/FG-GML-5240-71-dem10b-20161001.tif,1352469,1940681a2f8ced328f9bda789048fd7b
https://data.source.coop/smartmaps/japan-geotiff-dem/10/FG-GML-5240-72-dem10b-20161001.tif,1243331,3218296af0c0c007083628a437f93fe4
https://data.source.coop/smartmaps/japan-geotiff-dem/10/FG-GML-5240-73-dem10b-20161001.tif,233461,55fe609e7a55a303757726e7cb678046
https://data.source.coop/smartmaps/japan-geotiff-dem/10/FG-GML-5332-05-dem10b-20161001.tif,575132,64a885e924cca56df14837c7a114bde6
https://data.source.coop/smartmaps/japan-geotiff-dem/10/FG-GML-5332-06-dem10b-20161001.tif,916270,5e86a58364bd968fe863c74548688d18
https://data.source.coop/smartmaps/japan-geotiff-dem/10/FG-GML-5332-07-dem10b-20161001.tif,1296407,81aaea60583e60c9da17f7623fa51fed
https://data.source.coop/smartmaps/japan-geotiff-dem/10/FG-GML-5332-14-dem10b-20161001.tif,4618,d0ebe6730644533ba47bb2a1aed63034
https://data.source.coop/smartmaps/japan-geotiff-dem/10/FG-GML-5332-15-dem10b-20161001.tif,541319,e20b530ed8c9f55750f33f465171645d
https://data.source.coop/smartmaps/japan-geotiff-dem/10/FG-GML-5332-16-dem10b-20161001.tif,1004104,028c9b7ef6af6e4929a32bf91ba11145
https://data.source.coop/smartmaps/japan-geotiff-dem/10/FG-GML-5332-17-dem10b-20161001.tif,577760,53e24571d6bfecf59494b4d4ae83c39a
https://data.source.coop/smartmaps/japan-geotiff-dem/10/FG-GML-5332-26-dem10b-20161001.tif,61409,cf0f94617457eb1d7d723c20c05b6ecf
https://data.source.coop/smartmaps/japan-geotiff-dem/10/FG-GML-5332-27-dem10b-20161001.tif,397822,b00cbf598c5aad90ae38e5c568c7d0d4
https://data.source.coop/smartmaps/japan-geotiff-dem/10/FG-GML-5333-00-dem10b-20161001.tif,1366070,fcf4644d9f07ce40b7764858d129d142
https://data.source.coop/smartmaps/japan-geotiff-dem/10/FG-GML-5333-01-dem10b-20161001.tif,1329355,d9e0ef03108e4c9c95469c501d2979ec
https://data.source.coop/smartmaps/japan-geotiff-dem/10/FG-GML-5333-02-dem10b-20161001.tif,1279313,b140f927ac8d1c5d675743109537e670
https://data.source.coop/smartmaps/japan-geotiff-dem/10/FG-GML-5333-03-dem10b-20161001.tif,1167965,ebfeb50c1abfd13fd4b8fc93b9bf2573
https://data.source.coop/smartmaps/japan-geotiff-dem/10/FG-GML-5333-04-dem10b-20161001.tif,1346385,a44f3e103f2875afc90fd555f8e3a9de
https://data.source.coop/smartmaps/japan-geotiff-dem/10/FG-GML-5333-05-dem10b-20161001.tif,1331166,ccfd9e98b987fef4b846712facb38088
https://data.source.coop/smartmaps/japan-geotiff-dem/10/FG-GML-5333-06-dem10b-20161001.tif,1323756,e3795459499526356c9711e882df60f7
https://data.source.coop/smartmaps/japan-geotiff-dem/10/FG-GML-5333-07-dem10b-20161001.tif,1390172,2008f6f268786ef88c52a97fd64123cb
https://data.source.coop/smartmaps/japan-geotiff-dem/10/FG-GML-5333-10-dem10b-20161001.tif,965495,49a199f22adc86eba07595237b265fb7
https://data.source.coop/smartmaps/japan-geotiff-dem/10/FG-GML-5333-11-dem10b-20161001.tif,406102,cf71d0eeafa9c4b033b13f042a87d901
https://data.source.coop/smartmaps/japan-geotiff-dem/10/FG-GML-5333-12-dem10b-20161001.tif,391211,ad4c360354cc134361c249e4d4382540
https://data.source.coop/smartmaps/japan-geotiff-dem/10/FG-GML-5333-13-dem10b-20161001.tif,790289,ba9846aaa5d26c452566fa8ef0254e6d
https://data.source.coop/smartmaps/japan-geotiff-dem/10/FG-GML-5333-14-dem10b-20161001.tif,1299665,fda3efd16cf69a6f18809b6fcc7f237b
https://data.source.coop/smartmaps/japan-geotiff-dem/10/FG-GML-5333-15-dem10b-20161001.tif,1215252,37065e7dbdd2fda2566f11691c651e4e
https://data.source.coop/smartmaps/japan-geotiff-dem/10/FG-GML-5333-16-dem10b-20161001.tif,1048011,6dc6be997bcd2f980d588b04ac03e932
https://data.source.coop/smartmaps/japan-geotiff-dem/10/FG-GML-5333-17-dem10b-20161001.tif,1323615,740b75c3966419a69412e3bd83a12f9c
https://data.source.coop/smartmaps/japan-geotiff-dem/10/FG-GML-5333-20-dem10b-20161001.tif,1168176,d93b10be96db2da963c717547b35bcce
https://data.source.coop/smartmaps/japan-geotiff-dem/10/FG-GML-5333-21-dem10b-20161001.tif,773880,dae8e2c8d72c75fea7398abe90dd8b28
https://data.source.coop/smartmaps/japan-geotiff-dem/10/FG-GML-5333-22-dem10b-20161001.tif,225390,faaaee9ee46fbc935c455ee51eca9d6a
https://data.source.coop/smartmaps/japan-geotiff-dem/10/FG-GML-5333-23-dem10b-20161001.tif,29959,9f5445e560d3154c4eb3c963cda28ebf
https://data.source.coop/smartmaps/japan-geotiff-dem/10/FG-GML-5333-24-dem10b-20161001.tif,338999,e59948747ae8049c4e5906a1bc4204f3
https://data.source.coop/smartmaps/japan-geotiff-dem/10/FG-GML-5333-25-dem10b-20161001.tif,122944,4b5d066069588bd4e5645886f0387677
https://data.source.coop/smartmaps/japan-geotiff-dem/10/FG-GML-5333-26-dem10b-20161001.tif,26253,6ffa81e77ab2171dbfddaa219f57df13
https://data.source.coop/smartmaps/japan-geotiff-dem/10/FG-GML-5333-27-dem10b-20161001.tif,270606,95c6b8b6af1aa9c137e627aec7377939
https://data.source.coop/smartmaps/japan-geotiff-dem/10/FG-GML-5333-30-dem10b-20161001.tif,75252,27b6d6d3dc46110a559fb1736d33e288
https://data.source.coop/smartmaps/japan-geotiff-dem/10/FG-GML-5333-31-dem10b-20161001.tif,4147,4e3a310e9635bc25781316d4a9b0334f
https://data.source.coop/smartmaps/japan-geotiff-dem/10/FG-GML-5333-32-dem10b-20161001.tif,1285,b29e90c7f590c7e1cca895e09957796c
https://data.source.coop/smartmaps/japan-geotiff-dem/10/FG-GML-5333-70-dem10b-20161001.tif,25311,6776bad2de2677b99f6835a33d9ded48
https://data.source.coop/smartmaps/japan-geotiff-dem/10/FG-GML-5334-00-dem10b-20161001.tif,1379678,1fa8c44cc203948af26e126e2b2677ff
https://data.source.coop/smartmaps/japan-geotiff-dem/10/FG-GML-5334-01-dem10b-20161001.tif,1318616,5273921eb3d5a8c8932859b9d08af8e6
https://data.source.coop/smartmaps/japan-geotiff-dem/10/FG-GML-5334-02-dem10b-20161001.tif,1355362,63d211c9c1e67122dae18d7f2f4dd2b0
https://data.source.coop/smartmaps/japan-geotiff-dem/10/FG-GML-5334-03-dem10b-20161001.tif,1376523,19948fcc9366925d06f465c7cf50da54
https://data.source.coop/smartmaps/japan-geotiff-dem/10/FG-GML-5334-04-dem10b-20161001.tif,1383493,462872f21cdde283fcee7960f947f994
https://data.source.coop/smartmaps/japan-geotiff-dem/10/FG-GML-5334-05-dem10b-20161001.tif,1372597,8cd75106835bdebf0f750d37b92da62c
https://data.source.coop/smartmaps/japan-geotiff-dem/10/FG-GML-5334-06-dem10b-20161001.tif,1343459,62fb482670dd647bf7d23cc4a0483a35
https://data.source.coop/smartmaps/japan-geotiff-dem/10/FG-GML-5334-07-dem10b-20161001.tif,1377182,ed023edceb4370a91f4836fc77924985
https://data.source.coop/smartmaps/japan-geotiff-dem/10/FG-GML-5334-10-dem10b-20161001.tif,1360188,87a0d94b1701deba6477616d9e9ade39
https://data.source.coop/smartmaps/japan-geotiff-dem/10/FG-GML-5334-11-dem10b-20161001.tif,1159226,06067b260cdbdfff6b324964fbb0c765
https://data.source.coop/smartmaps/japan-geotiff-dem/10/FG-GML-5334-12-dem10b-20161001.tif,1287861,54b2ca2c13ebbe45bc8e4703c3d7e5c7
https://data.source.coop/smartmaps/japan-geotiff-dem/10/FG-GML-5334-13-dem10b-20161001.tif,1390134,0cc59aa1a82caba0f3b97057c44c415a
https://data.source.coop/smartmaps/japan-geotiff-dem/10/FG-GML-5334-14-dem10b-20161001.tif,1364581,0b740c346519685ef6041f9cdf5f5d20
https://data.source.coop/smartmaps/japan-geotiff-dem/10/FG-GML-5334-15-dem10b-20161001.tif,1370117,71eceedec37584bf0673e5a482b18b08
https://data.source.coop/smartmaps/japan-geotiff-dem/10/FG-GML-5334-16-dem10b-20161001.tif,1289015,9918a20fb03be5f8a144f6e1c2b564cf
https://data.source.coop/smartmaps/japan-geotiff-dem/10/FG-GML-5334-17-dem10b-20161001.tif,1404726,e7b551ab2b880419172304c61c627a7b
https://data.source.coop/smartmaps/japan-geotiff-dem/10/FG-GML-5334-20-dem10b-20161001.tif,392434,254e89339722820323252da2da26f2ae
https://data.source.coop/smartmaps/japan-geotiff-dem/10/FG-GML-5334-21-dem10b-20161001.tif,432577,3d504d0b5d668e05d016903ba14d06ff
https://data.source.coop/smartmaps/japan-geotiff-dem/10/FG-GML-5334-22-dem10b-20161001.tif,1273183,d2a93d87b487a8aa480ac58b4fa4d42d
https://data.source.coop/smartmaps/japan-geotiff-dem/10/FG-GML-5334-23-dem10b-20161001.tif,1391418,818c0bf038bb26289e9d6fbe66f747f9
https://data.source.coop/smartmaps/japan-geotiff-dem/10/FG-GML-5334-24-dem10b-20161001.tif,1403031,7735484eb1af2d4f5e6c29ef38b4d881
https://data.source.coop/smartmaps/japan-geotiff-dem/10/FG-GML-5334-25-dem10b-20161001.tif,1408640,154a2f1514b2f090018072eba8545867
https://data.source.coop/smartmaps/japan-geotiff-dem/10/FG-GML-5334-26-dem10b-20161001.tif,1244632,963155ab78997d70e0c2c564e9d74278
https://data.source.coop/smartmaps/japan-geotiff-dem/10/FG-GML-5334-27-dem10b-20161001.tif,1427567,93a892585d3d147c8d2b7d0ccb3f2bd7
https://data.source.coop/smartmaps/japan-geotiff-dem/10/FG-GML-5334-32-dem10b-20161001.tif,191898,dfe5a0816e9f1a846218dc5ed1a3236c
https://data.source.coop/smartmaps/japan-geotiff-dem/10/FG-GML-5334-33-dem10b-20161001.tif,858901,a85014a0a1de015d32e789d99b237dd0
https://data.source.coop/smartmaps/japan-geotiff-dem/10/FG-GML-5334-34-dem10b-20161001.tif,1334131,d46246fa6beffe63c48f54202b5d17d0
https://data.source.coop/smartmaps/japan-geotiff-dem/10/FG-GML-5334-35-dem10b-20161001.tif,1387156,d554bcd53824743d301147b648c7695f
https://data.source.coop/smartmaps/japan-geotiff-dem/10/FG-GML-5334-36-dem10b-20161001.tif,1366052,d878326f92d73ba40fc5c3ad4381b135
https://data.source.coop/smartmaps/japan-geotiff-dem/10/FG-GML-5334-37-dem10b-20161001.tif,1155813,2e30274cc79f5218abab3ef2e46b409b
https://data.source.coop/smartmaps/japan-geotiff-dem/10/FG-GML-5334-44-dem10b-20161001.tif,6805,3eb7f6f483f00072163b549714a589af
https://data.source.coop/smartmaps/japan-geotiff-dem/10/FG-GML-5334-45-dem10b-20161001.tif,2891,3151a428dbc4ea116dec918d7fb37cc3
https://data.source.coop/smartmaps/japan-geotiff-dem/10/FG-GML-5334-46-dem10b-20161001.tif,11559,d0bec95a3c2272947d4435c2d50bf041
https://data.source.coop/smartmaps/japan-geotiff-dem/10/FG-GML-5334-47-dem10b-20161001.tif,110904,36be449aed0edb4a41be11882ac650ee
https://data.source.coop/smartmaps/japan-geotiff-dem/10/FG-GML-5335-00-dem10b-20161001.tif,1408636,54a368221d55ca3b69ab81daffb304d7
https://data.source.coop/smartmaps/japan-geotiff-dem/10/FG-GML-5335-01-dem10b-20161001.tif,1388536,1054ad72857820a6d53a1f9b8e8a15a8
https://data.source.coop/smartmaps/japan-geotiff-dem/10/FG-GML-5335-02-dem10b-20161001.tif,1409458,b479c7d95a6fd3c630234b21ab68689b
https://data.source.coop/smartmaps/japan-geotiff-dem/10/FG-GML-5335-03-dem10b-20161001.tif,1396088,e24b741e08f12ea1ed57f4ca31a492ec
https://data.source.coop/smartmaps/japan-geotiff-dem/10/FG-GML-5335-04-dem10b-20161001.tif,1414581,6a437aadd8839ab446c34ac899731072
https://data.source.coop/smartmaps/japan-geotiff-dem/10/FG-GML-5335-05-dem10b-20161001.tif,1424300,9d41632baa9bd745e6a91a6ec1a3d386
https://data.source.coop/smartmaps/japan-geotiff-dem/10/FG-GML-5335-06-dem10b-20161001.tif,1409658,10fe9c3ec7153a23b4306f56f8baf93f
https://data.source.coop/smartmaps/japan-geotiff-dem/10/FG-GML-5335-07-dem10b-20161001.tif,1300606,1f02694522357a62f83c7e0ae93da642
https://data.source.coop/smartmaps/japan-geotiff-dem/10/FG-GML-5335-10-dem10b-20161001.tif,1390508,a110ed70dc08680f4ca9f2e743a09206
https://data.source.coop/smartmaps/japan-geotiff-dem/10/FG-GML-5335-11-dem10b-20161001.tif,1434296,cc0edd0a4b171849e706b46a13ed93f7
https://data.source.coop/smartmaps/japan-geotiff-dem/10/FG-GML-5335-12-dem10b-20161001.tif,1290282,12429ba3553e9a478857465d29c92877
https://data.source.coop/smartmaps/japan-geotiff-dem/10/FG-GML-5335-13-dem10b-20161001.tif,1340077,eced0f6c61421c125eb0631a47e8bb94
https://data.source.coop/smartmaps/japan-geotiff-dem/10/FG-GML-5335-14-dem10b-20161001.tif,1313766,91124426331c3b75e5ec95b5b48d8490
https://data.source.coop/smartmaps/japan-geotiff-dem/10/FG-GML-5335-15-dem10b-20161001.tif,1246252,cb10639b63dc209badf48020d85fe9c2
https://data.source.coop/smartmaps/japan-geotiff-dem/10/FG-GML-5335-16-dem10b-20161001.tif,1294515,2761c3248d295dc191e60f730b6c7850
https://data.source.coop/smartmaps/japan-geotiff-dem/10/FG-GML-5335-17-dem10b-20161001.tif,1408345,7d930298d15d4463649b7f3f5d03f31e
https://data.source.coop/smartmaps/japan-geotiff-dem/10/FG-GML-5335-20-dem10b-20161001.tif,1345741,2a1b128ceeffb0a9910bd2fb49b8a7f7
https://data.source.coop/smartmaps/japan-geotiff-dem/10/FG-GML-5335-21-dem10b-20161001.tif,1195771,32cef38c333240a77938bf2d5dd5d9f4
https://data.source.coop/smartmaps/japan-geotiff-dem/10/FG-GML-5335-22-dem10b-20161001.tif,545254,9103c8d48ccdbd75a601d8e24cce7e6d
https://data.source.coop/smartmaps/japan-geotiff-dem/10/FG-GML-5335-23-dem10b-20161001.tif,1064211,df6c2e061e8ecc1ce644da8d892461fd
https://data.source.coop/smartmaps/japan-geotiff-dem/10/FG-GML-5335-24-dem10b-20161001.tif,202033,f3b2de676114e3c9a7a3cad1bb56c9b6
https://data.source.coop/smartmaps/japan-geotiff-dem/10/FG-GML-5335-25-dem10b-20161001.tif,441370,1f86f61c06423e3745d1e4ca3fd1aa2c
https://data.source.coop/smartmaps/japan-geotiff-dem/10/FG-GML-5335-26-dem10b-20161001.tif,976022,fcf5503c85477880cd56ee9136e4e422
https://data.source.coop/smartmaps/japan-geotiff-dem/10/FG-GML-5335-27-dem10b-20161001.tif,1311799,95934c009c69b6d91ab4e0e3f7e46e7f
https://data.source.coop/smartmaps/japan-geotiff-dem/10/FG-GML-5335-30-dem10b-20161001.tif,1312892,25338ef222532615b43870d8ba58ce00
https://data.source.coop/smartmaps/japan-geotiff-dem/10/FG-GML-5335-31-dem10b-20161001.tif,1288455,d392f4fd4d14803dc9b6aa747d9961f2
https://data.source.coop/smartmaps/japan-geotiff-dem/10/FG-GML-5335-32-dem10b-20161001.tif,62255,be2fc03e8a3c6730b498cd738f1a9e72
https://data.source.coop/smartmaps/japan-geotiff-dem/10/FG-GML-5335-33-dem10b-20161001.tif,60652,5119a0a55d1ad6afc94c7dbb83bf0a27
https://data.source.coop/smartmaps/japan-geotiff-dem/10/FG-GML-5335-36-dem10b-20161001.tif,232913,e3305a05458302ce48b4b550763c9132
https://data.source.coop/smartmaps/japan-geotiff-dem/10/FG-GML-5335-37-dem10b-20161001.tif,699857,07c65f7a2419ffb488097fcd02147bc2
https://data.source.coop/smartmaps/japan-geotiff-dem/10/FG-GML-5335-40-dem10b-20161001.tif,832312,8c94d5a227fa5e75dcc2d89c9554f293
https://data.source.coop/smartmaps/japan-geotiff-dem/10/FG-GML-5335-41-dem10b-20161001.tif,1428192,b50a4ef5c4246a50aa98ac0ee54a0094
https://data.source.coop/smartmaps/japan-geotiff-dem/10/FG-GML-5335-42-dem10b-20161001.tif,470974,80ccdd1bf0948e0cf0dee4a4267d2844
https://data.source.coop/smartmaps/japan-geotiff-dem/10/FG-GML-5335-43-dem10b-20161001.tif,12923,8677938a67ea8b9c2c3ccadfd73fc49c
https://data.source.coop/smartmaps/japan-geotiff-dem/10/FG-GML-5335-47-dem10b-20161001.tif,373191,97f27b7c6f44c0f4463997c118c78e72
https://data.source.coop/smartmaps/japan-geotiff-dem/10/FG-GML-5335-51-dem10b-20161001.tif,218080,cc38123e9cb550f5022316997a83f84d
https://data.source.coop/smartmaps/japan-geotiff-dem/10/FG-GML-5335-52-dem10b-20161001.tif,8035,a6a38b9488341317440c6fb572261e19
https://data.source.coop/smartmaps/japan-geotiff-dem/10/FG-GML-5335-57-dem10b-20161001.tif,1202,df97f435f752c034243b4f46e02f6133
https://data.source.coop/smartmaps/japan-geotiff-dem/10/FG-GML-5335-67-dem10b-20161001.tif,29681,5783e3286b8fa710f7509f71e407177a
https://data.source.coop/smartmaps/japan-geotiff-dem/10/FG-GML-5335-77-dem10b-20161001.tif,296758,9ec6335c5c154d9faf2357f3198c49d8
https://data.source.coop/smartmaps/japan-geotiff-dem/10/FG-GML-5336-00-dem10b-20161001.tif,331652,4e7861370f42c30b2be12e1c76fc756d
https://data.source.coop/smartmaps/japan-geotiff-dem/10/FG-GML-5336-01-dem10b-20161001.tif,45180,bffb8fb61e7e6aaac712f32448c3aa8a
https://data.source.coop/smartmaps/japan-geotiff-dem/10/FG-GML-5336-02-dem10b-20161001.tif,735753,e820902e8c05a39ecee731faf52c4662
https://data.source.coop/smartmaps/japan-geotiff-dem/10/FG-GML-5336-03-dem10b-20161001.tif,1306399,98c43e65e78445f45c9d0c9df9446162
https://data.source.coop/smartmaps/japan-geotiff-dem/10/FG-GML-5336-04-dem10b-20161001.tif,768459,5d23bd4cf45abe3284871a7f21a2e1f5
https://data.source.coop/smartmaps/japan-geotiff-dem/10/FG-GML-5336-05-dem10b-20161001.tif,326196,b80baa349847ea22d966bc603e4f4057
https://data.source.coop/smartmaps/japan-geotiff-dem/10/FG-GML-5336-06-dem10b-20161001.tif,522268,0e5c6c1acf8a87d6cc83ceb978269f5a
https://data.source.coop/smartmaps/japan-geotiff-dem/10/FG-GML-5336-07-dem10b-20161001.tif,855486,5e0bbb95fe44dc3965767099768765e5
https://data.source.coop/smartmaps/japan-geotiff-dem/10/FG-GML-5336-10-dem10b-20161001.tif,765733,b2f76492f385ffdc310ceea3ab13d7a9
https://data.source.coop/smartmaps/japan-geotiff-dem/10/FG-GML-5336-11-dem10b-20161001.tif,487582,6e51c0268558023c7f6f32d7bb2b1b5b
https://data.source.coop/smartmaps/japan-geotiff-dem/10/FG-GML-5336-12-dem10b-20161001.tif,1171054,ec2d8ec87f83383190cf38a8313d69d4
https://data.source.coop/smartmaps/japan-geotiff-dem/10/FG-GML-5336-13-dem10b-20161001.tif,1413604,600661cf99d415909b3bdcb60e681bc6
https://data.source.coop/smartmaps/japan-geotiff-dem/10/FG-GML-5336-14-dem10b-20161001.tif,941866,8bdb42359496a2a45441158278671fbb
https://data.source.coop/smartmaps/japan-geotiff-dem/10/FG-GML-5336-15-dem10b-20161001.tif,625992,9b5226e26948ea6f82b642ff44917f81
https://data.source.coop/smartmaps/japan-geotiff-dem/10/FG-GML-5336-16-dem10b-20161001.tif,1049299,74d7ad2c3b9dc14d786c9fcdcbd8b743
https://data.source.coop/smartmaps/japan-geotiff-dem/10/FG-GML-5336-17-dem10b-20161001.tif,1039290,332ccb23eaedf625d9b238e48355b52c
https://data.source.coop/smartmaps/japan-geotiff-dem/10/FG-GML-5336-20-dem10b-20161001.tif,1374881,80c22cec9cac2b30f69ab8648fb6f3cc
https://data.source.coop/smartmaps/japan-geotiff-dem/10/FG-GML-5336-21-dem10b-20161001.tif,1276211,9bb506f2f24900c7b9003304b2da1a91
https://data.source.coop/smartmaps/japan-geotiff-dem/10/FG-GML-5336-22-dem10b-20161001.tif,1390304,df7bac9a57c7519e746a75a586d4c1a9
https://data.source.coop/smartmaps/japan-geotiff-dem/10/FG-GML-5336-23-dem10b-20161001.tif,1399226,8f3d8d04a221f861bc1bbdf708c3023c
https://data.source.coop/smartmaps/japan-geotiff-dem/10/FG-GML-5336-24-dem10b-20161001.tif,1383395,04c10ef7e6cd36b693422869f5afc576
https://data.source.coop/smartmaps/japan-geotiff-dem/10/FG-GML-5336-25-dem10b-20161001.tif,1336377,b84ca9fe18b5fefd8bda170d993534a0
https://data.source.coop/smartmaps/japan-geotiff-dem/10/FG-GML-5336-26-dem10b-20161001.tif,1276493,05cc2a06e00802241ffd58edb5bb9fcb
https://data.source.coop/smartmaps/japan-geotiff-dem/10/FG-GML-5336-27-dem10b-20161001.tif,1277814,35bd65f60327196e28a6d224cb16b8fe
https://data.source.coop/smartmaps/japan-geotiff-dem/10/FG-GML-5336-30-dem10b-20161001.tif,1225641,901774a539ac6d44513cbce58397d6fd
https://data.source.coop/smartmaps/japan-geotiff-dem/10/FG-GML-5336-31-dem10b-20161001.tif,1398561,ddaea3ddf4cc52edc1fe7167c9c196ad
https://data.source.coop/smartmaps/japan-geotiff-dem/10/FG-GML-5336-32-dem10b-20161001.tif,1387548,d10c14e61d0aa384995fa6261a943a2e
https://data.source.coop/smartmaps/japan-geotiff-dem/10/FG-GML-5336-33-dem10b-20161001.tif,1406802,02d3a35023d48a10adb6e9e6d69eb29a
https://data.source.coop/smartmaps/japan-geotiff-dem/10/FG-GML-5336-34-dem10b-20161001.tif,1394100,82b459a08a67be1543765f5961eb9f28
https://data.source.coop/smartmaps/japan-geotiff-dem/10/FG-GML-5336-35-dem10b-20161001.tif,1408586,ad83552a3c085c0daf102edbd694246c
https://data.source.coop/smartmaps/japan-geotiff-dem/10/FG-GML-5336-36-dem10b-20161001.tif,1391439,151b1839a5aad54dcbc99c2575a98d2e
https://data.source.coop/smartmaps/japan-geotiff-dem/10/FG-GML-5336-37-dem10b-20161001.tif,1390583,f4b685373d73c072820e664f18cfae9e
https://data.source.coop/smartmaps/japan-geotiff-dem/10/FG-GML-5336-40-dem10b-20161001.tif,892253,8412bdc3c1f5ff7acb0062e7422bd453
https://data.source.coop/smartmaps/japan-geotiff-dem/10/FG-GML-5336-41-dem10b-20161001.tif,1383250,d1e26321ab510aa02646dbcc13839887
https://data.source.coop/smartmaps/japan-geotiff-dem/10/FG-GML-5336-42-dem10b-20161001.tif,1391153,f70f3fa194c5899b7ca8cfb239a81f90
https://data.source.coop/smartmaps/japan-geotiff-dem/10/FG-GML-5336-43-dem10b-20161001.tif,1276370,54eab4bccfdad57521a9be5075485b87
https://data.source.coop/smartmaps/japan-geotiff-dem/10/FG-GML-5336-44-dem10b-20161001.tif,1399279,1ca4c54d90b075c19ddfad52cc40fca4
https://data.source.coop/smartmaps/japan-geotiff-dem/10/FG-GML-5336-45-dem10b-20161001.tif,1401603,26e39d91caa858f9353af60a787dc7e6
https://data.source.coop/smartmaps/japan-geotiff-dem/10/FG-GML-5336-46-dem10b-20161001.tif,1395015,805ebebe85ea27dbcbe1b5a78e9a599d
https://data.source.coop/smartmaps/japan-geotiff-dem/10/FG-GML-5336-47-dem10b-20161001.tif,1395064,3d19c8357a0aab932c0c28eea0eeebdf
https://data.source.coop/smartmaps/japan-geotiff-dem/10/FG-GML-5336-50-dem10b-20161001.tif,509488,23a130dd0cc485637df5d33077349176
https://data.source.coop/smartmaps/japan-geotiff-dem/10/FG-GML-5336-51-dem10b-20161001.tif,1364475,3c3e80c5d93570cfef8ecc25ef6f0054
https://data.source.coop/smartmaps/japan-geotiff-dem/10/FG-GML-5336-52-dem10b-20161001.tif,1392521,9eb2ab8a917a42c1d996a30a3c37d05c
https://data.source.coop/smartmaps/japan-geotiff-dem/10/FG-GML-5336-53-dem10b-20161001.tif,1393235,8f3bf5dafe979d16c152f0f291348a6c
https://data.source.coop/smartmaps/japan-geotiff-dem/10/FG-GML-5336-54-dem10b-20161001.tif,1385370,5a17006297683b6cdd8ae314a61f567c
https://data.source.coop/smartmaps/japan-geotiff-dem/10/FG-GML-5336-55-dem10b-20161001.tif,1396465,f6acc92353a8c9e47f3a4c0da94bf5d4
https://data.source.coop/smartmaps/japan-geotiff-dem/10/FG-GML-5336-56-dem10b-20161001.tif,1373750,8dab4d4beed15ee8d48e0a3f45c3fb1c
https://data.source.coop/smartmaps/japan-geotiff-dem/10/FG-GML-5336-57-dem10b-20161001.tif,1364885,dc69a6b9e35f5dfaed824ce94c052b39
https://data.source.coop/smartmaps/japan-geotiff-dem/10/FG-GML-5336-60-dem10b-20161001.tif,1200803,ba9d26db0b21c38b9e4be73a94577498
https://data.source.coop/smartmaps/japan-geotiff-dem/10/FG-GML-5336-61-dem10b-20161001.tif,1048944,62f075b424a4faa44411767d34219c18
https://data.source.coop/smartmaps/japan-geotiff-dem/10/FG-GML-5336-62-dem10b-20161001.tif,1344179,d704a8cbc002959aa8edb74ccfe72e3d
https://data.source.coop/smartmaps/japan-geotiff-dem/10/FG-GML-5336-63-dem10b-20161001.tif,1390442,9a6a0ef76d42bae7e17f6852bd54b038
https://data.source.coop/smartmaps/japan-geotiff-dem/10/FG-GML-5336-64-dem10b-20161001.tif,1368037,34ff90ab02c5b6a31c514aa5e52b33c3
https://data.source.coop/smartmaps/japan-geotiff-dem/10/FG-GML-5336-65-dem10b-20161001.tif,1287465,9f896c2f6c5b14db0cf74f7aaf45e2eb
https://data.source.coop/smartmaps/japan-geotiff-dem/10/FG-GML-5336-66-dem10b-20161001.tif,1323424,fe2389ac8473a440fc959b577571d2d5
https://data.source.coop/smartmaps/japan-geotiff-dem/10/FG-GML-5336-67-dem10b-20161001.tif,1363928,d1467078c6050a20d1c335d9d640e3d1
https://data.source.coop/smartmaps/japan-geotiff-dem/10/FG-GML-5336-70-dem10b-20161001.tif,1352472,4223527b9cc2da3d4dba72bb1b876902
https://data.source.coop/smartmaps/japan-geotiff-dem/10/FG-GML-5336-71-dem10b-20161001.tif,850544,494b861764101de76bf7b8eabac277f5
https://data.source.coop/smartmaps/japan-geotiff-dem/10/FG-GML-5336-72-dem10b-20161001.tif,1344685,60c91d6fa8a350fdbd47f1dea52d97d4
https://data.source.coop/smartmaps/japan-geotiff-dem/10/FG-GML-5336-73-dem10b-20161001.tif,1259207,7f89d25641bf86945ff4c9a1e35a644c
https://data.source.coop/smartmaps/japan-geotiff-dem/10/FG-GML-5336-74-dem10b-20161001.tif,1108532,55e8c5dc2d5657997b85d94fcebce327
https://data.source.coop/smartmaps/japan-geotiff-dem/10/FG-GML-5336-75-dem10b-20161001.tif,1376687,382a0a721dfd24f950d18ea4d455f12e
https://data.source.coop/smartmaps/japan-geotiff-dem/10/FG-GML-5336-76-dem10b-20161001.tif,1359179,6d3f33c13165ffc5526803878268e770
https://data.source.coop/smartmaps/japan-geotiff-dem/10/FG-GML-5336-77-dem10b-20161001.tif,1332677,578e9427fdf24137d62fa5b4eab57bdb
https://data.source.coop/smartmaps/japan-geotiff-dem/10/FG-GML-5337-00-dem10b-20161001.tif,1207168,4ba027d47db919f6c38e6298f41b6837
https://data.source.coop/smartmaps/japan-geotiff-dem/10/FG-GML-5337-01-dem10b-20161001.tif,1245446,2e0967d30276dd2f3ce259be3339e2a5
https://data.source.coop/smartmaps/japan-geotiff-dem/10/FG-GML-5337-02-dem10b-20161001.tif,1304214,05568124470ac055b6f774c012a44e21
https://data.source.coop/smartmaps/japan-geotiff-dem/10/FG-GML-5337-03-dem10b-20161001.tif,1323929,fef22eba5b90226d37c8ff9e1521da5d
https://data.source.coop/smartmaps/japan-geotiff-dem/10/FG-GML-5337-04-dem10b-20161001.tif,1412125,d3676ae0632e9585904dabcd1147b007
https://data.source.coop/smartmaps/japan-geotiff-dem/10/FG-GML-5337-05-dem10b-20161001.tif,1403497,fdec0f0bc725eb1c9db2441a98096b12
https://data.source.coop/smartmaps/japan-geotiff-dem/10/FG-GML-5337-06-dem10b-20161001.tif,1388254,5347485eeb4f3bec941bc719c9772068
https://data.source.coop/smartmaps/japan-geotiff-dem/10/FG-GML-5337-07-dem10b-20161001.tif,1415770,2e4089ddf7cfac60ab7f654911b3f715
https://data.source.coop/smartmaps/japan-geotiff-dem/10/FG-GML-5337-10-dem10b-20161001.tif,1046963,704ffaf456c2874b729b0f8eab926149
https://data.source.coop/smartmaps/japan-geotiff-dem/10/FG-GML-5337-11-dem10b-20161001.tif,1309395,07e673ff7d36f49abea11982edfaa8aa
https://data.source.coop/smartmaps/japan-geotiff-dem/10/FG-GML-5337-12-dem10b-20161001.tif,1309919,21452cea7297e6e7cb582ddb22217eb6
https://data.source.coop/smartmaps/japan-geotiff-dem/10/FG-GML-5337-13-dem10b-20161001.tif,1203547,739ac4a61d35afceea8e5262b4971f31
https://data.source.coop/smartmaps/japan-geotiff-dem/10/FG-GML-5337-14-dem10b-20161001.tif,1379324,b8d278a576e5d98a198d7dbc915b2f4b
https://data.source.coop/smartmaps/japan-geotiff-dem/10/FG-GML-5337-15-dem10b-20161001.tif,1391698,3ac85312e715cac4b5f0a8a152328d78
https://data.source.coop/smartmaps/japan-geotiff-dem/10/FG-GML-5337-16-dem10b-20161001.tif,1263947,ddd21751bd87aab6e2dc3bf2c5ac5431
https://data.source.coop/smartmaps/japan-geotiff-dem/10/FG-GML-5337-17-dem10b-20161001.tif,1396644,a7ae4cc926b87879c8f5287e7c35208d
https://data.source.coop/smartmaps/japan-geotiff-dem/10/FG-GML-5337-20-dem10b-20161001.tif,1365507,d1732b6f46a5cf8a3b0f2b1b713e2453
https://data.source.coop/smartmaps/japan-geotiff-dem/10/FG-GML-5337-21-dem10b-20161001.tif,1393076,5387fdb2cf3d22d642f389f84422e3f6
https://data.source.coop/smartmaps/japan-geotiff-dem/10/FG-GML-5337-22-dem10b-20161001.tif,1304481,7b95814919f026ef87d3c5c8bd310d3a
https://data.source.coop/smartmaps/japan-geotiff-dem/10/FG-GML-5337-23-dem10b-20161001.tif,1257294,c5ae9c698fa3f74fabbb80b0365f97f6
https://data.source.coop/smartmaps/japan-geotiff-dem/10/FG-GML-5337-24-dem10b-20161001.tif,1331489,17636d9929eb38b37182e4da288c3c82
https://data.source.coop/smartmaps/japan-geotiff-dem/10/FG-GML-5337-25-dem10b-20161001.tif,1405458,bae0727f09c5c15daf0e6ba383e01402
https://data.source.coop/smartmaps/japan-geotiff-dem/10/FG-GML-5337-26-dem10b-20161001.tif,1264099,8b43b903ecceba659cb0db5910df52fb
https://data.source.coop/smartmaps/japan-geotiff-dem/10/FG-GML-5337-27-dem10b-20161001.tif,1312614,a57984e10b457a28a853f1cb5d3aac5c
https://data.source.coop/smartmaps/japan-geotiff-dem/10/FG-GML-5337-30-dem10b-20161001.tif,1370250,4ade67e29eed0f29af01f3cdb83d509e
https://data.source.coop/smartmaps/japan-geotiff-dem/10/FG-GML-5337-31-dem10b-20161001.tif,1390469,526841839ea4a5bb90d720f62a0a57cd
https://data.source.coop/smartmaps/japan-geotiff-dem/10/FG-GML-5337-32-dem10b-20161001.tif,1353045,7b379648c67152a57b40e36dd13c9ca6
https://data.source.coop/smartmaps/japan-geotiff-dem/10/FG-GML-5337-33-dem10b-20161001.tif,1322525,5036c23e0752171212ba402c490c4f7b
https://data.source.coop/smartmaps/japan-geotiff-dem/10/FG-GML-5337-34-dem10b-20161001.tif,1393053,6e7c57392efa350786c43167cdec9be4
https://data.source.coop/smartmaps/japan-geotiff-dem/10/FG-GML-5337-35-dem10b-20161001.tif,1398279,b3c7202a818b7952ffb8b4cfa9eeae5e
https://data.source.coop/smartmaps/japan-geotiff-dem/10/FG-GML-5337-36-dem10b-20161001.tif,1427352,3e1d9b306627c17bfea31a4b10d23b9e
https://data.source.coop/smartmaps/japan-geotiff-dem/10/FG-GML-5337-37-dem10b-20161001.tif,1244961,1b4b65baa83f5f76cee8677880d756b8
https://data.source.coop/smartmaps/japan-geotiff-dem/10/FG-GML-5337-40-dem10b-20161001.tif,1395268,e341156255afd8ea3991ba0b9d4ca7e0
https://data.source.coop/smartmaps/japan-geotiff-dem/10/FG-GML-5337-41-dem10b-20161001.tif,1391490,567edadc8df967840dfec72387d95b8d
https://data.source.coop/smartmaps/japan-geotiff-dem/10/FG-GML-5337-42-dem10b-20161001.tif,1355352,47b50b36243204975a04795997dab647
https://data.source.coop/smartmaps/japan-geotiff-dem/10/FG-GML-5337-43-dem10b-20161001.tif,1387043,2fa4317e91f3e01d18a7fa6392d96755
https://data.source.coop/smartmaps/japan-geotiff-dem/10/FG-GML-5337-44-dem10b-20161001.tif,1382211,ade0a895a005b377025c00d583521d87
https://data.source.coop/smartmaps/japan-geotiff-dem/10/FG-GML-5337-45-dem10b-20161001.tif,1374142,12c02f188250e5f769910c52fb75b276
https://data.source.coop/smartmaps/japan-geotiff-dem/10/FG-GML-5337-46-dem10b-20161001.tif,1457095,39dd427b92ce8682ee53be0c507c873e
https://data.source.coop/smartmaps/japan-geotiff-dem/10/FG-GML-5337-47-dem10b-20161001.tif,1180642,d68e3bf30db03b07bb77114bceb9e4f9
https://data.source.coop/smartmaps/japan-geotiff-dem/10/FG-GML-5337-50-dem10b-20161001.tif,1376754,9f72908853917458e713b0e3a2fb28ae
https://data.source.coop/smartmaps/japan-geotiff-dem/10/FG-GML-5337-51-dem10b-20161001.tif,1346872,0acf736c139d13e45e43d8c5375b6031
https://data.source.coop/smartmaps/japan-geotiff-dem/10/FG-GML-5337-52-dem10b-20161001.tif,1360039,a688b6c8f0e55a766491bcdc6c4036cb
https://data.source.coop/smartmaps/japan-geotiff-dem/10/FG-GML-5337-53-dem10b-20161001.tif,1371203,e6a0b4c4d4743056d64a962883e026e6
https://data.source.coop/smartmaps/japan-geotiff-dem/10/FG-GML-5337-54-dem10b-20161001.tif,1362672,ae66205053545e315453640a9f27765d
https://data.source.coop/smartmaps/japan-geotiff-dem/10/FG-GML-5337-55-dem10b-20161001.tif,1373358,0c2b1ce9906e0fcbf0273017af78201d
https://data.source.coop/smartmaps/japan-geotiff-dem/10/FG-GML-5337-56-dem10b-20161001.tif,1450531,dc9b3621eba75ca4a3be1fedf2414348
https://data.source.coop/smartmaps/japan-geotiff-dem/10/FG-GML-5337-57-dem10b-20161001.tif,1156047,ea0ba7ac1164e4f1a9a277c99a09f68b
https://data.source.coop/smartmaps/japan-geotiff-dem/10/FG-GML-5337-60-dem10b-20161001.tif,1385641,9d7b57d28bbe2c3abe592ad1f948bad9
https://data.source.coop/smartmaps/japan-geotiff-dem/10/FG-GML-5337-61-dem10b-20161001.tif,1335240,afaadaf5c41fa7f27765c60a73a7dc89
https://data.source.coop/smartmaps/japan-geotiff-dem/10/FG-GML-5337-62-dem10b-20161001.tif,1398265,d813aa2d95aaa3981cbcbf160cb41dd6
https://data.source.coop/smartmaps/japan-geotiff-dem/10/FG-GML-5337-63-dem10b-20161001.tif,1374875,bb82cb5fe021547c07c8b813d643f979
https://data.source.coop/smartmaps/japan-geotiff-dem/10/FG-GML-5337-64-dem10b-20161001.tif,1384305,8291f3725f332301cf3a2989997e1f39
https://data.source.coop/smartmaps/japan-geotiff-dem/10/FG-GML-5337-65-dem10b-20161001.tif,1386288,c3814b34cd37fd9626b50f4ecc284d4f
https://data.source.coop/smartmaps/japan-geotiff-dem/10/FG-GML-5337-66-dem10b-20161001.tif,1392397,093c05ecdd194c1245722498f9f93dc0
https://data.source.coop/smartmaps/japan-geotiff-dem/10/FG-GML-5337-67-dem10b-20161001.tif,1029954,9a2510c72cdddabcdb2185eaec9ce85c
https://data.source.coop/smartmaps/japan-geotiff-dem/10/FG-GML-5337-70-dem10b-20161001.tif,1387150,f268edef4931df0e335c48a1ba228f55
https://data.source.coop/smartmaps/japan-geotiff-dem/10/FG-GML-5337-71-dem10b-20161001.tif,1374156,1f3e344111d54f9ef446680524d8a8c5
https://data.source.coop/smartmaps/japan-geotiff-dem/10/FG-GML-5337-72-dem10b-20161001.tif,1379399,a84e1bd64ce774e4e119b42a99ee32f9
https://data.source.coop/smartmaps/japan-geotiff-dem/10/FG-GML-5337-73-dem10b-20161001.tif,1369878,af4eec0ec221d5326738214516d0bd02
https://data.source.coop/smartmaps/japan-geotiff-dem/10/FG-GML-5337-74-dem10b-20161001.tif,1344831,fbfd0e60dde35d77f4698a76222a6e84
https://data.source.coop/smartmaps/japan-geotiff-dem/10/FG-GML-5337-75-dem10b-20161001.tif,1371738,d5dde138719edce1e5d8bb9865180538
https://data.source.coop/smartmaps/japan-geotiff-dem/10/FG-GML-5337-76-dem10b-20161001.tif,1380917,f628b2a1f8494af9c5150113709872d6
https://data.source.coop/smartmaps/japan-geotiff-dem/10/FG-GML-5337-77-dem10b-20161001.tif,1272670,ab78050421d38d184723bf32d075576e
https://data.source.coop/smartmaps/japan-geotiff-dem/10/FG-GML-5338-00-dem10b-20161001.tif,1427848,05f56b6bb0938ee076c1919d0d63b496
https://data.source.coop/smartmaps/japan-geotiff-dem/10/FG-GML-5338-01-dem10b-20161001.tif,1433404,58afee2d0827f7bf0149539f3cd380ca
https://data.source.coop/smartmaps/japan-geotiff-dem/10/FG-GML-5338-02-dem10b-20161001.tif,1429572,aa8e358573ce7d01dac98f42449913b7
https://data.source.coop/smartmaps/japan-geotiff-dem/10/FG-GML-5338-03-dem10b-20161001.tif,1368623,ed62f613e843172e49ffdfa1f0ff352b
https://data.source.coop/smartmaps/japan-geotiff-dem/10/FG-GML-5338-04-dem10a-20161001.tif,680496,001a5c06cece4cc9f61e718ba54f56d5
https://data.source.coop/smartmaps/japan-geotiff-dem/10/FG-GML-5338-04-dem10b-20161001.tif,1241241,c188bb8a63ea37bb683580cf3eb546ab
https://data.source.coop/smartmaps/japan-geotiff-dem/10/FG-GML-5338-05-dem10a-20161001.tif,1656290,f824ec2d6f25121fa7e78f556ae606c5
https://data.source.coop/smartmaps/japan-geotiff-dem/10/FG-GML-5338-05-dem10b-20161001.tif,1290496,1bf8283a7982aa36cffbaa388b8d178f
https://data.source.coop/smartmaps/japan-geotiff-dem/10/FG-GML-5338-06-dem10a-20161001.tif,1599578,7965d33feb5dfea36330663d8d74e0a5
https://data.source.coop/smartmaps/japan-geotiff-dem/10/FG-GML-5338-06-dem10b-20161001.tif,1174935,2e9db3c5724efd040bf1d76aee1141c0
https://data.source.coop/smartmaps/japan-geotiff-dem/10/FG-GML-5338-07-dem10a-20161001.tif,496608,bd456285a1c8e10c3e50b7332aada7ae
https://data.source.coop/smartmaps/japan-geotiff-dem/10/FG-GML-5338-07-dem10b-20161001.tif,1239022,a869d75580a783383a8d923876fd0429
https://data.source.coop/smartmaps/japan-geotiff-dem/10/FG-GML-5338-10-dem10b-20161001.tif,1426313,d64f82f1294e232504a6dfc50805173a
https://data.source.coop/smartmaps/japan-geotiff-dem/10/FG-GML-5338-11-dem10b-20161001.tif,1452001,ea49a1b3cd6bbfd893a0319184259fae
https://data.source.coop/smartmaps/japan-geotiff-dem/10/FG-GML-5338-12-dem10b-20161001.tif,1431251,13ee2e895b892ca845da7e7b4b226035
https://data.source.coop/smartmaps/japan-geotiff-dem/10/FG-GML-5338-13-dem10b-20161001.tif,1338745,7d3f7b6eb5b79f7bee6059804568e17b
https://data.source.coop/smartmaps/japan-geotiff-dem/10/FG-GML-5338-14-dem10a-20161001.tif,807510,002f3d0f900449ac92872f6957341ecf
https://data.source.coop/smartmaps/japan-geotiff-dem/10/FG-GML-5338-14-dem10b-20161001.tif,1273468,8175e3b301c1e5a5cbeec8e69651827a
https://data.source.coop/smartmaps/japan-geotiff-dem/10/FG-GML-5338-15-dem10a-20161001.tif,1488964,ecc6b90f8f2e91cc64107c0e68724dfb
https://data.source.coop/smartmaps/japan-geotiff-dem/10/FG-GML-5338-15-dem10b-20161001.tif,1134357,fe9de818b488e1deda2bc3d69ea2a95e
https://data.source.coop/smartmaps/japan-geotiff-dem/10/FG-GML-5338-16-dem10a-20161001.tif,1317354,f695b212549af9aca46707a4e820388d
https://data.source.coop/smartmaps/japan-geotiff-dem/10/FG-GML-5338-16-dem10b-20161001.tif,1053135,cc34404a72ee89e671ac8d82be123f6a
https://data.source.coop/smartmaps/japan-geotiff-dem/10/FG-GML-5338-17-dem10a-20161001.tif,125640,1f665b4533901b1a7c82fd59ce7cef89
https://data.source.coop/smartmaps/japan-geotiff-dem/10/FG-GML-5338-17-dem10b-20161001.tif,1352888,35f713f0bda265498146bad9b0dd0499
https://data.source.coop/smartmaps/japan-geotiff-dem/10/FG-GML-5338-20-dem10b-20161001.tif,1404679,bcf44e0fcfb16455a0e6375ef589da11
https://data.source.coop/smartmaps/japan-geotiff-dem/10/FG-GML-5338-21-dem10b-20161001.tif,1461524,c07519cc37179bd6056e0e0f381f1f2b
https://data.source.coop/smartmaps/japan-geotiff-dem/10/FG-GML-5338-22-dem10b-20161001.tif,1422850,d9425a192d0cf203085848528b12390b
https://data.source.coop/smartmaps/japan-geotiff-dem/10/FG-GML-5338-23-dem10b-20161001.tif,1256332,c8b0d032cb943a9631bbe75e3e9da95c
https://data.source.coop/smartmaps/japan-geotiff-dem/10/FG-GML-5338-24-dem10a-20161001.tif,119211,2f8a6f54f8ac4dfa3d10e1e080e55bda
https://data.source.coop/smartmaps/japan-geotiff-dem/10/FG-GML-5338-24-dem10b-20161001.tif,1308721,5dde5cf787eed48490043e3d8157518a
https://data.source.coop/smartmaps/japan-geotiff-dem/10/FG-GML-5338-25-dem10a-20161001.tif,295451,9bb322713e53d3d832955f27bc8084f2
https://data.source.coop/smartmaps/japan-geotiff-dem/10/FG-GML-5338-25-dem10b-20161001.tif,1334669,47d5948b9535ed5ed5880b40cc2d49fa
https://data.source.coop/smartmaps/japan-geotiff-dem/10/FG-GML-5338-26-dem10a-20161001.tif,238388,09385d6688b8c32e9ea46ce3526b131f
https://data.source.coop/smartmaps/japan-geotiff-dem/10/FG-GML-5338-26-dem10b-20161001.tif,1317378,1de2e7f311fc31075f41af4a3bf2f58e
https://data.source.coop/smartmaps/japan-geotiff-dem/10/FG-GML-5338-27-dem10b-20161001.tif,1338112,3870060f9df8d9e1ba1a578f542df77c
https://data.source.coop/smartmaps/japan-geotiff-dem/10/FG-GML-5338-30-dem10b-20161001.tif,1401988,707379064d1d49d7556d7afc246c5911
https://data.source.coop/smartmaps/japan-geotiff-dem/10/FG-GML-5338-31-dem10b-20161001.tif,1443853,3d7760a38e46799ac48bb19069aa8b27
https://data.source.coop/smartmaps/japan-geotiff-dem/10/FG-GML-5338-32-dem10b-20161001.tif,1432692,3bd0be3b3ff3c6fc16cd28b4cc11a3b0
https://data.source.coop/smartmaps/japan-geotiff-dem/10/FG-GML-5338-33-dem10b-20161001.tif,1059411,7908ae27dc713212e45d04f0284bd74a
https://data.source.coop/smartmaps/japan-geotiff-dem/10/FG-GML-5338-34-dem10b-20161001.tif,525955,ad8873a9dbb670b1bf25c31ebd822e16
https://data.source.coop/smartmaps/japan-geotiff-dem/10/FG-GML-5338-35-dem10b-20161001.tif,1101886,eda752460151b686b4c56ae4b4b5b961
https://data.source.coop/smartmaps/japan-geotiff-dem/10/FG-GML-5338-36-dem10b-20161001.tif,1395424,402311d50d39f3b1beb9f9b5bbfa348a
https://data.source.coop/smartmaps/japan-geotiff-dem/10/FG-GML-5338-37-dem10b-20161001.tif,1367267,be69840e6b1f692726f997c01c4f27ac
https://data.source.coop/smartmaps/japan-geotiff-dem/10/FG-GML-5338-40-dem10b-20161001.tif,1385362,22d7d1c99eedf361a6a2d25b6959a644
https://data.source.coop/smartmaps/japan-geotiff-dem/10/FG-GML-5338-41-dem10b-20161001.tif,1462042,41f839bff748c5923ac0295c873b480c
https://data.source.coop/smartmaps/japan-geotiff-dem/10/FG-GML-5338-42-dem10b-20161001.tif,1434002,64aba834a9efa039325dd17bebc0692a
https://data.source.coop/smartmaps/japan-geotiff-dem/10/FG-GML-5338-43-dem10b-20161001.tif,1176094,089956dbb43e8fdfa5be6d0d2007c66f
https://data.source.coop/smartmaps/japan-geotiff-dem/10/FG-GML-5338-44-dem10b-20161001.tif,1243563,1eccef01a173dd5e398d89c746946d07
https://data.source.coop/smartmaps/japan-geotiff-dem/10/FG-GML-5338-45-dem10b-20161001.tif,1128509,5ef72657629a7d84cb75bff19cea21b9
https://data.source.coop/smartmaps/japan-geotiff-dem/10/FG-GML-5338-46-dem10b-20161001.tif,1381345,495ca3e3ae27da8290121801ca1cd5aa
https://data.source.coop/smartmaps/japan-geotiff-dem/10/FG-GML-5338-47-dem10b-20161001.tif,1410642,811e67d19044e8d97e8af366f39bfae6
https://data.source.coop/smartmaps/japan-geotiff-dem/10/FG-GML-5338-50-dem10b-20161001.tif,1332971,e91716460df227aa56a3f2134a7442ab
https://data.source.coop/smartmaps/japan-geotiff-dem/10/FG-GML-5338-51-dem10b-20161001.tif,1423528,5dd2db87d0afe3aab870610b519edb7b
https://data.source.coop/smartmaps/japan-geotiff-dem/10/FG-GML-5338-52-dem10b-20161001.tif,1265682,239654f9b886fb6b668b0fd53c84acfb
https://data.source.coop/smartmaps/japan-geotiff-dem/10/FG-GML-5338-53-dem10b-20161001.tif,1205060,7d7524f861c7d1886d1deb4ef623ac9b
https://data.source.coop/smartmaps/japan-geotiff-dem/10/FG-GML-5338-54-dem10b-20161001.tif,1381695,bf36a7f5dc33af21c9fed8f35ae72e0f
https://data.source.coop/smartmaps/japan-geotiff-dem/10/FG-GML-5338-55-dem10b-20161001.tif,1376587,33af9507bd92d91694f593e1472bbe6c
https://data.source.coop/smartmaps/japan-geotiff-dem/10/FG-GML-5338-56-dem10b-20161001.tif,1404869,1e61961555709aea4dabcb47b49b904e
https://data.source.coop/smartmaps/japan-geotiff-dem/10/FG-GML-5338-57-dem10b-20161001.tif,1394931,9e13d8fce68ffd039b3f22f9e79e2686
https://data.source.coop/smartmaps/japan-geotiff-dem/10/FG-GML-5338-60-dem10b-20161001.tif,1321966,a4bbfa095b8d79edcaa7ed43dfc4e0db
https://data.source.coop/smartmaps/japan-geotiff-dem/10/FG-GML-5338-61-dem10b-20161001.tif,1360647,6bb91c5a154e2ee3b87430a52aef24cd
https://data.source.coop/smartmaps/japan-geotiff-dem/10/FG-GML-5338-62-dem10b-20161001.tif,1198609,0c0b1e62575fef05483038bcd4fe4b0c
https://data.source.coop/smartmaps/japan-geotiff-dem/10/FG-GML-5338-63-dem10b-20161001.tif,1266996,17ea4086d2df78f3513740be66fcd23d
https://data.source.coop/smartmaps/japan-geotiff-dem/10/FG-GML-5338-64-dem10b-20161001.tif,1400320,aa81181d637e739f73c78d1ed609c388
https://data.source.coop/smartmaps/japan-geotiff-dem/10/FG-GML-5338-65-dem10b-20161001.tif,1423113,6e8a3a0d3c02805aa41c6e43440c2115
https://data.source.coop/smartmaps/japan-geotiff-dem/10/FG-GML-5338-66-dem10b-20161001.tif,1407106,9e8f94efe5078afc8eb9a6cac271b267
https://data.source.coop/smartmaps/japan-geotiff-dem/10/FG-GML-5338-67-dem10b-20161001.tif,1402868,0c9bc8bcb150e2b6c41bc107c15ba639
https://data.source.coop/smartmaps/japan-geotiff-dem/10/FG-GML-5338-70-dem10b-20161001.tif,1372728,7f202d59011e9fd1a7c086159307f509
https://data.source.coop/smartmaps/japan-geotiff-dem/10/FG-GML-5338-71-dem10b-20161001.tif,1133563,591b76a6071730526797440d6dc68ec2
https://data.source.coop/smartmaps/japan-geotiff-dem/10/FG-GML-5338-72-dem10b-20161001.tif,1253555,b89a3a679d6278922e24aa11fdee4f4c
https://data.source.coop/smartmaps/japan-geotiff-dem/10/FG-GML-5338-73-dem10b-20161001.tif,1193552,5571e3c2f836e8b97183692c5be3a75e
https://data.source.coop/smartmaps/japan-geotiff-dem/10/FG-GML-5338-74-dem10b-20161001.tif,1316311,b3322a2de9f6b4ea5bf7bde971be1c2a
https://data.source.coop/smartmaps/japan-geotiff-dem/10/FG-GML-5338-75-dem10b-20161001.tif,1375391,20f8ad6da5bb2278bb7cb56d2ee59d24
https://data.source.coop/smartmaps/japan-geotiff-dem/10/FG-GML-5338-76-dem10b-20161001.tif,1417006,9d57e8f9371a86bcc1437d66a1549cf9
https://data.source.coop/smartmaps/japan-geotiff-dem/10/FG-GML-5338-77-dem10b-20161001.tif,1404371,9cee56b36bbbc724b3bdb094102ac608
https://data.source.coop/smartmaps/japan-geotiff-dem/10/FG-GML-5339-00-dem10b-20161001.tif,1332421,ac63a445df1fbf16b6114bb8dab01539
https://data.source.coop/smartmaps/japan-geotiff-dem/10/FG-GML-5339-01-dem10b-20161001.tif,1210366,a4ed4bb9bcd2ab65679c572d91636e15
https://data.source.coop/smartmaps/japan-geotiff-dem/10/FG-GML-5339-02-dem10b-20161001.tif,823837,e96756a21b5fceeb82a3b1b499e35fb0
https://data.source.coop/smartmaps/japan-geotiff-dem/10/FG-GML-5339-03-dem10b-20161001.tif,930354,17f8dd78ef7ba570743be484c7eb6902
https://data.source.coop/smartmaps/japan-geotiff-dem/10/FG-GML-5339-04-dem10b-20161001.tif,1173726,dd05ce2b61d281f930e496e00b78593f
https://data.source.coop/smartmaps/japan-geotiff-dem/10/FG-GML-5339-05-dem10b-20161001.tif,191706,2eda6c0361b315323c5a7a6362b4fac7
https://data.source.coop/smartmaps/japan-geotiff-dem/10/FG-GML-5339-06-dem10b-20161001.tif,77225,595451361a7e95c2b478fdc123e10134
https://data.source.coop/smartmaps/japan-geotiff-dem/10/FG-GML-5339-07-dem10b-20161001.tif,778994,d39b9f3c3e1e205f12cc14d3eb0f435c
https://data.source.coop/smartmaps/japan-geotiff-dem/10/FG-GML-5339-10-dem10b-20161001.tif,1421853,43069c29126211fdcb0ee161a897b897
https://data.source.coop/smartmaps/japan-geotiff-dem/10/FG-GML-5339-11-dem10b-20161001.tif,1421318,fbab59081062dad82e975cacd7a94e68
https://data.source.coop/smartmaps/japan-geotiff-dem/10/FG-GML-5339-12-dem10b-20161001.tif,1133400,c0e103aca1d3f7ad846f67f0e461c67e
https://data.source.coop/smartmaps/japan-geotiff-dem/10/FG-GML-5339-13-dem10b-20161001.tif,824921,f66b2b3df4851bfd69ca737af52f33bd
https://data.source.coop/smartmaps/japan-geotiff-dem/10/FG-GML-5339-14-dem10b-20161001.tif,1115794,91d35f4107ea94ebd6bcbdd23065be7c
https://data.source.coop/smartmaps/japan-geotiff-dem/10/FG-GML-5339-15-dem10b-20161001.tif,435454,acf61e93169ed2e0674e7c970749f624
https://data.source.coop/smartmaps/japan-geotiff-dem/10/FG-GML-5339-16-dem10b-20161001.tif,15708,9f1e7384d472b9975d1c374f9c7caea5
https://data.source.coop/smartmaps/japan-geotiff-dem/10/FG-GML-5339-17-dem10b-20161001.tif,239442,ca2dd5f88a77781ba25038c510d5c429
https://data.source.coop/smartmaps/japan-geotiff-dem/10/FG-GML-5339-20-dem10b-20161001.tif,1402358,0142ca88918e3ce196833e4d84e01f03
https://data.source.coop/smartmaps/japan-geotiff-dem/10/FG-GML-5339-21-dem10b-20161001.tif,1351385,930fd0056094de117e30d547ada061d2
https://data.source.coop/smartmaps/japan-geotiff-dem/10/FG-GML-5339-22-dem10b-20161001.tif,1063945,f5b23abe7d198231e1dca8c72472a9b0
https://data.source.coop/smartmaps/japan-geotiff-dem/10/FG-GML-5339-23-dem10b-20161001.tif,837600,22af1344f0838d605e87e75beaee3c22
https://data.source.coop/smartmaps/japan-geotiff-dem/10/FG-GML-5339-24-dem10b-20161001.tif,1114366,bdd5285802807f3755797f9f8e7d70b9
https://data.source.coop/smartmaps/japan-geotiff-dem/10/FG-GML-5339-25-dem10b-20161001.tif,590157,4ec4ad9d986c257251958dfabe62d00b
https://data.source.coop/smartmaps/japan-geotiff-dem/10/FG-GML-5339-26-dem10b-20161001.tif,166526,e71c33d770fc1b6e9118439b4bcb6f5d
https://data.source.coop/smartmaps/japan-geotiff-dem/10/FG-GML-5339-30-dem10b-20161001.tif,1358118,0fe42b9faf016666efa8a6f41007418f
https://data.source.coop/smartmaps/japan-geotiff-dem/10/FG-GML-5339-31-dem10b-20161001.tif,1354660,1262ccdfe2c61f424bbc7ab5dc3c8cca
https://data.source.coop/smartmaps/japan-geotiff-dem/10/FG-GML-5339-32-dem10b-20161001.tif,1052300,811115e7ae44cfc755f9ed5755439532
https://data.source.coop/smartmaps/japan-geotiff-dem/10/FG-GML-5339-33-dem10b-20161001.tif,1029886,fb8263ba7f3201e459f5e60a896358a5
https://data.source.coop/smartmaps/japan-geotiff-dem/10/FG-GML-5339-34-dem10b-20161001.tif,819970,9af8d0c487160f3564001b9540c4eee0
https://data.source.coop/smartmaps/japan-geotiff-dem/10/FG-GML-5339-35-dem10b-20161001.tif,840737,2756792edd920e5f2e89cc9667a2dab5
https://data.source.coop/smartmaps/japan-geotiff-dem/10/FG-GML-5339-36-dem10b-20161001.tif,377635,4ba20df8361fac98ba4b40cd65204dd1
https://data.source.coop/smartmaps/japan-geotiff-dem/10/FG-GML-5339-37-dem10b-20161001.tif,121636,c232f15f7152bf02a2e3f259c92f7bcb
https://data.source.coop/smartmaps/japan-geotiff-dem/10/FG-GML-5339-40-dem10b-20161001.tif,1409230,dcad5e49f45a88405b365f9ad76206c7
https://data.source.coop/smartmaps/japan-geotiff-dem/10/FG-GML-5339-41-dem10b-20161001.tif,1391755,207f027634e38422d3ea2027d64d4c10
https://data.source.coop/smartmaps/japan-geotiff-dem/10/FG-GML-5339-42-dem10b-20161001.tif,921810,b3fd9a9f05787cbc8723447896c8b2a8
https://data.source.coop/smartmaps/japan-geotiff-dem/10/FG-GML-5339-43-dem10b-20161001.tif,512373,ff47b1b9e084b77296a818e9755eaa9d
https://data.source.coop/smartmaps/japan-geotiff-dem/10/FG-GML-5339-44-dem10b-20161001.tif,486010,35394f1b223f9144e16db8788fc3947d
https://data.source.coop/smartmaps/japan-geotiff-dem/10/FG-GML-5339-45-dem10b-20161001.tif,718060,55314236b36fdf036cf1b0f9d2ea219a
https://data.source.coop/smartmaps/japan-geotiff-dem/10/FG-GML-5339-46-dem10b-20161001.tif,394968,263a6461230e5d25d097243bf37935c7
https://data.source.coop/smartmaps/japan-geotiff-dem/10/FG-GML-5339-47-dem10b-20161001.tif,529093,a9a45099e7d07270e2c66f2fd03c45b8
https://data.source.coop/smartmaps/japan-geotiff-dem/10/FG-GML-5339-50-dem10b-20161001.tif,1379324,27232bb8cc6a53000f4b70c17044af37
https://data.source.coop/smartmaps/japan-geotiff-dem/10/FG-GML-5339-51-dem10b-20161001.tif,1392766,ff9f3b4af7210c67aa211439440233b4
https://data.source.coop/smartmaps/japan-geotiff-dem/10/FG-GML-5339-52-dem10b-20161125.tif,940020,8f4be632e5269fc476a5278df538f596
https://data.source.coop/smartmaps/japan-geotiff-dem/10/FG-GML-5339-53-dem10b-20161001.tif,712325,f566b04337f0e8b3cb96691d9445bf8d
https://data.source.coop/smartmaps/japan-geotiff-dem/10/FG-GML-5339-54-dem10b-20161001.tif,678902,5f2cc3a896ae75e5374df528c96081f7
https://data.source.coop/smartmaps/japan-geotiff-dem/10/FG-GML-5339-55-dem10b-20161001.tif,468544,58588ba4ff07749d3db1d497e94c04ea
https://data.source.coop/smartmaps/japan-geotiff-dem/10/FG-GML-5339-56-dem10b-20161001.tif,290950,96d79ee730d017e918eaa72745c30727
https://data.source.coop/smartmaps/japan-geotiff-dem/10/FG-GML-5339-57-dem10b-20161001.tif,768927,80b9a234f10af7ff52a28d7122cc46b2
https://data.source.coop/smartmaps/japan-geotiff-dem/10/FG-GML-5339-60-dem10b-20161001.tif,1412893,4169a945656c11c20c70e1b143ca7260
https://data.source.coop/smartmaps/japan-geotiff-dem/10/FG-GML-5339-61-dem10b-20161001.tif,1389808,1a1d7790cec9ec758d8659588115515e
https://data.source.coop/smartmaps/japan-geotiff-dem/10/FG-GML-5339-62-dem10b-20161001.tif,1086488,4d97c69078879526461ab5340a045674
https://data.source.coop/smartmaps/japan-geotiff-dem/10/FG-GML-5339-63-dem10b-20161001.tif,661699,1606ccbac967d76bf48412295165ca18
https://data.source.coop/smartmaps/japan-geotiff-dem/10/FG-GML-5339-64-dem10b-20161001.tif,445726,73e79a3c377eb15c39eb0141e6894038
https://data.source.coop/smartmaps/japan-geotiff-dem/10/FG-GML-5339-65-dem10b-20161001.tif,753584,763ce2bccad5f1f9c5e62700e0c59f5f
https://data.source.coop/smartmaps/japan-geotiff-dem/10/FG-GML-5339-66-dem10b-20161001.tif,270782,5750f5f7de7e90b9339642cdac07bc75
https://data.source.coop/smartmaps/japan-geotiff-dem/10/FG-GML-5339-67-dem10b-20161001.tif,733298,5bb64be66e1d1e4604e6a7a67bb73a59
https://data.source.coop/smartmaps/japan-geotiff-dem/10/FG-GML-5339-70-dem10b-20161001.tif,1311382,a1bbae2274694bb8358a2728d5b8d0f4
https://data.source.coop/smartmaps/japan-geotiff-dem/10/FG-GML-5339-71-dem10b-20161001.tif,1371524,9266affe021fa9eede7c7603143f7a41
https://data.source.coop/smartmaps/japan-geotiff-dem/10/FG-GML-5339-72-dem10b-20161001.tif,1058442,f8e796b274e89e98eeb816824525fe00
https://data.source.coop/smartmaps/japan-geotiff-dem/10/FG-GML-5339-73-dem10b-20161001.tif,490448,aace5c7fc57ad95bd21a1db3a82c81da
https://data.source.coop/smartmaps/japan-geotiff-dem/10/FG-GML-5339-74-dem10b-20161001.tif,606290,1c3cb0c679ac614aaba2cf70403a2957
https://data.source.coop/smartmaps/japan-geotiff-dem/10/FG-GML-5339-75-dem10b-20161001.tif,596718,9012d0adb114fb559eb0f9518d29ad30
https://data.source.coop/smartmaps/japan-geotiff-dem/10/FG-GML-5339-76-dem10b-20161001.tif,539052,a0ca46f3f9c39253f04210eac6bfa30c
https://data.source.coop/smartmaps/japan-geotiff-dem/10/FG-GML-5339-77-dem10b-20161001.tif,691347,69aa8271a22c7ad3fae1e51cc5d938a3
https://data.source.coop/smartmaps/japan-geotiff-dem/10/FG-GML-5340-00-dem10b-20161001.tif,1097539,bb51a2cb0bb17c9dd8a2e22ec08a2985
https://data.source.coop/smartmaps/japan-geotiff-dem/10/FG-GML-5340-01-dem10b-20161001.tif,1233091,d7c402477d32d9adabc6c5e36e9fe05b
https://data.source.coop/smartmaps/japan-geotiff-dem/10/FG-GML-5340-02-dem10b-20161001.tif,1069931,93bb1619630789a96dfcc8b651b5bdf2
https://data.source.coop/smartmaps/japan-geotiff-dem/10/FG-GML-5340-03-dem10b-20161001.tif,89040,0b120b94177345bffed3bc4a237d2eec
https://data.source.coop/smartmaps/japan-geotiff-dem/10/FG-GML-5340-10-dem10b-20161001.tif,905124,90d57bee0f7dbfafefca1762c8179d77
https://data.source.coop/smartmaps/japan-geotiff-dem/10/FG-GML-5340-11-dem10b-20161001.tif,1158293,1c03694972af38234e843304f199aeae
https://data.source.coop/smartmaps/japan-geotiff-dem/10/FG-GML-5340-12-dem10b-20161001.tif,645763,b440039b13c07a11e5e9de58024b1c4f
https://data.source.coop/smartmaps/japan-geotiff-dem/10/FG-GML-5340-13-dem10b-20161001.tif,79848,975d06a67a99bb30e36e6c6bc3f44ffe
https://data.source.coop/smartmaps/japan-geotiff-dem/10/FG-GML-5340-20-dem10b-20161001.tif,202254,b3ff56dc4bfaaed72c44c96522298213
https://data.source.coop/smartmaps/japan-geotiff-dem/10/FG-GML-5340-21-dem10b-20161001.tif,1002572,ae1e714591b9846cdebb63d774baba98
https://data.source.coop/smartmaps/japan-geotiff-dem/10/FG-GML-5340-22-dem10b-20161001.tif,835006,738989af78ea11410b3bb7f86db9ba6d
https://data.source.coop/smartmaps/japan-geotiff-dem/10/FG-GML-5340-23-dem10b-20161001.tif,217817,f5b216a958ac76aa0fd58cc06bcb9edb
https://data.source.coop/smartmaps/japan-geotiff-dem/10/FG-GML-5340-24-dem10b-20161001.tif,1927,40a083407e26c28ea995f31c7feb1426
https://data.source.coop/smartmaps/japan-geotiff-dem/10/FG-GML-5340-30-dem10b-20161001.tif,406933,455d79f589c1fc7dc42136c2663b72b1
https://data.source.coop/smartmaps/japan-geotiff-dem/10/FG-GML-5340-31-dem10b-20161001.tif,991877,5d5baac60733e352ba72c4356fc55b96
https://data.source.coop/smartmaps/japan-geotiff-dem/10/FG-GML-5340-32-dem10b-20161001.tif,1015487,5a639b212832eb4b6bd481ba242ba6a8
https://data.source.coop/smartmaps/japan-geotiff-dem/10/FG-GML-5340-33-dem10b-20161001.tif,707201,84e0eaecc06f8c00dfd8c1350af241ad
https://data.source.coop/smartmaps/japan-geotiff-dem/10/FG-GML-5340-34-dem10b-20161001.tif,188588,de8f25bb9fd19db86d0fbc195b6142c4
https://data.source.coop/smartmaps/japan-geotiff-dem/10/FG-GML-5340-40-dem10b-20161001.tif,889779,54e09f2e26cfe0a47a30609a46c5ecf0
https://data.source.coop/smartmaps/japan-geotiff-dem/10/FG-GML-5340-41-dem10b-20161001.tif,994005,3e11b4339f9bff290a859f7138b7853a
https://data.source.coop/smartmaps/japan-geotiff-dem/10/FG-GML-5340-42-dem10b-20161001.tif,898539,d03243b8ffd317eb0fb0c2420164e78c
https://data.source.coop/smartmaps/japan-geotiff-dem/10/FG-GML-5340-43-dem10b-20161001.tif,1048727,e0db8946855af4454143a141e1876a22
https://data.source.coop/smartmaps/japan-geotiff-dem/10/FG-GML-5340-44-dem10b-20161001.tif,686470,20aac59230f42f5fe441c6a88491f855
https://data.source.coop/smartmaps/japan-geotiff-dem/10/FG-GML-5340-45-dem10b-20161001.tif,462711,48a72264b5bea38862c991dbd1490deb
https://data.source.coop/smartmaps/japan-geotiff-dem/10/FG-GML-5340-46-dem10b-20161001.tif,508913,9cbcd40e9ae6ff934448b9ba3e507995
https://data.source.coop/smartmaps/japan-geotiff-dem/10/FG-GML-5340-47-dem10b-20161001.tif,1541,9bd1dc9cfe2c0ded81a5055f9d6ce8da
https://data.source.coop/smartmaps/japan-geotiff-dem/10/FG-GML-5340-50-dem10b-20161001.tif,858268,e79bf8aa6cd9256f9c8e531b27dd3b39
https://data.source.coop/smartmaps/japan-geotiff-dem/10/FG-GML-5340-51-dem10b-20161001.tif,890647,5cad75d3b4f252d69d38e7081e062442
https://data.source.coop/smartmaps/japan-geotiff-dem/10/FG-GML-5340-52-dem10b-20161001.tif,1063828,16e8bb038a572330dfc9def803d6bf4c
https://data.source.coop/smartmaps/japan-geotiff-dem/10/FG-GML-5340-53-dem10b-20161001.tif,1024847,0f5af693f0857233823d14c266aa6d4f
https://data.source.coop/smartmaps/japan-geotiff-dem/10/FG-GML-5340-54-dem10b-20161001.tif,1050013,b9eb21ffb1a5400770498e3f9cd52220
https://data.source.coop/smartmaps/japan-geotiff-dem/10/FG-GML-5340-55-dem10b-20161001.tif,825416,3857f920315ff853bdb93d167f554574
https://data.source.coop/smartmaps/japan-geotiff-dem/10/FG-GML-5340-56-dem10b-20161001.tif,233550,4518e8af9771b3fa2b1afcc25c33b433
https://data.source.coop/smartmaps/japan-geotiff-dem/10/FG-GML-5340-60-dem10b-20161001.tif,777405,6c5ef6c58f13ff421ec8f9f9a4a08b1b
https://data.source.coop/smartmaps/japan-geotiff-dem/10/FG-GML-5340-61-dem10b-20161001.tif,428736,967bb4aced4bfb25515752e8903851c0
https://data.source.coop/smartmaps/japan-geotiff-dem/10/FG-GML-5340-62-dem10b-20161001.tif,629491,6dd8a6ec8ee760eaee51311f9a21d5c7
https://data.source.coop/smartmaps/japan-geotiff-dem/10/FG-GML-5340-63-dem10b-20161001.tif,951121,b92f1e5067245de630015d2528f46c20
https://data.source.coop/smartmaps/japan-geotiff-dem/10/FG-GML-5340-64-dem10b-20161001.tif,679316,365d9b471465e4f7b53bbaba121a7667
https://data.source.coop/smartmaps/japan-geotiff-dem/10/FG-GML-5340-65-dem10b-20161001.tif,422882,0b452e00f7ba5a98f53d085f2248b7e3
https://data.source.coop/smartmaps/japan-geotiff-dem/10/FG-GML-5340-66-dem10b-20161001.tif,22381,63639581e1436f303be4e5a9a439e317
https://data.source.coop/smartmaps/japan-geotiff-dem/10/FG-GML-5340-70-dem10b-20161001.tif,653795,7ee4ade7d91610dadb777361083f937f
https://data.source.coop/smartmaps/japan-geotiff-dem/10/FG-GML-5340-71-dem10b-20161001.tif,883956,7dde9bffbaee4f70c9a84ed1fa0a7856
https://data.source.coop/smartmaps/japan-geotiff-dem/10/FG-GML-5340-72-dem10b-20161001.tif,932167,2908cfed1994aa77c78aa5442188950c
https://data.source.coop/smartmaps/japan-geotiff-dem/10/FG-GML-5340-73-dem10b-20161001.tif,418567,9e4bb17c605fbc69544852921f5fdef7
https://data.source.coop/smartmaps/japan-geotiff-dem/10/FG-GML-5340-74-dem10b-20161001.tif,614191,22f60fcc336f49f6c68790c6a6b0d2e9
https://data.source.coop/smartmaps/japan-geotiff-dem/10/FG-GML-5340-75-dem10b-20161001.tif,329299,8d9b72f77e16d6eaba7c4929c7d7d426
https://data.source.coop/smartmaps/japan-geotiff-dem/10/FG-GML-5432-07-dem10b-20161001.tif,170947,78b573d1d5f549ce75a8746bde9eb20f
https://data.source.coop/smartmaps/japan-geotiff-dem/10/FG-GML-5432-17-dem10b-20161001.tif,159400,75311280b8a45e8421c0ddf382ed4bd8
https://data.source.coop/smartmaps/japan-geotiff-dem/10/FG-GML-5433-00-dem10b-20161001.tif,547990,3742017217995559d533c67a1088b808
https://data.source.coop/smartmaps/japan-geotiff-dem/10/FG-GML-5433-01-dem10b-20161001.tif,30821,41dc0cac739677f5a198ae320d690de3
https://data.source.coop/smartmaps/japan-geotiff-dem/10/FG-GML-5433-10-dem10b-20161001.tif,709746,c759e9968c997cb31128b385e80f6264
https://data.source.coop/smartmaps/japan-geotiff-dem/10/FG-GML-5433-11-dem10b-20161001.tif,58161,39c00055cdc73fce21495c3ecd5f2961
https://data.source.coop/smartmaps/japan-geotiff-dem/10/FG-GML-5433-12-dem10b-20161001.tif,11677,c0b210fd8336d1e23690b4720ccbaba1
https://data.source.coop/smartmaps/japan-geotiff-dem/10/FG-GML-5433-21-dem10b-20161001.tif,503668,8e767b8dffd9d48de724f00a59ee95b3
https://data.source.coop/smartmaps/japan-geotiff-dem/10/FG-GML-5433-22-dem10b-20161001.tif,1162705,659750687322ea8f26fb0bef7ac7e483
https://data.source.coop/smartmaps/japan-geotiff-dem/10/FG-GML-5433-23-dem10b-20161001.tif,8603,fdf8792a8a39a88bb83dbf8020ccd54d
https://data.source.coop/smartmaps/japan-geotiff-dem/10/FG-GML-5433-31-dem10b-20161001.tif,598676,03c3fcdef4324e4500835ec527691ac0
https://data.source.coop/smartmaps/japan-geotiff-dem/10/FG-GML-5433-32-dem10b-20161001.tif,1180227,c36403739accaa56ccf559ba7d0898c4
https://data.source.coop/smartmaps/japan-geotiff-dem/10/FG-GML-5433-33-dem10b-20161001.tif,24260,b44df100cbab901249766cad10064aee
https://data.source.coop/smartmaps/japan-geotiff-dem/10/FG-GML-5433-41-dem10b-20161001.tif,2608,24bf8e318bae663fab5f87ba9f10e676
https://data.source.coop/smartmaps/japan-geotiff-dem/10/FG-GML-5433-42-dem10b-20161001.tif,33655,f73f31aa60e845cc1010a082c0e9a53a
https://data.source.coop/smartmaps/japan-geotiff-dem/10/FG-GML-5435-07-dem10b-20161001.tif,53816,a185b685b9efb65d96cab52dc43855c6
https://data.source.coop/smartmaps/japan-geotiff-dem/10/FG-GML-5436-00-dem10b-20161001.tif,1302323,7d07bcc0d52c90026a8cffdb3310f875
https://data.source.coop/smartmaps/japan-geotiff-dem/10/FG-GML-5436-01-dem10b-20161001.tif,827423,0d30824970dd5c82da2517200461ddd1
https://data.source.coop/smartmaps/japan-geotiff-dem/10/FG-GML-5436-02-dem10b-20161001.tif,1198493,b6d4d430c7f05b2c054d001eeed55611
https://data.source.coop/smartmaps/japan-geotiff-dem/10/FG-GML-5436-03-dem10b-20161001.tif,1248841,12d58977afa14847ff08ca8fdcd21a27
https://data.source.coop/smartmaps/japan-geotiff-dem/10/FG-GML-5436-04-dem10b-20161001.tif,1276954,3b1d74d46dce45c5a0c28135b456fb01
https://data.source.coop/smartmaps/japan-geotiff-dem/10/FG-GML-5436-05-dem10b-20161001.tif,1396483,fa967cfbf46646d606157fd04b10641f
https://data.source.coop/smartmaps/japan-geotiff-dem/10/FG-GML-5436-06-dem10b-20161001.tif,1395545,e4ef17c22a9d7390f00afc063194009d
https://data.source.coop/smartmaps/japan-geotiff-dem/10/FG-GML-5436-07-dem10b-20161001.tif,1349815,7592fd931cd4e3890117c2c5ff4ac904
https://data.source.coop/smartmaps/japan-geotiff-dem/10/FG-GML-5436-10-dem10b-20161001.tif,723197,1910ac7eea3c5a8c684499a6bcb06194
https://data.source.coop/smartmaps/japan-geotiff-dem/10/FG-GML-5436-11-dem10b-20161001.tif,653539,ca20b8d806262364750dbf1a8fceaf5a
https://data.source.coop/smartmaps/japan-geotiff-dem/10/FG-GML-5436-12-dem10b-20161001.tif,1036969,b4a5803e8d383a65761e2b55aea8f3be
https://data.source.coop/smartmaps/japan-geotiff-dem/10/FG-GML-5436-13-dem10b-20161001.tif,1386358,b7d610acbb746150bf216c3283998aa9
https://data.source.coop/smartmaps/japan-geotiff-dem/10/FG-GML-5436-14-DEM10B-20161001.tif,1372147,e6a61caf34e647fef0c02dc5edc93c92
https://data.source.coop/smartmaps/japan-geotiff-dem/10/FG-GML-5436-15-dem10b-20161001.tif,1387029,d3d2b837bacf22edf5d4eb3afa83e447
https://data.source.coop/smartmaps/japan-geotiff-dem/10/FG-GML-5436-16-dem10b-20161001.tif,1418653,637c4799404491d4964d2066a8d478d6
https://data.source.coop/smartmaps/japan-geotiff-dem/10/FG-GML-5436-17-dem10b-20161001.tif,1329525,580fba646804428cc3fda77c6942cc1f
https://data.source.coop/smartmaps/japan-geotiff-dem/10/FG-GML-5436-20-dem10b-20161001.tif,54214,d5c68bb82d82d4f3e93279c19fcc6e7c
https://data.source.coop/smartmaps/japan-geotiff-dem/10/FG-GML-5436-21-dem10b-20161001.tif,663085,1f385637e9d7c61374847b63e9c2101d
https://data.source.coop/smartmaps/japan-geotiff-dem/10/FG-GML-5436-22-dem10b-20161001.tif,1315794,1c2bbd18153138f05e37e2a6b041d989
https://data.source.coop/smartmaps/japan-geotiff-dem/10/FG-GML-5436-23-dem10b-20161001.tif,1397089,a9dd2e86cc070143d91139e7bb9f611b
https://data.source.coop/smartmaps/japan-geotiff-dem/10/FG-GML-5436-24-dem10b-20161001.tif,1380652,8d54eda124112ff75dae8d5bca6de595
https://data.source.coop/smartmaps/japan-geotiff-dem/10/FG-GML-5436-25-dem10b-20161001.tif,1376569,7e66bdc3a37215ae90afe1c4b6292e0f
https://data.source.coop/smartmaps/japan-geotiff-dem/10/FG-GML-5436-26-dem10b-20161001.tif,1400653,f01beaac0dd6f0c6d4baf39df1407436
https://data.source.coop/smartmaps/japan-geotiff-dem/10/FG-GML-5436-27-dem10b-20161001.tif,1363912,30eeb5ff210d317c1158b4a0edb706fc
https://data.source.coop/smartmaps/japan-geotiff-dem/10/FG-GML-5436-30-dem10b-20161001.tif,4734,3c10b62a36b00c867ca88852bd5fcb52
https://data.source.coop/smartmaps/japan-geotiff-dem/10/FG-GML-5436-31-dem10b-20161001.tif,251366,e67e2f93828cbd4d020de3e77b546421
https://data.source.coop/smartmaps/japan-geotiff-dem/10/FG-GML-5436-32-dem10b-20161001.tif,1120897,a094930881be1b9e8078f8afc2a85b6d
https://data.source.coop/smartmaps/japan-geotiff-dem/10/FG-GML-5436-33-dem10b-20161001.tif,1302554,f37db4585fc660165a4d19b9a8a08531
https://data.source.coop/smartmaps/japan-geotiff-dem/10/FG-GML-5436-34-dem10b-20161001.tif,1387739,4d7858b45c261a61bd492afd96cd9165
https://data.source.coop/smartmaps/japan-geotiff-dem/10/FG-GML-5436-35-dem10b-20161001.tif,1367911,496a8136c47a8b6a9eb1c634d83ea2da
https://data.source.coop/smartmaps/japan-geotiff-dem/10/FG-GML-5436-36-dem10b-20161001.tif,1394977,a38519159dbfcce3f1bd0f45facf5132
https://data.source.coop/smartmaps/japan-geotiff-dem/10/FG-GML-5436-37-dem10b-20161001.tif,1374007,bfeb57b5470fdc18889a73538f5bd55f
https://data.source.coop/smartmaps/japan-geotiff-dem/10/FG-GML-5436-42-dem10b-20161001.tif,273646,b029feddf8f1691d9caac35e445a1eb9
https://data.source.coop/smartmaps/japan-geotiff-dem/10/FG-GML-5436-43-dem10b-20161001.tif,775132,d7e21bf0dd8017267210dd7f4b7d710c
https://data.source.coop/smartmaps/japan-geotiff-dem/10/FG-GML-5436-44-dem10b-20161001.tif,1351313,1a954e0082dfa13fd5a7591c83ada98e
https://data.source.coop/smartmaps/japan-geotiff-dem/10/FG-GML-5436-45-dem10b-20161001.tif,1391730,86664caaae2892749c66bfd54cba1981
https://data.source.coop/smartmaps/japan-geotiff-dem/10/FG-GML-5436-46-dem10b-20161001.tif,1386286,a1da2141aacef5a47b206bb598708952
https://data.source.coop/smartmaps/japan-geotiff-dem/10/FG-GML-5436-47-dem10b-20161001.tif,1389133,916663214e1c4c34ac28c17bd11a393e
https://data.source.coop/smartmaps/japan-geotiff-dem/10/FG-GML-5436-53-dem10b-20161001.tif,224432,bd087d22aa95fa317549ce845ebbc1e0
https://data.source.coop/smartmaps/japan-geotiff-dem/10/FG-GML-5436-54-dem10b-20161001.tif,818753,06157764a18e52b87433e52dd59bbb5c
https://data.source.coop/smartmaps/japan-geotiff-dem/10/FG-GML-5436-55-dem10b-20161001.tif,1372558,25af9ed99fe08a1a5514cca13264108c
https://data.source.coop/smartmaps/japan-geotiff-dem/10/FG-GML-5436-56-dem10b-20161001.tif,1360312,287e29389e9a92d21a0ea893cf3915ff
https://data.source.coop/smartmaps/japan-geotiff-dem/10/FG-GML-5436-57-dem10b-20161001.tif,1367343,ec7de8f7e92a03076effae0912e99f65
https://data.source.coop/smartmaps/japan-geotiff-dem/10/FG-GML-5436-63-dem10b-20161001.tif,6496,1de6c04f7ebb4ac27f7833d66dd53f18
https://data.source.coop/smartmaps/japan-geotiff-dem/10/FG-GML-5436-64-dem10b-20161001.tif,460972,39f43cc3d82cd44a1374bad1601b5f17
https://data.source.coop/smartmaps/japan-geotiff-dem/10/FG-GML-5436-65-dem10b-20161001.tif,1175255,60e86c99a79b4015af02db75c6f2f7dc
https://data.source.coop/smartmaps/japan-geotiff-dem/10/FG-GML-5436-66-dem10b-20161001.tif,1276930,328c9b7592627d4bd93613834b35e738
https://data.source.coop/smartmaps/japan-geotiff-dem/10/FG-GML-5436-67-dem10b-20161001.tif,955169,c1214949128d80d376c165280f5b0df6
https://data.source.coop/smartmaps/japan-geotiff-dem/10/FG-GML-5436-74-dem10b-20161001.tif,125091,09b54e8c55481c5e12918579a2bf2f6c
https://data.source.coop/smartmaps/japan-geotiff-dem/10/FG-GML-5436-75-dem10b-20161001.tif,786013,c6a1dc5f768148be5443f869fdabe6b0
https://data.source.coop/smartmaps/japan-geotiff-dem/10/FG-GML-5436-76-dem10b-20161001.tif,1262752,a7b019613ce98311c6fba2eb7e61a588
https://data.source.coop/smartmaps/japan-geotiff-dem/10/FG-GML-5436-77-dem10b-20161001.tif,496110,ad31264706710c41d36c62d47ab234ea
https://data.source.coop/smartmaps/japan-geotiff-dem/10/FG-GML-5437-00-dem10b-20161001.tif,1394997,30716cac20e487da613845525717ddce
https://data.source.coop/smartmaps/japan-geotiff-dem/10/FG-GML-5437-01-dem10b-20161001.tif,1370819,6a6447e8c656b26b0b86d5885494d34b
https://data.source.coop/smartmaps/japan-geotiff-dem/10/FG-GML-5437-02-dem10b-20161001.tif,1354598,d0c2830071f13ccfe90d7e8eef1b17e6
https://data.source.coop/smartmaps/japan-geotiff-dem/10/FG-GML-5437-03-dem10b-20161001.tif,1381246,477a4abe16eea5fa7675bb14f65b67fb
https://data.source.coop/smartmaps/japan-geotiff-dem/10/FG-GML-5437-04-dem10b-20161001.tif,1382208,80a332f15115eff8c2ead927a0e79768
https://data.source.coop/smartmaps/japan-geotiff-dem/10/FG-GML-5437-05-dem10b-20161001.tif,1384747,2b7f573face65dd10a7f48231025fcbf
https://data.source.coop/smartmaps/japan-geotiff-dem/10/FG-GML-5437-06-dem10b-20161001.tif,1383826,eda3fd8980e6386cae51bbb17e910362
https://data.source.coop/smartmaps/japan-geotiff-dem/10/FG-GML-5437-07-dem10b-20161001.tif,1363471,30dd19852c0760f4e99bcd61d2b6ee98
https://data.source.coop/smartmaps/japan-geotiff-dem/10/FG-GML-5437-10-dem10b-20161001.tif,1405615,74b5a2dc0935545201e93495ec24c957
https://data.source.coop/smartmaps/japan-geotiff-dem/10/FG-GML-5437-11-dem10b-20161001.tif,1282437,5fcc0fb2b111dc0976cd770bd4ff87ab
https://data.source.coop/smartmaps/japan-geotiff-dem/10/FG-GML-5437-12-dem10b-20161001.tif,1291752,3d16a6f87f4491c2a9e070020c931ee5
https://data.source.coop/smartmaps/japan-geotiff-dem/10/FG-GML-5437-13-dem10b-20161001.tif,1395933,7eb84c42b6bba282d1bd0788178b3099
https://data.source.coop/smartmaps/japan-geotiff-dem/10/FG-GML-5437-14-dem10b-20161001.tif,1391973,6b9f5208facb64cb1a027bf933f645cf
https://data.source.coop/smartmaps/japan-geotiff-dem/10/FG-GML-5437-15-dem10b-20161001.tif,1355399,a7fc88ca996ed1adf54953f23f690657
https://data.source.coop/smartmaps/japan-geotiff-dem/10/FG-GML-5437-16-dem10b-20161001.tif,1362342,53c6d54c716b6686f312e6da59d8e6c7
https://data.source.coop/smartmaps/japan-geotiff-dem/10/FG-GML-5437-17-dem10b-20161001.tif,958720,10c0280737266d98f2b286864d1fe7b5
https://data.source.coop/smartmaps/japan-geotiff-dem/10/FG-GML-5437-20-dem10b-20161001.tif,1360883,b3ba63406862784073591e6cfbe5b66a
https://data.source.coop/smartmaps/japan-geotiff-dem/10/FG-GML-5437-21-dem10b-20161001.tif,1273358,940cb4af867579588355b75e73417538
https://data.source.coop/smartmaps/japan-geotiff-dem/10/FG-GML-5437-22-dem10b-20161001.tif,1323849,6003c5c6b70310c1fbbc8fce7692b709
https://data.source.coop/smartmaps/japan-geotiff-dem/10/FG-GML-5437-23-dem10b-20161001.tif,1394067,91c236fe4e7b4104f70e41d6a217641c
https://data.source.coop/smartmaps/japan-geotiff-dem/10/FG-GML-5437-24-dem10a-20161001.tif,644584,bb98c3ff629cfc0336aa097c4b6195a4
https://data.source.coop/smartmaps/japan-geotiff-dem/10/FG-GML-5437-24-dem10b-20161001.tif,1387033,ff3abca35dd11672da12ec63f9efc520
https://data.source.coop/smartmaps/japan-geotiff-dem/10/FG-GML-5437-25-dem10a-20161001.tif,15945,92fcdca5238a14c7e0080f4b4e57004c
https://data.source.coop/smartmaps/japan-geotiff-dem/10/FG-GML-5437-25-dem10b-20161001.tif,1422078,55b9f688269cd28173d19c26dd050c39
https://data.source.coop/smartmaps/japan-geotiff-dem/10/FG-GML-5437-26-dem10b-20161001.tif,1233934,9f940ec7fef6cd412bc12c317c205c17
https://data.source.coop/smartmaps/japan-geotiff-dem/10/FG-GML-5437-27-dem10b-20161001.tif,647924,1b2f3319ba75ab858dcb84a07e9c4ffe
https://data.source.coop/smartmaps/japan-geotiff-dem/10/FG-GML-5437-30-dem10b-20161001.tif,1378398,4708cd70ad4829f95ff26dcdc8835563
https://data.source.coop/smartmaps/japan-geotiff-dem/10/FG-GML-5437-31-dem10b-20161001.tif,1357411,bff9d65d92bd4b59a5a533b719a705f8
https://data.source.coop/smartmaps/japan-geotiff-dem/10/FG-GML-5437-32-dem10b-20161001.tif,1352423,c234eb3badbaf54a2607801c1121c133
https://data.source.coop/smartmaps/japan-geotiff-dem/10/FG-GML-5437-33-dem10b-20161001.tif,1399751,9e2702524022006235e5d206d0183f9f
https://data.source.coop/smartmaps/japan-geotiff-dem/10/FG-GML-5437-34-dem10a-20161001.tif,182685,50ad19c7e79247fe20b213c8cae624bd
https://data.source.coop/smartmaps/japan-geotiff-dem/10/FG-GML-5437-34-dem10b-20161001.tif,1415907,4ed6bbaf2bcdc7d57da9d66f68222ca4
https://data.source.coop/smartmaps/japan-geotiff-dem/10/FG-GML-5437-35-dem10b-20161001.tif,1440227,e79335bc7c70a6e974e1bf45824363ae
https://data.source.coop/smartmaps/japan-geotiff-dem/10/FG-GML-5437-36-dem10b-20161001.tif,1241675,d9053605e7281deb1cdbb60e104659e2
https://data.source.coop/smartmaps/japan-geotiff-dem/10/FG-GML-5437-37-dem10b-20161001.tif,904246,8af8d8779bf059209063cfdcbd639144
https://data.source.coop/smartmaps/japan-geotiff-dem/10/FG-GML-5437-40-dem10b-20161001.tif,1390313,e91322195b88c4080387693632e161c5
https://data.source.coop/smartmaps/japan-geotiff-dem/10/FG-GML-5437-41-dem10b-20161001.tif,1396216,7d9a01ac7689134702f76a1fbf8cf6a4
https://data.source.coop/smartmaps/japan-geotiff-dem/10/FG-GML-5437-42-dem10b-20161001.tif,1392766,6ed33b7d758477b812f1c5519e980044
https://data.source.coop/smartmaps/japan-geotiff-dem/10/FG-GML-5437-43-dem10b-20161001.tif,1394296,3331a92b89831a7baab29b6a4dd4cd28
https://data.source.coop/smartmaps/japan-geotiff-dem/10/FG-GML-5437-44-dem10b-20161001.tif,1429446,74dd18cf9213b4fec2ca023c6cfb5903
https://data.source.coop/smartmaps/japan-geotiff-dem/10/FG-GML-5437-45-dem10b-20161001.tif,1465670,f3ff64e8cb18965906aa9e821f10bc94
https://data.source.coop/smartmaps/japan-geotiff-dem/10/FG-GML-5437-46-dem10b-20161001.tif,1188648,12505aff972d33628b88329aea584e7a
https://data.source.coop/smartmaps/japan-geotiff-dem/10/FG-GML-5437-47-dem10b-20161001.tif,1160683,c69fcf5a285f6d1ed03bb09e8386fbd0
https://data.source.coop/smartmaps/japan-geotiff-dem/10/FG-GML-5437-50-dem10b-20161001.tif,1373551,0fd656dc7458c6f4b501b9556a44f433
https://data.source.coop/smartmaps/japan-geotiff-dem/10/FG-GML-5437-51-dem10b-20161001.tif,1392004,4016bf5538a8df6f5106fb476969271e
https://data.source.coop/smartmaps/japan-geotiff-dem/10/FG-GML-5437-52-dem10b-20161001.tif,1392868,fc88778866438d6147fd01c1b02d1417
https://data.source.coop/smartmaps/japan-geotiff-dem/10/FG-GML-5437-53-dem10b-20161001.tif,1329786,d0cfb117e362ed9e089abf0b85214654
https://data.source.coop/smartmaps/japan-geotiff-dem/10/FG-GML-5437-54-dem10b-20161001.tif,1431655,08b6669faf81f7fa6106939d3cee4474
https://data.source.coop/smartmaps/japan-geotiff-dem/10/FG-GML-5437-55-dem10b-20161001.tif,1429890,c84e37ee03d1b50bbee58e7f4ebede51
https://data.source.coop/smartmaps/japan-geotiff-dem/10/FG-GML-5437-56-dem10b-20161001.tif,1159907,63019ec7fe1889a824d8763050ae64e5
https://data.source.coop/smartmaps/japan-geotiff-dem/10/FG-GML-5437-57-dem10b-20161001.tif,1338301,24d4e165f1bc9df73d2182451bdbb7e2
https://data.source.coop/smartmaps/japan-geotiff-dem/10/FG-GML-5437-60-dem10b-20161001.tif,1379587,58bc57648a2d1a94c904e082c1ee8ee5
https://data.source.coop/smartmaps/japan-geotiff-dem/10/FG-GML-5437-61-dem10b-20161001.tif,1295322,fa6272ed1cc13170cf35d2be00dbe43b
https://data.source.coop/smartmaps/japan-geotiff-dem/10/FG-GML-5437-62-dem10b-20161001.tif,1385412,38e58c0fa706887482454a79ee29a0cf
https://data.source.coop/smartmaps/japan-geotiff-dem/10/FG-GML-5437-63-dem10b-20161001.tif,1399282,d0eb21875c31dc2f5c5426ca4a137e33
https://data.source.coop/smartmaps/japan-geotiff-dem/10/FG-GML-5437-64-dem10b-20161001.tif,1412165,0f7a4180cd670e892714f181fbd49caa
https://data.source.coop/smartmaps/japan-geotiff-dem/10/FG-GML-5437-65-dem10b-20161001.tif,1423395,32cf8dd707e7e1ae3623f695c4805326
https://data.source.coop/smartmaps/japan-geotiff-dem/10/FG-GML-5437-66-dem10b-20161001.tif,1215819,a829da4cca690046ed43c32d3a7abfc8
https://data.source.coop/smartmaps/japan-geotiff-dem/10/FG-GML-5437-67-dem10b-20161001.tif,1353940,bdfdb54ad541321bdb9bad860a4dd7c2
https://data.source.coop/smartmaps/japan-geotiff-dem/10/FG-GML-5437-70-dem10b-20161001.tif,1214742,eab5da66fa7e58393a973f273bce8b01
https://data.source.coop/smartmaps/japan-geotiff-dem/10/FG-GML-5437-71-dem10b-20161001.tif,681491,2af50e0cddf2f7c59b27fc198b780169
https://data.source.coop/smartmaps/japan-geotiff-dem/10/FG-GML-5437-72-dem10b-20161001.tif,969559,6b8216183a1201b673d7a72e0bf62263
https://data.source.coop/smartmaps/japan-geotiff-dem/10/FG-GML-5437-73-dem10b-20161001.tif,1386879,b2cd4355a51b76e0ac54f78a2e3d990c
https://data.source.coop/smartmaps/japan-geotiff-dem/10/FG-GML-5437-74-dem10b-20161001.tif,1436773,528b7912b7f11236e9a874da8c97d705
https://data.source.coop/smartmaps/japan-geotiff-dem/10/FG-GML-5437-75-dem10b-20161001.tif,1460549,aeb443f4cb81153dae647d83f14637b1
https://data.source.coop/smartmaps/japan-geotiff-dem/10/FG-GML-5437-76-dem10b-20161001.tif,1352268,642ff1aceddd21a81af235992fb4bd67
https://data.source.coop/smartmaps/japan-geotiff-dem/10/FG-GML-5437-77-dem10b-20161001.tif,1357503,b2c20e8674a52b2f7f9cd96480e5073b
https://data.source.coop/smartmaps/japan-geotiff-dem/10/FG-GML-5438-00-dem10b-20161001.tif,979815,a8830484a951b02af1d40013f69972de
https://data.source.coop/smartmaps/japan-geotiff-dem/10/FG-GML-5438-01-dem10b-20161001.tif,1233604,3166c763877626aa99ee00f7a90e8a34
https://data.source.coop/smartmaps/japan-geotiff-dem/10/FG-GML-5438-02-dem10b-20161001.tif,1278061,5b383708bf09f4978c48daee16729aed
https://data.source.coop/smartmaps/japan-geotiff-dem/10/FG-GML-5438-03-dem10b-20161001.tif,1303678,38bfcb0e1a58fe16583aedc1a47fb5d2
https://data.source.coop/smartmaps/japan-geotiff-dem/10/FG-GML-5438-04-dem10b-20161001.tif,1383185,2b43f53f8e9d4dd879842cb0111ba841
https://data.source.coop/smartmaps/japan-geotiff-dem/10/FG-GML-5438-05-dem10b-20161001.tif,1391996,198abdff90c7e57d818be8e462fd0da3
https://data.source.coop/smartmaps/japan-geotiff-dem/10/FG-GML-5438-06-dem10b-20161001.tif,1409445,9ba02dc7edf04e7be19e1a37057a95b7
https://data.source.coop/smartmaps/japan-geotiff-dem/10/FG-GML-5438-07-dem10b-20161001.tif,1393619,65c8371474bacb2953ee000c3ef118bd
https://data.source.coop/smartmaps/japan-geotiff-dem/10/FG-GML-5438-10-dem10b-20161001.tif,1366655,202d47cc9c96193fe39123ecaed98666
https://data.source.coop/smartmaps/japan-geotiff-dem/10/FG-GML-5438-11-dem10b-20161001.tif,1322818,a483a1bcd9257e4c35f2925a12c8bbff
https://data.source.coop/smartmaps/japan-geotiff-dem/10/FG-GML-5438-12-dem10b-20161001.tif,1348718,5663975a15154407bd809aeb4dc591e5
https://data.source.coop/smartmaps/japan-geotiff-dem/10/FG-GML-5438-13-dem10b-20161001.tif,1308889,5d391d4d7a50eea942e35d533c340173
https://data.source.coop/smartmaps/japan-geotiff-dem/10/FG-GML-5438-14-dem10b-20161001.tif,1380894,91f1fe17e62a63e8fc7445ec22d0ec61
https://data.source.coop/smartmaps/japan-geotiff-dem/10/FG-GML-5438-15-dem10b-20161001.tif,1397663,ffb4eb779630fba226e24e24d64df08f
https://data.source.coop/smartmaps/japan-geotiff-dem/10/FG-GML-5438-16-dem10b-20161001.tif,1396476,e1544f11f9a3d98f323d477089e402d2
https://data.source.coop/smartmaps/japan-geotiff-dem/10/FG-GML-5438-17-dem10b-20161001.tif,1363570,6aff70f77533118213ce220e91509c43
https://data.source.coop/smartmaps/japan-geotiff-dem/10/FG-GML-5438-20-dem10b-20161001.tif,1351759,c37ef8287728470b7e9cec4331c879d2
https://data.source.coop/smartmaps/japan-geotiff-dem/10/FG-GML-5438-21-dem10b-20161001.tif,1361564,09243e495498562ebd0820d6deb1463d
https://data.source.coop/smartmaps/japan-geotiff-dem/10/FG-GML-5438-22-dem10b-20161001.tif,1333480,23d293e9e6549d40091f25f5badeb50c
https://data.source.coop/smartmaps/japan-geotiff-dem/10/FG-GML-5438-23-dem10b-20161001.tif,1104781,44368e697bcdaccb1efcca9446bce60d
https://data.source.coop/smartmaps/japan-geotiff-dem/10/FG-GML-5438-24-dem10b-20161001.tif,1361297,923096cde00c1906aae2f4c26feea68c
https://data.source.coop/smartmaps/japan-geotiff-dem/10/FG-GML-5438-25-dem10b-20161001.tif,1398242,56c8f68f3079104f997c772246a701a4
https://data.source.coop/smartmaps/japan-geotiff-dem/10/FG-GML-5438-26-dem10b-20161001.tif,1312836,4a9479506230eeb6ee9335b49e801807
https://data.source.coop/smartmaps/japan-geotiff-dem/10/FG-GML-5438-27-dem10b-20161001.tif,1289003,98dfb45847c4386b87556fe03a33325f
https://data.source.coop/smartmaps/japan-geotiff-dem/10/FG-GML-5438-30-dem10b-20161001.tif,1380437,c1167569e8c80ee36a3db97888f0d10d
https://data.source.coop/smartmaps/japan-geotiff-dem/10/FG-GML-5438-31-dem10b-20161001.tif,1332174,896ad6881c16b94ff2ed41ca861fd1f5
https://data.source.coop/smartmaps/japan-geotiff-dem/10/FG-GML-5438-32-dem10b-20161001.tif,1212394,8f226eda30d3d390ac941c2da0d4d0e8
https://data.source.coop/smartmaps/japan-geotiff-dem/10/FG-GML-5438-33-dem10b-20161001.tif,1012093,bd40fa1db15023c76b9ee1cf5ecce691
https://data.source.coop/smartmaps/japan-geotiff-dem/10/FG-GML-5438-34-dem10b-20161001.tif,1245963,7b74be86658229e13a57506fdcc4d104
https://data.source.coop/smartmaps/japan-geotiff-dem/10/FG-GML-5438-35-dem10b-20161001.tif,1360562,33f3a736424b0987c41ac9cb9ef92185
https://data.source.coop/smartmaps/japan-geotiff-dem/10/FG-GML-5438-36-dem10b-20161001.tif,1152514,83cabb64d936f5254e427cbad780c716
https://data.source.coop/smartmaps/japan-geotiff-dem/10/FG-GML-5438-37-dem10b-20161001.tif,1100654,5b2e55c1ccb04d9eaf42d087591f5931
https://data.source.coop/smartmaps/japan-geotiff-dem/10/FG-GML-5438-40-dem10b-20161001.tif,1352049,82642ca20560b8d4a6a55037aa045565
https://data.source.coop/smartmaps/japan-geotiff-dem/10/FG-GML-5438-41-dem10b-20161001.tif,1096714,7954b804c54e76b03c05928464c99798
https://data.source.coop/smartmaps/japan-geotiff-dem/10/FG-GML-5438-42-dem10b-20161001.tif,1117992,309bba885014a681671a911cd34f0280
https://data.source.coop/smartmaps/japan-geotiff-dem/10/FG-GML-5438-43-DEM10A-20161001.tif,323306,f27737a2eb0353ed8e1696505c21ced8
https://data.source.coop/smartmaps/japan-geotiff-dem/10/FG-GML-5438-43-dem10b-20161001.tif,1309271,897acd10d01713fe87d353024eb4ea8b
https://data.source.coop/smartmaps/japan-geotiff-dem/10/FG-GML-5438-44-DEM10A-20161001.tif,709978,812733b4059934bdb1b9e38ddf806375
https://data.source.coop/smartmaps/japan-geotiff-dem/10/FG-GML-5438-44-dem10b-20161001.tif,1249427,d88f66069f50b2820b0bec2156d982fd
https://data.source.coop/smartmaps/japan-geotiff-dem/10/FG-GML-5438-45-dem10b-20161001.tif,1342552,9e39f2d38293036b5442c40d5a0ccb00
https://data.source.coop/smartmaps/japan-geotiff-dem/10/FG-GML-5438-46-dem10b-20161001.tif,1313908,d99cb7da319768f2ac26e2f1b377dc29
https://data.source.coop/smartmaps/japan-geotiff-dem/10/FG-GML-5438-47-dem10b-20161001.tif,1040074,98d8953e2f7ced2baaef8cc738040d60
https://data.source.coop/smartmaps/japan-geotiff-dem/10/FG-GML-5438-50-dem10b-20161001.tif,1328352,c68de8986cd28da96ffa7274ec3d358b
https://data.source.coop/smartmaps/japan-geotiff-dem/10/FG-GML-5438-51-dem10b-20161001.tif,1221961,65b8c69bceb152e4051fa664d6d8f87a
https://data.source.coop/smartmaps/japan-geotiff-dem/10/FG-GML-5438-52-dem10b-20161001.tif,1351022,c5670c2566653abf75e89030729a18a0
https://data.source.coop/smartmaps/japan-geotiff-dem/10/FG-GML-5438-53-DEM10A-20161001.tif,332769,fcea6c4056aaefa2466381a42f8e6363
https://data.source.coop/smartmaps/japan-geotiff-dem/10/FG-GML-5438-53-dem10b-20161001.tif,1301013,7eca96a7fcaf36c49fc749579307e75f
https://data.source.coop/smartmaps/japan-geotiff-dem/10/FG-GML-5438-54-DEM10A-20161001.tif,699868,d97a82456ef4fa80a01a1e553fdd10b3
https://data.source.coop/smartmaps/japan-geotiff-dem/10/FG-GML-5438-54-dem10b-20161001.tif,1180228,6c0b78a6cd53c64e2cd66ad3df0e5638
https://data.source.coop/smartmaps/japan-geotiff-dem/10/FG-GML-5438-55-dem10b-20161001.tif,1379368,93ff53774e9eee7f40522e07e6786df8
https://data.source.coop/smartmaps/japan-geotiff-dem/10/FG-GML-5438-56-dem10b-20161001.tif,1316788,936e737ed276dea152f22ab38769bcd1
https://data.source.coop/smartmaps/japan-geotiff-dem/10/FG-GML-5438-57-dem10b-20161001.tif,1228506,0e44d2ddb6e2b0f76d7dc292475d4552
https://data.source.coop/smartmaps/japan-geotiff-dem/10/FG-GML-5438-60-dem10b-20161001.tif,1191846,eb3a0b88913a861e0ebded0514e97b0b
https://data.source.coop/smartmaps/japan-geotiff-dem/10/FG-GML-5438-61-dem10b-20161001.tif,1049623,34d7e51eea76ba6dfa1aab1a9aa6bcda
https://data.source.coop/smartmaps/japan-geotiff-dem/10/FG-GML-5438-62-dem10b-20161001.tif,1318860,793549ed531310e63445a22ede8f6a36
https://data.source.coop/smartmaps/japan-geotiff-dem/10/FG-GML-5438-63-dem10b-20161001.tif,1301967,7384c7056ca11050cd9c3662144392d5
https://data.source.coop/smartmaps/japan-geotiff-dem/10/FG-GML-5438-64-dem10b-20161001.tif,1303461,b3c0e5f8eeeb8c539435a4923c251c7d
https://data.source.coop/smartmaps/japan-geotiff-dem/10/FG-GML-5438-65-dem10b-20161001.tif,1357419,40de51ac4b76d50fb982742acf1670f9
https://data.source.coop/smartmaps/japan-geotiff-dem/10/FG-GML-5438-66-dem10b-20161001.tif,1306340,835397fd4ea1990d32e448506d203ca1
https://data.source.coop/smartmaps/japan-geotiff-dem/10/FG-GML-5438-67-dem10b-20161001.tif,1281477,c0ad2bc3964b3577b08e811b16ac92f1
https://data.source.coop/smartmaps/japan-geotiff-dem/10/FG-GML-5438-70-dem10b-20161001.tif,1356651,515cd477be3232f7064a3fee0dcff0cc
https://data.source.coop/smartmaps/japan-geotiff-dem/10/FG-GML-5438-71-dem10b-20161001.tif,692421,a4ec5642a953fb779019aae101c5aaca
https://data.source.coop/smartmaps/japan-geotiff-dem/10/FG-GML-5438-72-dem10b-20161001.tif,1064719,65751250b4f398b4c6b32e887f28ae92
https://data.source.coop/smartmaps/japan-geotiff-dem/10/FG-GML-5438-73-dem10b-20161001.tif,1376954,b3262bf72efd7b63ea343f8022a00b40
https://data.source.coop/smartmaps/japan-geotiff-dem/10/FG-GML-5438-74-DEM10A-20161001.tif,204720,73eec4c993e3f1a20976398494351fac
https://data.source.coop/smartmaps/japan-geotiff-dem/10/FG-GML-5438-74-dem10b-20161001.tif,1345199,f75c9f135f05a01eaed84bf5190c1315
https://data.source.coop/smartmaps/japan-geotiff-dem/10/FG-GML-5438-75-dem10b-20161001.tif,1384474,92fba498d52b47ab14da3a06a7ab11b7
https://data.source.coop/smartmaps/japan-geotiff-dem/10/FG-GML-5438-76-dem10b-20161001.tif,1332125,04a6011a74e0c7ec3370678adec2c31f
https://data.source.coop/smartmaps/japan-geotiff-dem/10/FG-GML-5438-77-dem10b-20161001.tif,1324663,661e1cccc4707fcbc0230398da5a9634
https://data.source.coop/smartmaps/japan-geotiff-dem/10/FG-GML-5439-00-dem10b-20161001.tif,1248261,a073a27601154305cbae36b1bdf3c470
https://data.source.coop/smartmaps/japan-geotiff-dem/10/FG-GML-5439-01-dem10b-20161001.tif,1354532,966e15758bdc240611814b0ddf5348a1
https://data.source.coop/smartmaps/japan-geotiff-dem/10/FG-GML-5439-02-dem10b-20161001.tif,1061601,7421105c2b58f08cee261357f2cb6af6
https://data.source.coop/smartmaps/japan-geotiff-dem/10/FG-GML-5439-03-dem10b-20161001.tif,679538,eea98cba4790a83333fcc0223bec39c3
https://data.source.coop/smartmaps/japan-geotiff-dem/10/FG-GML-5439-04-dem10b-20161001.tif,513858,0cb6726626e0efeeb4a4f6f0f57af4af
https://data.source.coop/smartmaps/japan-geotiff-dem/10/FG-GML-5439-05-dem10b-20161001.tif,431447,8c1e95f9ee4790581153d78e84c154ff
https://data.source.coop/smartmaps/japan-geotiff-dem/10/FG-GML-5439-06-dem10b-20161001.tif,530942,49783dff3afdf2b8a98dd43cee8f2327
https://data.source.coop/smartmaps/japan-geotiff-dem/10/FG-GML-5439-07-dem10b-20161001.tif,675697,2cd427110acc1aca4101e765434ef667
https://data.source.coop/smartmaps/japan-geotiff-dem/10/FG-GML-5439-10-dem10b-20161001.tif,1333284,9dc073d34c7133632a3422753cd36a42
https://data.source.coop/smartmaps/japan-geotiff-dem/10/FG-GML-5439-11-dem10b-20161001.tif,1080915,b6d3b23dc1ad306486a2e96a12412702
https://data.source.coop/smartmaps/japan-geotiff-dem/10/FG-GML-5439-12-dem10b-20161001.tif,690797,f6ea07c64f477157e6f3b5757cae12a0
https://data.source.coop/smartmaps/japan-geotiff-dem/10/FG-GML-5439-13-dem10b-20161001.tif,393967,64cc9a6bf2f532a362543ef0f7f7445b
https://data.source.coop/smartmaps/japan-geotiff-dem/10/FG-GML-5439-14-dem10b-20161001.tif,287590,c2607f84eda49370e95bb8a517cf29b7
https://data.source.coop/smartmaps/japan-geotiff-dem/10/FG-GML-5439-15-dem10b-20161001.tif,352204,b2ca1c7deff129efc43136867ce44a55
https://data.source.coop/smartmaps/japan-geotiff-dem/10/FG-GML-5439-16-dem10b-20161001.tif,494166,2a17a1e962cbc2031170bdd6db6d7127
https://data.source.coop/smartmaps/japan-geotiff-dem/10/FG-GML-5439-17-dem10b-20161001.tif,558134,e45ceab7212adfb833781e1d75ecac94
https://data.source.coop/smartmaps/japan-geotiff-dem/10/FG-GML-5439-20-dem10b-20161001.tif,959326,28648f79a3ec8da97a8beed740fa6124
https://data.source.coop/smartmaps/japan-geotiff-dem/10/FG-GML-5439-21-dem10b-20161001.tif,572294,43b350ba29c693532b9e637b3a45db9a
https://data.source.coop/smartmaps/japan-geotiff-dem/10/FG-GML-5439-22-dem10b-20161001.tif,425378,ef71044b5401c43f104841de85c118c9
https://data.source.coop/smartmaps/japan-geotiff-dem/10/FG-GML-5439-23-dem10b-20161001.tif,404686,6f1b27c3abfa47967b33ad55de154058
https://data.source.coop/smartmaps/japan-geotiff-dem/10/FG-GML-5439-24-dem10b-20161001.tif,412692,4deb7688ae1e5f2882b1312754d989c8
https://data.source.coop/smartmaps/japan-geotiff-dem/10/FG-GML-5439-25-dem10b-20161001.tif,477258,8e0bb93e5004e263ce7048d37e47f278
https://data.source.coop/smartmaps/japan-geotiff-dem/10/FG-GML-5439-26-dem10b-20161001.tif,522713,064be8438fd8f85023b9f45ba64e0053
https://data.source.coop/smartmaps/japan-geotiff-dem/10/FG-GML-5439-27-dem10b-20161001.tif,565381,80905bfd7a342c3ec0b7959b00ffd07f
https://data.source.coop/smartmaps/japan-geotiff-dem/10/FG-GML-5439-30-dem10b-20161001.tif,561060,1f5313f55e9dac07509d81a54b73847a
https://data.source.coop/smartmaps/japan-geotiff-dem/10/FG-GML-5439-31-dem10b-20161001.tif,458472,692f809264aeb5696df4ef64e69c1163
https://data.source.coop/smartmaps/japan-geotiff-dem/10/FG-GML-5439-32-dem10b-20161001.tif,465414,8b3ad8ac431f928f56bda3a1f7670f7a
https://data.source.coop/smartmaps/japan-geotiff-dem/10/FG-GML-5439-33-dem10b-20161001.tif,452495,b23faf2b3a4f451ae66ba31fcea1e8ac
https://data.source.coop/smartmaps/japan-geotiff-dem/10/FG-GML-5439-34-dem10b-20161001.tif,590516,12224f735dd5243ca52426c7a8d2c864
https://data.source.coop/smartmaps/japan-geotiff-dem/10/FG-GML-5439-35-dem10b-20161001.tif,615931,a3bde13769add96d25cdd69075fdfd63
https://data.source.coop/smartmaps/japan-geotiff-dem/10/FG-GML-5439-36-dem10b-20161001.tif,493754,8222384a9e8a536e9b5d7a725f93a2e2
https://data.source.coop/smartmaps/japan-geotiff-dem/10/FG-GML-5439-37-dem10b-20161001.tif,479180,8f7cc2d81b25c294f9642e7866afe897
https://data.source.coop/smartmaps/japan-geotiff-dem/10/FG-GML-5439-40-dem10b-20161001.tif,521662,4fb19208f004e6cdcfe2c84bb89f1187
https://data.source.coop/smartmaps/japan-geotiff-dem/10/FG-GML-5439-41-dem10b-20161001.tif,712608,38a519b41e7e08295130a4c1dc97c493
https://data.source.coop/smartmaps/japan-geotiff-dem/10/FG-GML-5439-42-dem10b-20161001.tif,827282,375e8e2c15e1541681135b758cbd1c33
https://data.source.coop/smartmaps/japan-geotiff-dem/10/FG-GML-5439-43-dem10b-20161001.tif,1170032,671eba0a7f7b48cd738d41dfed908dc7
https://data.source.coop/smartmaps/japan-geotiff-dem/10/FG-GML-5439-44-dem10b-20161001.tif,1114223,492dad3c9ceaaae6f56470773bcf33b3
https://data.source.coop/smartmaps/japan-geotiff-dem/10/FG-GML-5439-45-dem10b-20161001.tif,930176,5be561f00171b55b21235fa9ceb76b2a
https://data.source.coop/smartmaps/japan-geotiff-dem/10/FG-GML-5439-46-dem10b-20161001.tif,471024,65d1075eb3d20744c4806cc0fe4222c6
https://data.source.coop/smartmaps/japan-geotiff-dem/10/FG-GML-5439-47-dem10b-20161001.tif,478766,50144898312fe0349c87b1b1708e453b
https://data.source.coop/smartmaps/japan-geotiff-dem/10/FG-GML-5439-50-dem10b-20161001.tif,980824,58b9fccc2993ca16342fed6ed73382b3
https://data.source.coop/smartmaps/japan-geotiff-dem/10/FG-GML-5439-51-dem10b-20161001.tif,1135984,9867bc9dc5f22ec9a76f3b4428eef075
https://data.source.coop/smartmaps/japan-geotiff-dem/10/FG-GML-5439-52-dem10b-20161001.tif,1287262,1d7346dfe4793f9bbefd3e0f762079d6
https://data.source.coop/smartmaps/japan-geotiff-dem/10/FG-GML-5439-53-dem10b-20161001.tif,1375049,5cf7379fefc227c613a0793a0cb5a509
https://data.source.coop/smartmaps/japan-geotiff-dem/10/FG-GML-5439-54-dem10b-20161001.tif,1343347,d884d2aa499999fde9e875e0d1130b4e
https://data.source.coop/smartmaps/japan-geotiff-dem/10/FG-GML-5439-55-dem10b-20161001.tif,1086446,b009bf437990fadbbfffc891b6808b86
https://data.source.coop/smartmaps/japan-geotiff-dem/10/FG-GML-5439-56-dem10b-20161001.tif,530275,d81aead75febf85fc9cb41e96b85fa4d
https://data.source.coop/smartmaps/japan-geotiff-dem/10/FG-GML-5439-57-dem10b-20161001.tif,497805,d952cb94b24c10d206c70fae849e6ef0
https://data.source.coop/smartmaps/japan-geotiff-dem/10/FG-GML-5439-60-dem10b-20161001.tif,1193041,caab7434c2da8792b25135da3ff6f350
https://data.source.coop/smartmaps/japan-geotiff-dem/10/FG-GML-5439-61-dem10b-20161001.tif,1357403,1a87e3b438ec138386cef724e7447cfb
https://data.source.coop/smartmaps/japan-geotiff-dem/10/FG-GML-5439-62-dem10b-20161001.tif,1355856,5974821d26a74181071299448ebc4f34
https://data.source.coop/smartmaps/japan-geotiff-dem/10/FG-GML-5439-63-dem10b-20161001.tif,1378171,0dca4dcd234faa53f590a233c5eb0c26
https://data.source.coop/smartmaps/japan-geotiff-dem/10/FG-GML-5439-64-dem10b-20161001.tif,1376616,3509753bcb66bf5dadc0cbfcfbfab98a
https://data.source.coop/smartmaps/japan-geotiff-dem/10/FG-GML-5439-65-dem10b-20161001.tif,1173172,0dd1893fdae950773e24c462b291e37d
https://data.source.coop/smartmaps/japan-geotiff-dem/10/FG-GML-5439-66-dem10b-20161001.tif,727086,5aca93edd0bac11e58b4277a29f22cb8
https://data.source.coop/smartmaps/japan-geotiff-dem/10/FG-GML-5439-67-dem10b-20161001.tif,537662,fac60c2839313cca1ec83d68c3c4c7bf
https://data.source.coop/smartmaps/japan-geotiff-dem/10/FG-GML-5439-70-dem10b-20161001.tif,1109831,ff82fba673f9580f90f875513b18f91e
https://data.source.coop/smartmaps/japan-geotiff-dem/10/FG-GML-5439-71-dem10b-20161001.tif,1318654,d1706865cf64ca13ac212f1caadbdb3f
https://data.source.coop/smartmaps/japan-geotiff-dem/10/FG-GML-5439-72-dem10b-20161001.tif,1392586,fa771c935f0987f5d5f7caf8bcd542b8
https://data.source.coop/smartmaps/japan-geotiff-dem/10/FG-GML-5439-73-dem10b-20161001.tif,1386191,f2867504af68434995d737ee432fa0a8
https://data.source.coop/smartmaps/japan-geotiff-dem/10/FG-GML-5439-74-dem10b-20161001.tif,1386402,f443f9e1ddcf32d6940cd649c42945f2
https://data.source.coop/smartmaps/japan-geotiff-dem/10/FG-GML-5439-75-dem10b-20161001.tif,1232766,0b7008f36fc857235f88d019ad1e17ae
https://data.source.coop/smartmaps/japan-geotiff-dem/10/FG-GML-5439-76-dem10b-20161001.tif,1051806,db17226c38bf6331596dad19541cd7ed
https://data.source.coop/smartmaps/japan-geotiff-dem/10/FG-GML-5439-77-dem10b-20161001.tif,691928,34841f26902879733bbbfb42baa87602
https://data.source.coop/smartmaps/japan-geotiff-dem/10/FG-GML-5440-00-dem10b-20161001.tif,629783,514d73032c6df3080a0e65b40e27ba92
https://data.source.coop/smartmaps/japan-geotiff-dem/10/FG-GML-5440-01-dem10b-20161001.tif,672361,b44c6882dab5b5dbfa4e18a9a70c9bd6
https://data.source.coop/smartmaps/japan-geotiff-dem/10/FG-GML-5440-02-dem10b-20161001.tif,551058,ee37223112d9a6c149c81fc4a39c5205
https://data.source.coop/smartmaps/japan-geotiff-dem/10/FG-GML-5440-03-dem10b-20161001.tif,565405,c61cff937a9be551d527b62785d22a5a
https://data.source.coop/smartmaps/japan-geotiff-dem/10/FG-GML-5440-04-dem10b-20161001.tif,865000,16abfcaa89791e98f2596707768f0387
https://data.source.coop/smartmaps/japan-geotiff-dem/10/FG-GML-5440-05-dem10b-20161001.tif,90581,e6cc8289a72c37a98a7abaf716c9a54a
https://data.source.coop/smartmaps/japan-geotiff-dem/10/FG-GML-5440-10-dem10b-20161001.tif,610703,46203658c36680ca95059f04a9085bb5
https://data.source.coop/smartmaps/japan-geotiff-dem/10/FG-GML-5440-11-dem10b-20161001.tif,819324,7755ff08ff86145b729c009aa2163c53
https://data.source.coop/smartmaps/japan-geotiff-dem/10/FG-GML-5440-12-dem10b-20161001.tif,773296,3f432c8f26a40661fa96c0cf15b0846c
https://data.source.coop/smartmaps/japan-geotiff-dem/10/FG-GML-5440-13-dem10b-20161001.tif,936373,99276d7714dbeaabcfa3cc697b44e37e
https://data.source.coop/smartmaps/japan-geotiff-dem/10/FG-GML-5440-14-dem10b-20161001.tif,731178,6e08a80e69518157aac597447f779f95
https://data.source.coop/smartmaps/japan-geotiff-dem/10/FG-GML-5440-20-dem10b-20161001.tif,864296,c794de4b700922b9d1fe71ab2602e8c6
https://data.source.coop/smartmaps/japan-geotiff-dem/10/FG-GML-5440-21-dem10b-20161001.tif,1183524,d3fa84c8e99f570365fc49c9d9733188
https://data.source.coop/smartmaps/japan-geotiff-dem/10/FG-GML-5440-22-dem10b-20161001.tif,872216,3c15d78613fc134b8bfd1b5df4c1ead9
https://data.source.coop/smartmaps/japan-geotiff-dem/10/FG-GML-5440-23-dem10b-20161001.tif,771231,f2d4480a89c6cc928e9eeb9a8bad626f
https://data.source.coop/smartmaps/japan-geotiff-dem/10/FG-GML-5440-24-dem10b-20161001.tif,550486,b5b3ec0bef2a10d774fe2018ea18ac71
https://data.source.coop/smartmaps/japan-geotiff-dem/10/FG-GML-5440-30-dem10b-20161001.tif,671362,d4d47c8d2fde48b681ef70e583022140
https://data.source.coop/smartmaps/japan-geotiff-dem/10/FG-GML-5440-31-dem10b-20161001.tif,1242833,b285e0382d7a84f0a4b063e843f2102b
https://data.source.coop/smartmaps/japan-geotiff-dem/10/FG-GML-5440-32-dem10b-20161001.tif,746614,47dd4faa6284bc0102e3f087f37ff6e7
https://data.source.coop/smartmaps/japan-geotiff-dem/10/FG-GML-5440-33-dem10b-20161001.tif,796842,cc9c7b8eeff5fb9ff4b55f10272e6067
https://data.source.coop/smartmaps/japan-geotiff-dem/10/FG-GML-5440-34-dem10b-20161001.tif,512881,9cf4f36d6aabc2a5f0ba7f54a6408fd5
https://data.source.coop/smartmaps/japan-geotiff-dem/10/FG-GML-5440-40-dem10b-20161001.tif,925255,909b291b6e9cd984fe9d03cec13e4d86
https://data.source.coop/smartmaps/japan-geotiff-dem/10/FG-GML-5440-41-dem10b-20161001.tif,1165437,6b64b73eb33d8202da10f16688d5191a
https://data.source.coop/smartmaps/japan-geotiff-dem/10/FG-GML-5440-42-dem10b-20161001.tif,972820,412364512e75fdc6cb7d23fbdebf4894
https://data.source.coop/smartmaps/japan-geotiff-dem/10/FG-GML-5440-43-dem10b-20161001.tif,692831,f5a740fd1ce72c643cf1e1d59c6845a6
https://data.source.coop/smartmaps/japan-geotiff-dem/10/FG-GML-5440-44-dem10b-20161001.tif,670991,3d667d0ca9695bb61d7a53b73dcfac3b
https://data.source.coop/smartmaps/japan-geotiff-dem/10/FG-GML-5440-45-dem10b-20161001.tif,4341,8abca5e986d80f1428402f59c747d107
https://data.source.coop/smartmaps/japan-geotiff-dem/10/FG-GML-5440-50-dem10b-20161001.tif,708849,8d2893728bf534626a9abb8bc0e4694a
https://data.source.coop/smartmaps/japan-geotiff-dem/10/FG-GML-5440-51-dem10b-20161001.tif,1326183,e7b19144044dd464077c2d91bbc94ea4
https://data.source.coop/smartmaps/japan-geotiff-dem/10/FG-GML-5440-52-dem10b-20161001.tif,1292701,2677f66c34eb8e11b689a79c84af78a3
https://data.source.coop/smartmaps/japan-geotiff-dem/10/FG-GML-5440-53-dem10b-20161001.tif,791808,88f02fa79cf7b944914247e70eefa2f9
https://data.source.coop/smartmaps/japan-geotiff-dem/10/FG-GML-5440-54-dem10b-20161001.tif,706602,ce78a55ca73dd01a1080d57b287728cc
https://data.source.coop/smartmaps/japan-geotiff-dem/10/FG-GML-5440-55-dem10b-20161001.tif,6250,1dd24c97f058664db34e58788210d3b0
https://data.source.coop/smartmaps/japan-geotiff-dem/10/FG-GML-5440-60-dem10b-20161001.tif,759226,2b2e04371f8f424f6f4b446a33f3062c
https://data.source.coop/smartmaps/japan-geotiff-dem/10/FG-GML-5440-61-dem10b-20161001.tif,1317636,e84b4479d11e78a2cea5c365eba02768
https://data.source.coop/smartmaps/japan-geotiff-dem/10/FG-GML-5440-62-dem10b-20161001.tif,1257214,1e43d8fdd4943f5a06b919bea9d34378
https://data.source.coop/smartmaps/japan-geotiff-dem/10/FG-GML-5440-63-dem10b-20161001.tif,1011952,e8cb13629545cd4109d8b1dd923e2774
https://data.source.coop/smartmaps/japan-geotiff-dem/10/FG-GML-5440-64-dem10b-20161001.tif,1098402,bceb62a6581122332b62e1f7851175da
https://data.source.coop/smartmaps/japan-geotiff-dem/10/FG-GML-5440-65-dem10b-20161001.tif,163208,26ed8a34a26d23a635dd8092ffa4aa75
https://data.source.coop/smartmaps/japan-geotiff-dem/10/FG-GML-5440-70-dem10b-20161001.tif,887080,1a0f973a7a135ee3c4b41899c65cb702
https://data.source.coop/smartmaps/japan-geotiff-dem/10/FG-GML-5440-71-dem10b-20161001.tif,1302396,fda789afaf27defaae31742fbc914e7b
https://data.source.coop/smartmaps/japan-geotiff-dem/10/FG-GML-5440-72-dem10b-20161001.tif,1362261,f5ac131ca28678033959266d668df48f
https://data.source.coop/smartmaps/japan-geotiff-dem/10/FG-GML-5440-73-dem10b-20161001.tif,1331412,3829f77a2162e06a47763d4eed286951
https://data.source.coop/smartmaps/japan-geotiff-dem/10/FG-GML-5440-74-dem10b-20161001.tif,1353831,f095ece9bd345880c695d770ca2fd30f
https://data.source.coop/smartmaps/japan-geotiff-dem/10/FG-GML-5440-75-dem10b-20161001.tif,640420,b0ca0ef43baafd0e82c4b8e6ba000abb
https://data.source.coop/smartmaps/japan-geotiff-dem/10/FG-GML-5531-66-dem10b-20161001.tif,8271,dca6bd3398dcf4a19cecbb7be1558ddd
https://data.source.coop/smartmaps/japan-geotiff-dem/10/FG-GML-5536-05-dem10b-20161001.tif,601802,e50b60323caa03c45449b7e06bf5b96a
https://data.source.coop/smartmaps/japan-geotiff-dem/10/FG-GML-5536-06-dem10b-20161001.tif,1351161,56167de3e6fc900aad4f0de2ff0466e2
https://data.source.coop/smartmaps/japan-geotiff-dem/10/FG-GML-5536-07-dem10b-20161001.tif,665134,a073a7da453261a22f79974f58005584
https://data.source.coop/smartmaps/japan-geotiff-dem/10/FG-GML-5536-15-dem10b-20161001.tif,262072,0a352b8b994f952cdde9d466e34cb73c
https://data.source.coop/smartmaps/japan-geotiff-dem/10/FG-GML-5536-16-dem10b-20161001.tif,1331762,3a95a10469ff0cf98b6936e068056de6
https://data.source.coop/smartmaps/japan-geotiff-dem/10/FG-GML-5536-17-dem10b-20161001.tif,1262056,7dec3322a5d82793b9531e54555cc956
https://data.source.coop/smartmaps/japan-geotiff-dem/10/FG-GML-5536-25-dem10b-20161001.tif,4341,b16e4c2bc0b4d67fb25bd6bf01d4773a
https://data.source.coop/smartmaps/japan-geotiff-dem/10/FG-GML-5536-26-dem10b-20161001.tif,1076511,27eb532659f0c7c0068caea619a71fce
https://data.source.coop/smartmaps/japan-geotiff-dem/10/FG-GML-5536-27-dem10b-20161001.tif,1197036,42e4a53839f777daad84db7289a754b9
https://data.source.coop/smartmaps/japan-geotiff-dem/10/FG-GML-5536-35-dem10b-20161001.tif,2886,9c3b8e093f3290d1bbe161b833a02bc9
https://data.source.coop/smartmaps/japan-geotiff-dem/10/FG-GML-5536-36-dem10b-20161001.tif,1053140,98df9f2fc09b373c6e7ae79286088b5e
https://data.source.coop/smartmaps/japan-geotiff-dem/10/FG-GML-5536-37-dem10b-20161001.tif,1271094,23295b0a14f6deb025fe3320f5b6ff66
https://data.source.coop/smartmaps/japan-geotiff-dem/10/FG-GML-5536-45-dem10b-20161001.tif,199573,88bdd80421590bc45a700d43d1a9405b
https://data.source.coop/smartmaps/japan-geotiff-dem/10/FG-GML-5536-46-dem10b-20161001.tif,1246188,dd6a3b71c22923813fa4da45c4c6f0c9
https://data.source.coop/smartmaps/japan-geotiff-dem/10/FG-GML-5536-47-dem10b-20161001.tif,998908,d8a3071e53147224d7e40d685a58b5b4
https://data.source.coop/smartmaps/japan-geotiff-dem/10/FG-GML-5536-55-dem10b-20161001.tif,442261,1935f39ab6eb9e01d24a8df2f61d9053
https://data.source.coop/smartmaps/japan-geotiff-dem/10/FG-GML-5536-56-dem10b-20161001.tif,1294793,6151a1204e5627df6054da7fe4944420
https://data.source.coop/smartmaps/japan-geotiff-dem/10/FG-GML-5536-57-dem10b-20161001.tif,588548,f42de15c56d453b749ece97cdb4a3fe2
https://data.source.coop/smartmaps/japan-geotiff-dem/10/FG-GML-5536-65-dem10b-20161001.tif,702577,3bba01342f78d82176701e2d06aaaf11
https://data.source.coop/smartmaps/japan-geotiff-dem/10/FG-GML-5536-66-dem10b-20161001.tif,1362607,352894a1998272bfb7282bbff958799c
https://data.source.coop/smartmaps/japan-geotiff-dem/10/FG-GML-5536-67-dem10b-20161001.tif,834988,5a2bed6368aebb6141676e54d4277516
https://data.source.coop/smartmaps/japan-geotiff-dem/10/FG-GML-5536-75-dem10b-20161001.tif,298997,20963f3603ba9fd53a2c67461d5f47bd
https://data.source.coop/smartmaps/japan-geotiff-dem/10/FG-GML-5536-76-dem10b-20161001.tif,1377219,3f6e9cbe6e803d62287bc1b6ae3af33e
https://data.source.coop/smartmaps/japan-geotiff-dem/10/FG-GML-5536-77-dem10b-20161001.tif,1319036,0f0447ac3d2ab0f3fd6b8b8069122229
https://data.source.coop/smartmaps/japan-geotiff-dem/10/FG-GML-5537-00-dem10b-20161001.tif,707247,e54a4653e7f01aea3ae5ce657bbd9bb7
https://data.source.coop/smartmaps/japan-geotiff-dem/10/FG-GML-5537-01-dem10b-20161001.tif,636442,3b8521ec906c52e756299bdbfc8552e4
https://data.source.coop/smartmaps/japan-geotiff-dem/10/FG-GML-5537-02-dem10b-20161001.tif,565914,747cf5e16afc2e5b49b630267a4ed574
https://data.source.coop/smartmaps/japan-geotiff-dem/10/FG-GML-5537-03-dem10b-20161001.tif,1319829,2ef6ff07c608c79031db1a2fb8bf2c2f
https://data.source.coop/smartmaps/japan-geotiff-dem/10/FG-GML-5537-04-dem10b-20161001.tif,1409271,8f60bc8adc376fb601f0abe8bcec6b8f
https://data.source.coop/smartmaps/japan-geotiff-dem/10/FG-GML-5537-05-dem10b-20161001.tif,1422587,ad368fb7d5f2d20127775eb6f5e8cc87
https://data.source.coop/smartmaps/japan-geotiff-dem/10/FG-GML-5537-06-dem10b-20161001.tif,1311623,ba1cf0bd5eb121205d7885b76a4b8118
https://data.source.coop/smartmaps/japan-geotiff-dem/10/FG-GML-5537-07-dem10b-20161001.tif,1387185,5fd552b3a23c2d032fd01694d894891f
https://data.source.coop/smartmaps/japan-geotiff-dem/10/FG-GML-5537-10-dem10b-20161001.tif,451805,e84c7ed4fd7787fa6c7612668bab7dc1
https://data.source.coop/smartmaps/japan-geotiff-dem/10/FG-GML-5537-11-dem10b-20161001.tif,73711,dde0d8e134cc485de255053f66822aec
https://data.source.coop/smartmaps/japan-geotiff-dem/10/FG-GML-5537-12-dem10b-20161001.tif,146492,31633e6ae9011f21a7a46421fd0da4f9
https://data.source.coop/smartmaps/japan-geotiff-dem/10/FG-GML-5537-13-dem10b-20161001.tif,1077903,e20f80a5e0f2572f2c3d15e0349f414e
https://data.source.coop/smartmaps/japan-geotiff-dem/10/FG-GML-5537-14-dem10b-20161001.tif,1421400,f101c74edc2f25c904b13acc0e769c84
https://data.source.coop/smartmaps/japan-geotiff-dem/10/FG-GML-5537-15-dem10b-20161001.tif,1427671,6115145a5831130208f251e37f4a939d
https://data.source.coop/smartmaps/japan-geotiff-dem/10/FG-GML-5537-16-dem10b-20161001.tif,1387813,e28cd8e827f80be0eba118e91db828e3
https://data.source.coop/smartmaps/japan-geotiff-dem/10/FG-GML-5537-17-dem10b-20161001.tif,1371913,a22dd8a5eb7f8a2309f449c5813ce6b6
https://data.source.coop/smartmaps/japan-geotiff-dem/10/FG-GML-5537-20-dem10b-20161001.tif,65038,c0374501d0e50eaa23f102c82c318d51
https://data.source.coop/smartmaps/japan-geotiff-dem/10/FG-GML-5537-23-dem10b-20161001.tif,555990,ed9dd8ed0bf5a6156d22c2dda41cb152
https://data.source.coop/smartmaps/japan-geotiff-dem/10/FG-GML-5537-24-dem10b-20161001.tif,1155226,a0701897e8fe746aa3ea531e584ee38d
https://data.source.coop/smartmaps/japan-geotiff-dem/10/FG-GML-5537-25-dem10b-20161001.tif,1418794,698cc1b307110d9179f71cb70aaaec56
https://data.source.coop/smartmaps/japan-geotiff-dem/10/FG-GML-5537-26-dem10b-20161001.tif,1369205,07563d104bbc08b91fd2c708fcd81bb1
https://data.source.coop/smartmaps/japan-geotiff-dem/10/FG-GML-5537-27-dem10b-20161001.tif,1374122,41714e3f8634fafacee90484bd2c686d
https://data.source.coop/smartmaps/japan-geotiff-dem/10/FG-GML-5537-30-dem10b-20161001.tif,493978,52816d5dc3d3399ea771fe0e0db9cd98
https://data.source.coop/smartmaps/japan-geotiff-dem/10/FG-GML-5537-33-dem10b-20161001.tif,119520,4870bbdf96b4194b3af1ef3bf1b09590
https://data.source.coop/smartmaps/japan-geotiff-dem/10/FG-GML-5537-34-dem10b-20161001.tif,651155,6fbd6a79c3a8c2cf211cd4f616768239
https://data.source.coop/smartmaps/japan-geotiff-dem/10/FG-GML-5537-35-dem10b-20161001.tif,1262016,4c361a959046eea3cf6afe0627810c25
https://data.source.coop/smartmaps/japan-geotiff-dem/10/FG-GML-5537-36-dem10b-20161001.tif,1399544,78f9bfd9e9f2598d29119763a6bd56b4
https://data.source.coop/smartmaps/japan-geotiff-dem/10/FG-GML-5537-37-dem10b-20161001.tif,1358576,369f936ab687362333796f32973dffa8
https://data.source.coop/smartmaps/japan-geotiff-dem/10/FG-GML-5537-40-dem10b-20161001.tif,555091,f22ab03b787f8f25e4d3ccbb28734889
https://data.source.coop/smartmaps/japan-geotiff-dem/10/FG-GML-5537-45-dem10b-20161001.tif,33090,5ea809dc81b610919086831ffe68712b
https://data.source.coop/smartmaps/japan-geotiff-dem/10/FG-GML-5537-46-dem10b-20161001.tif,485599,09667da88740b142e74ec692d3fcccdb
https://data.source.coop/smartmaps/japan-geotiff-dem/10/FG-GML-5537-47-dem10b-20161001.tif,1129830,e5ff46d73763a632054ab5720cdf3942
https://data.source.coop/smartmaps/japan-geotiff-dem/10/FG-GML-5537-50-dem10b-20161001.tif,373210,ba3617c6a917ceebbe2b05de98096c62
https://data.source.coop/smartmaps/japan-geotiff-dem/10/FG-GML-5537-57-dem10b-20161001.tif,102666,07c174cf1b03a42cbb816a80523f1d46
https://data.source.coop/smartmaps/japan-geotiff-dem/10/FG-GML-5537-60-dem10b-20161001.tif,455669,3725903b63addda4b3cbe0e69a2bd5a6
https://data.source.coop/smartmaps/japan-geotiff-dem/10/FG-GML-5537-70-dem10b-20161001.tif,1199847,8d53931fce69a9312e6dfd304c6c0004
https://data.source.coop/smartmaps/japan-geotiff-dem/10/FG-GML-5537-71-dem10b-20161001.tif,574079,79478edfd1d76bd374dec9c7d16bd2d9
https://data.source.coop/smartmaps/japan-geotiff-dem/10/FG-GML-5537-72-dem10b-20161001.tif,27370,4a8aac4f4b997b1a2a1fa2e63f4763ed
https://data.source.coop/smartmaps/japan-geotiff-dem/10/FG-GML-5538-00-dem10b-20161001.tif,1337281,91baccc24739dee6d3eaba69889a51e9
https://data.source.coop/smartmaps/japan-geotiff-dem/10/FG-GML-5538-01-dem10b-20161001.tif,1232796,39f2f4952c7c0e0614289ce8eccbd44a
https://data.source.coop/smartmaps/japan-geotiff-dem/10/FG-GML-5538-02-dem10b-20161001.tif,848844,a0e84bd7c583dce4321785d64c1bed8a
https://data.source.coop/smartmaps/japan-geotiff-dem/10/FG-GML-5538-03-dem10b-20161001.tif,1339462,c912f4c536b9d19e87a5c390200ac83a
https://data.source.coop/smartmaps/japan-geotiff-dem/10/FG-GML-5538-04-dem10b-20161001.tif,1365875,d17547538767cc540ed6d8e74c9ce130
https://data.source.coop/smartmaps/japan-geotiff-dem/10/FG-GML-5538-05-dem10b-20161001.tif,1361713,0ce4639432f9059e8093de6938f54439
https://data.source.coop/smartmaps/japan-geotiff-dem/10/FG-GML-5538-06-dem10b-20161001.tif,1375449,16b98b7697ad9e8279911ffecb0cce54
https://data.source.coop/smartmaps/japan-geotiff-dem/10/FG-GML-5538-07-dem10b-20161001.tif,1277698,326a152ab4fcaf9207c946dbf535d900
https://data.source.coop/smartmaps/japan-geotiff-dem/10/FG-GML-5538-10-dem10b-20161001.tif,1349646,2caeb7538501ea4669d6114e7b183f7d
https://data.source.coop/smartmaps/japan-geotiff-dem/10/FG-GML-5538-11-dem10b-20161001.tif,1135973,a6f645f9e800f085eb333df5cc54f031
https://data.source.coop/smartmaps/japan-geotiff-dem/10/FG-GML-5538-12-dem10b-20161001.tif,1172752,62305756660eb5b9d9337d336c80a43e
https://data.source.coop/smartmaps/japan-geotiff-dem/10/FG-GML-5538-13-dem10b-20161001.tif,1294745,abca63238d22196d8dc3a1d629db462a
https://data.source.coop/smartmaps/japan-geotiff-dem/10/FG-GML-5538-14-dem10b-20161001.tif,1366049,4f1b5eb80eedfbff33f63b6a57e86e3f
https://data.source.coop/smartmaps/japan-geotiff-dem/10/FG-GML-5538-15-dem10b-20161001.tif,1380333,9a84fe7088d926d48d3a17dd45b1beb9
https://data.source.coop/smartmaps/japan-geotiff-dem/10/FG-GML-5538-16-dem10b-20161001.tif,1378824,d5b16d47efc3aef6ed1813438498fda4
https://data.source.coop/smartmaps/japan-geotiff-dem/10/FG-GML-5538-17-dem10b-20161001.tif,1369899,a4b8210e43016fc03583e03ad6193437
https://data.source.coop/smartmaps/japan-geotiff-dem/10/FG-GML-5538-20-dem10b-20161001.tif,1372809,d6bfe09aff846abce8f7ed911ddec9fe
https://data.source.coop/smartmaps/japan-geotiff-dem/10/FG-GML-5538-21-dem10b-20161001.tif,1244060,831d2568f0e5f12000f55c27ba2b759c
https://data.source.coop/smartmaps/japan-geotiff-dem/10/FG-GML-5538-22-dem10b-20161001.tif,1277388,309b776d796c33ddee1bd230ff86f620
https://data.source.coop/smartmaps/japan-geotiff-dem/10/FG-GML-5538-23-dem10b-20161001.tif,1163664,8694d8fa784f9631c19b31c94652d8da
https://data.source.coop/smartmaps/japan-geotiff-dem/10/FG-GML-5538-24-dem10b-20161001.tif,1367271,06e412b77da84b0dcbe930d8923cc8a3
https://data.source.coop/smartmaps/japan-geotiff-dem/10/FG-GML-5538-25-dem10b-20161001.tif,1357976,19e76db0a3bb576b47ea1b5058b71a35
https://data.source.coop/smartmaps/japan-geotiff-dem/10/FG-GML-5538-26-dem10b-20161001.tif,1344993,f6795509ccb0d909a263a04626a5f000
https://data.source.coop/smartmaps/japan-geotiff-dem/10/FG-GML-5538-27-dem10b-20161001.tif,1392587,8fb16dbe59c0eea055e8812ab4612bf8
https://data.source.coop/smartmaps/japan-geotiff-dem/10/FG-GML-5538-30-dem10b-20161001.tif,1398219,0c88c8ca5ad6472163f032ecdbc38869
https://data.source.coop/smartmaps/japan-geotiff-dem/10/FG-GML-5538-31-dem10b-20161001.tif,1222179,ff15e37b4781289805cab9cf104a6d20
https://data.source.coop/smartmaps/japan-geotiff-dem/10/FG-GML-5538-32-dem10b-20161001.tif,1321591,e21f72f8ff5e4c4f2009c82b400f5531
https://data.source.coop/smartmaps/japan-geotiff-dem/10/FG-GML-5538-33-dem10b-20161001.tif,1293866,e2a4c778958df36c8333f8dea7c61832
https://data.source.coop/smartmaps/japan-geotiff-dem/10/FG-GML-5538-34-dem10b-20161001.tif,1299742,5849271900fd7fc845d371f9ddcbbe17
https://data.source.coop/smartmaps/japan-geotiff-dem/10/FG-GML-5538-35-dem10b-20161001.tif,1305703,c438fb103226e2c4d412b182456fee8f
https://data.source.coop/smartmaps/japan-geotiff-dem/10/FG-GML-5538-36-dem10b-20161001.tif,1322617,8caa2348eb2aafadb63db110665ffb86
https://data.source.coop/smartmaps/japan-geotiff-dem/10/FG-GML-5538-37-dem10b-20161001.tif,1367051,ad2da918c51611f37848ff3b940111be
https://data.source.coop/smartmaps/japan-geotiff-dem/10/FG-GML-5538-40-dem10b-20161001.tif,1361049,3c1d8e4100d750d2276b9488a39dedb9
https://data.source.coop/smartmaps/japan-geotiff-dem/10/FG-GML-5538-41-dem10b-20161001.tif,1259425,da77984b217432bc259e9ac96df79a72
https://data.source.coop/smartmaps/japan-geotiff-dem/10/FG-GML-5538-42-dem10b-20161001.tif,1031512,9e1230ac161cc3f4340c0e9665f99a3f
https://data.source.coop/smartmaps/japan-geotiff-dem/10/FG-GML-5538-43-dem10b-20161001.tif,1305636,0b52379fbb42b64afe0f1fc011406308
https://data.source.coop/smartmaps/japan-geotiff-dem/10/FG-GML-5538-44-dem10b-20161001.tif,1332114,ffb075dc1dc11f5ae0475381d4ec5660
https://data.source.coop/smartmaps/japan-geotiff-dem/10/FG-GML-5538-45-dem10b-20161001.tif,1196479,f57853170da7e5416c50eac659e8a904
https://data.source.coop/smartmaps/japan-geotiff-dem/10/FG-GML-5538-46-dem10b-20161001.tif,1163032,be2a0e62aede6bfe235ff3e20133997b
https://data.source.coop/smartmaps/japan-geotiff-dem/10/FG-GML-5538-47-dem10b-20161001.tif,1273474,db55a8147426e21f0e444f4ae134584e
https://data.source.coop/smartmaps/japan-geotiff-dem/10/FG-GML-5538-50-dem10b-20161001.tif,957366,5fdd451912c353a08e649796a13864b1
https://data.source.coop/smartmaps/japan-geotiff-dem/10/FG-GML-5538-51-dem10b-20161001.tif,1197896,26fb368fb4a955c761ec97e1382b2136
https://data.source.coop/smartmaps/japan-geotiff-dem/10/FG-GML-5538-52-dem10b-20161001.tif,575821,463c95f46640cff98839c82933a45f4e
https://data.source.coop/smartmaps/japan-geotiff-dem/10/FG-GML-5538-53-dem10b-20161001.tif,1286586,bd88c777b755e9bc9ae06ae112974759
https://data.source.coop/smartmaps/japan-geotiff-dem/10/FG-GML-5538-54-dem10b-20161001.tif,1288650,c162c087be1006e4258c6c3a70ee5082
https://data.source.coop/smartmaps/japan-geotiff-dem/10/FG-GML-5538-55-dem10b-20161001.tif,1243785,caed470a877f3b3dd6d8d491bfbc0dc6
https://data.source.coop/smartmaps/japan-geotiff-dem/10/FG-GML-5538-56-dem10b-20161001.tif,1299481,4d01deafa83f1d920dcf2cee06379e0b
https://data.source.coop/smartmaps/japan-geotiff-dem/10/FG-GML-5538-57-dem10b-20161001.tif,1113083,96164b8dc210cfd8ae2613aef391941f
https://data.source.coop/smartmaps/japan-geotiff-dem/10/FG-GML-5538-60-dem10b-20161001.tif,27448,ce4514eafb5aa768121d2cfa563e06a3
https://data.source.coop/smartmaps/japan-geotiff-dem/10/FG-GML-5538-61-dem10b-20161001.tif,46860,20ee55b145886ee8264d32ce04cc8bc2
https://data.source.coop/smartmaps/japan-geotiff-dem/10/FG-GML-5538-62-dem10b-20161001.tif,444672,9ca37347f1e1ce9b0e868a1ffc064a4c
https://data.source.coop/smartmaps/japan-geotiff-dem/10/FG-GML-5538-63-dem10b-20161001.tif,1251542,c303877be1f8d14fc3b60e482260dd02
https://data.source.coop/smartmaps/japan-geotiff-dem/10/FG-GML-5538-64-dem10b-20161001.tif,1336950,136c082bf1d8e07361cba072a899e723
https://data.source.coop/smartmaps/japan-geotiff-dem/10/FG-GML-5538-65-dem10b-20161001.tif,1301492,f887787976773a034d3bb4ab4ca02915
https://data.source.coop/smartmaps/japan-geotiff-dem/10/FG-GML-5538-66-dem10b-20161001.tif,1248421,433807bd37ebd50e4b835c91d38bd5e7
https://data.source.coop/smartmaps/japan-geotiff-dem/10/FG-GML-5538-67-dem10b-20161001.tif,1157511,f7fa5ef9e07bc242df7e17450c61369a
https://data.source.coop/smartmaps/japan-geotiff-dem/10/FG-GML-5538-72-dem10b-20161001.tif,38575,d76ac66a04463c6c18322a440f817452
https://data.source.coop/smartmaps/japan-geotiff-dem/10/FG-GML-5538-73-dem10b-20161001.tif,1035583,aba85724d5fa945d7156e5263904d6ad
https://data.source.coop/smartmaps/japan-geotiff-dem/10/FG-GML-5538-74-dem10b-20161001.tif,1286280,dd9e5c80cc7002a0d4f2cd8322392f4d
https://data.source.coop/smartmaps/japan-geotiff-dem/10/FG-GML-5538-75-dem10b-20161001.tif,1267644,469bddb4b4acf3348e87d2bd949b8c8c
https://data.source.coop/smartmaps/japan-geotiff-dem/10/FG-GML-5538-76-dem10b-20161001.tif,1155303,231967e91753115890596c3fef0bdecb
https://data.source.coop/smartmaps/japan-geotiff-dem/10/FG-GML-5538-77-dem10b-20161001.tif,1288131,1ff1edc343f65c1bcbaa905b8649289f
https://data.source.coop/smartmaps/japan-geotiff-dem/10/FG-GML-5539-00-dem10b-20161001.tif,1285383,96bde5728cd1f69a75c465289b56a7bd
https://data.source.coop/smartmaps/japan-geotiff-dem/10/FG-GML-5539-01-dem10b-20161001.tif,1349186,eba3e7099fde560b81dc4faf11f96533
https://data.source.coop/smartmaps/japan-geotiff-dem/10/FG-GML-5539-02-dem10b-20161001.tif,1391396,4bd3f07ff94b839269628ac814d3f7f1
https://data.source.coop/smartmaps/japan-geotiff-dem/10/FG-GML-5539-03-dem10b-20161001.tif,1237725,15726e740b1959d2deed7730a825fe18
https://data.source.coop/smartmaps/japan-geotiff-dem/10/FG-GML-5539-04-dem10b-20161001.tif,1367353,f2e2bb67d69dbc1554fdd4fb3867080b
https://data.source.coop/smartmaps/japan-geotiff-dem/10/FG-GML-5539-05-dem10b-20161001.tif,1118441,91f07c7f77b5dd3729424edaf9a023c0
https://data.source.coop/smartmaps/japan-geotiff-dem/10/FG-GML-5539-06-dem10b-20161001.tif,1004899,99ce4f83ccb9e842274acba2029e6a2c
https://data.source.coop/smartmaps/japan-geotiff-dem/10/FG-GML-5539-07-dem10b-20161001.tif,680069,c0df0b829c768321e0cfbc02aec38a06
https://data.source.coop/smartmaps/japan-geotiff-dem/10/FG-GML-5539-10-dem10b-20161001.tif,1362732,005dcc16f774e45cfe4ebd3144d4c288
https://data.source.coop/smartmaps/japan-geotiff-dem/10/FG-GML-5539-11-dem10b-20161001.tif,1344274,9fd25dfd15a591cf0a34500ac36c2bac
https://data.source.coop/smartmaps/japan-geotiff-dem/10/FG-GML-5539-12-dem10b-20161001.tif,1380415,761c3a41c60e099fab1876de036d1dbd
https://data.source.coop/smartmaps/japan-geotiff-dem/10/FG-GML-5539-13-dem10b-20161001.tif,1302604,abcd2438607a6ae127d7feda8cd69304
https://data.source.coop/smartmaps/japan-geotiff-dem/10/FG-GML-5539-14-dem10b-20161001.tif,1364619,669ae5aa9bf779b4309b19793418874a
https://data.source.coop/smartmaps/japan-geotiff-dem/10/FG-GML-5539-15-dem10b-20161001.tif,1277202,fba6c53633ae74a209c60c3044e4cd24
https://data.source.coop/smartmaps/japan-geotiff-dem/10/FG-GML-5539-16-dem10b-20161001.tif,1174354,47261a94743237c1a540d36a8c51b39d
https://data.source.coop/smartmaps/japan-geotiff-dem/10/FG-GML-5539-17-dem10b-20161001.tif,1022383,1cde6056e34986c33f439560149bc91b
https://data.source.coop/smartmaps/japan-geotiff-dem/10/FG-GML-5539-20-dem10b-20161001.tif,1345518,7b3b76b9a57fa6b0d573930389341b9f
https://data.source.coop/smartmaps/japan-geotiff-dem/10/FG-GML-5539-21-dem10b-20161001.tif,1347575,dd9cc6ed36067023fd0d406fc1fff9e2
https://data.source.coop/smartmaps/japan-geotiff-dem/10/FG-GML-5539-22-dem10b-20161001.tif,1364595,16144179629fd560850e2a04c529afac
https://data.source.coop/smartmaps/japan-geotiff-dem/10/FG-GML-5539-23-dem10b-20161001.tif,1388145,56441bda3f5c7feee5050326c9491afb
https://data.source.coop/smartmaps/japan-geotiff-dem/10/FG-GML-5539-24-dem10b-20161001.tif,1372778,030e911146aec3022629bd71da14df65
https://data.source.coop/smartmaps/japan-geotiff-dem/10/FG-GML-5539-25-dem10b-20161001.tif,1341074,102e65562a27ec8ed582b0da3b69d5db
https://data.source.coop/smartmaps/japan-geotiff-dem/10/FG-GML-5539-26-dem10b-20161001.tif,1338243,a01f21b90ac1dc0660ec1ceff4e88d28
https://data.source.coop/smartmaps/japan-geotiff-dem/10/FG-GML-5539-27-dem10b-20161001.tif,793291,c5e34e7e5f973170ea86172b4879c4e5
https://data.source.coop/smartmaps/japan-geotiff-dem/10/FG-GML-5539-30-dem10b-20161001.tif,1361801,01784efe7e89a12ddf261e3d77eafa54
https://data.source.coop/smartmaps/japan-geotiff-dem/10/FG-GML-5539-31-dem10b-20161001.tif,1313542,9eb8a3a1f643449a70f23b3a99dfd149
https://data.source.coop/smartmaps/japan-geotiff-dem/10/FG-GML-5539-32-dem10b-20161001.tif,1299353,ee6e1b775373bb3252f189e5f2dd5570
https://data.source.coop/smartmaps/japan-geotiff-dem/10/FG-GML-5539-33-dem10b-20161001.tif,1363597,4962514e101b1b520898270836ccacff
https://data.source.coop/smartmaps/japan-geotiff-dem/10/FG-GML-5539-34-dem10b-20161001.tif,1387841,b8920e39249a9fc525dfbefd7515d6ab
https://data.source.coop/smartmaps/japan-geotiff-dem/10/FG-GML-5539-35-dem10b-20161001.tif,1357951,62daea7ff8712df90da3f64fe9e632e5
https://data.source.coop/smartmaps/japan-geotiff-dem/10/FG-GML-5539-36-dem10b-20161001.tif,1338738,b7cb99b78f7642b98243c27b18ceeac3
https://data.source.coop/smartmaps/japan-geotiff-dem/10/FG-GML-5539-37-dem10b-20161001.tif,838325,fa0e9f4afeba2785ae875ccb7b4c7d96
https://data.source.coop/smartmaps/japan-geotiff-dem/10/FG-GML-5539-40-dem10b-20161001.tif,1401267,7179736d69eb77cfa592340fce4cd26f
https://data.source.coop/smartmaps/japan-geotiff-dem/10/FG-GML-5539-41-dem10b-20161001.tif,1375837,ade3df0f8752d43ac87b25525ee73d1e
https://data.source.coop/smartmaps/japan-geotiff-dem/10/FG-GML-5539-42-dem10b-20161001.tif,1369095,f56616dad6c6ffffc9c27c852b9c6ec8
https://data.source.coop/smartmaps/japan-geotiff-dem/10/FG-GML-5539-43-dem10b-20161001.tif,1376312,e67ec9576f2a17d0714af1efa8cf92d4
https://data.source.coop/smartmaps/japan-geotiff-dem/10/FG-GML-5539-44-dem10b-20161001.tif,1389759,e9f34c0c41ca13d1e59279d62b1d695c
https://data.source.coop/smartmaps/japan-geotiff-dem/10/FG-GML-5539-45-dem10b-20161001.tif,1387570,fffebcc86615ec88e34632b6edb4f6b2
https://data.source.coop/smartmaps/japan-geotiff-dem/10/FG-GML-5539-46-dem10b-20161001.tif,1390364,50dac0d7dd28bbdf65fc547852f1cbd0
https://data.source.coop/smartmaps/japan-geotiff-dem/10/FG-GML-5539-47-dem10b-20161001.tif,1141591,03b43d273a1b26c94997e81596e2ccba
https://data.source.coop/smartmaps/japan-geotiff-dem/10/FG-GML-5539-50-dem10b-20161001.tif,1419501,2d0a3699b1805901f7a1e9082a074e64
https://data.source.coop/smartmaps/japan-geotiff-dem/10/FG-GML-5539-51-dem10b-20161001.tif,1274149,183cbc3dc336e3994e74e2c749c30302
https://data.source.coop/smartmaps/japan-geotiff-dem/10/FG-GML-5539-52-dem10b-20161001.tif,1376680,69c43353337bf5ec02f087d26e44324d
https://data.source.coop/smartmaps/japan-geotiff-dem/10/FG-GML-5539-53-dem10b-20161001.tif,1358746,d9439eb75a04255f0779e9a0f28b4410
https://data.source.coop/smartmaps/japan-geotiff-dem/10/FG-GML-5539-54-dem10b-20161001.tif,1341757,cb8e8d82fd6039d303d9cae871a4be3a
https://data.source.coop/smartmaps/japan-geotiff-dem/10/FG-GML-5539-55-dem10b-20161001.tif,1343543,402d072de9c7e1b87c47af096a6793b3
https://data.source.coop/smartmaps/japan-geotiff-dem/10/FG-GML-5539-56-dem10b-20161001.tif,1384936,45850274de944430aaa8b965ca243ac9
https://data.source.coop/smartmaps/japan-geotiff-dem/10/FG-GML-5539-57-dem10a-20161001.tif,713281,d59b2454507107d904996b0e50192c1b
https://data.source.coop/smartmaps/japan-geotiff-dem/10/FG-GML-5539-57-dem10b-20161001.tif,1360195,396387d2ed72def96567d1440bbe220d
https://data.source.coop/smartmaps/japan-geotiff-dem/10/FG-GML-5539-60-dem10b-20161001.tif,1355212,a726a8c4c0b8d9488684190730ba8df3
https://data.source.coop/smartmaps/japan-geotiff-dem/10/FG-GML-5539-61-dem10b-20161001.tif,1371541,51ed04ac263ca474f36bddbc7430bbf3
https://data.source.coop/smartmaps/japan-geotiff-dem/10/FG-GML-5539-62-dem10b-20161001.tif,1387118,85b23e0286db4feedfaf4073f9069b9c
https://data.source.coop/smartmaps/japan-geotiff-dem/10/FG-GML-5539-63-dem10b-20161001.tif,1374862,175ff3bf73d154f41ee8dee32ce7059e
https://data.source.coop/smartmaps/japan-geotiff-dem/10/FG-GML-5539-64-dem10b-20161001.tif,1316402,605d1c5e09344698bfcb86981a3e08ac
https://data.source.coop/smartmaps/japan-geotiff-dem/10/FG-GML-5539-65-dem10b-20161001.tif,1303554,fba55d4e7a8d2fec33a46625540ea53d
https://data.source.coop/smartmaps/japan-geotiff-dem/10/FG-GML-5539-66-dem10b-20161001.tif,1232136,bcc5ad37cb12dc718074dd06bb234d3f
https://data.source.coop/smartmaps/japan-geotiff-dem/10/FG-GML-5539-67-dem10b-20161001.tif,1342193,8740dc10c27b14a635b99c0a0a77f834
https://data.source.coop/smartmaps/japan-geotiff-dem/10/FG-GML-5539-70-dem10b-20161001.tif,1337664,6ff163d275955147a29237d04b430bee
https://data.source.coop/smartmaps/japan-geotiff-dem/10/FG-GML-5539-71-dem10b-20161001.tif,1344934,5cbd964b4ccaf918bea39d308c549934
https://data.source.coop/smartmaps/japan-geotiff-dem/10/FG-GML-5539-72-dem10b-20161001.tif,1270777,e0da5208c74a0b740226b8ae7cfeb1c3
https://data.source.coop/smartmaps/japan-geotiff-dem/10/FG-GML-5539-73-dem10b-20161001.tif,1307450,726fad3655a22cfb41a4438ee1a18710
https://data.source.coop/smartmaps/japan-geotiff-dem/10/FG-GML-5539-74-dem10b-20161001.tif,1294244,6f8c182d2e7d2ab7a002b5a48df7af6f
https://data.source.coop/smartmaps/japan-geotiff-dem/10/FG-GML-5539-75-dem10b-20161001.tif,1324026,cad29af9e5779b0e952584e188d17c48
https://data.source.coop/smartmaps/japan-geotiff-dem/10/FG-GML-5539-76-dem10b-20161001.tif,1353540,c31e8e5dcb7262ee762652f6665c8c3f
https://data.source.coop/smartmaps/japan-geotiff-dem/10/FG-GML-5539-77-dem10b-20161001.tif,1353076,a5469288ef34f0e2a449b3a8b6490014
https://data.source.coop/smartmaps/japan-geotiff-dem/10/FG-GML-5540-00-dem10b-20161001.tif,1044943,a033cf61e7b562e2fc8b7adc3c495938
https://data.source.coop/smartmaps/japan-geotiff-dem/10/FG-GML-5540-01-dem10b-20161001.tif,1257335,40bf4fb14ceb64e0468cab5ae98013e1
https://data.source.coop/smartmaps/japan-geotiff-dem/10/FG-GML-5540-02-dem10b-20161001.tif,1357375,98992bd658ab50d9c641e9fa9b41ab95
https://data.source.coop/smartmaps/japan-geotiff-dem/10/FG-GML-5540-03-dem10b-20161001.tif,1394118,5a8558185eacf542858d1cf8215571a6
https://data.source.coop/smartmaps/japan-geotiff-dem/10/FG-GML-5540-04-dem10b-20161001.tif,1362449,7acce993ffa5cec14164fbf89950fb4a
https://data.source.coop/smartmaps/japan-geotiff-dem/10/FG-GML-5540-05-dem10b-20161001.tif,965849,824dffb4636fd0553778849fb8205356
https://data.source.coop/smartmaps/japan-geotiff-dem/10/FG-GML-5540-10-dem10b-20161001.tif,945730,452e08018558a9b740e4c84a761e3d5b
https://data.source.coop/smartmaps/japan-geotiff-dem/10/FG-GML-5540-11-dem10b-20161001.tif,1245296,f8af3bf0a5027df27ac6bcb7679054c8
https://data.source.coop/smartmaps/japan-geotiff-dem/10/FG-GML-5540-12-dem10b-20161001.tif,1317413,fe47b3f2def74682aa13d1da790dc166
https://data.source.coop/smartmaps/japan-geotiff-dem/10/FG-GML-5540-13-dem10b-20161001.tif,1343745,24dc1336e823afce911dbcd69a829ce4
https://data.source.coop/smartmaps/japan-geotiff-dem/10/FG-GML-5540-14-dem10b-20161001.tif,1350151,42ba3deaed48a442870647453446189a
https://data.source.coop/smartmaps/japan-geotiff-dem/10/FG-GML-5540-15-dem10b-20161001.tif,1219758,6a462bd70ddb965eeab10309f1ab72ad
https://data.source.coop/smartmaps/japan-geotiff-dem/10/FG-GML-5540-16-dem10b-20161001.tif,109413,be21c812456fc8dc6694a163e8b75c96
https://data.source.coop/smartmaps/japan-geotiff-dem/10/FG-GML-5540-20-dem10b-20161001.tif,726812,71dbc5a21489e9cb77393c6dc4f18c66
https://data.source.coop/smartmaps/japan-geotiff-dem/10/FG-GML-5540-21-dem10b-20161001.tif,1314959,c25f6f7835ea0edff7304cdb6dea73ed
https://data.source.coop/smartmaps/japan-geotiff-dem/10/FG-GML-5540-22-dem10b-20161001.tif,1383060,96f421679f89a4cc0191b152c7e4e9fb
https://data.source.coop/smartmaps/japan-geotiff-dem/10/FG-GML-5540-23-dem10b-20161001.tif,1335443,cc484d6d4703ab09d982695446b1cf18
https://data.source.coop/smartmaps/japan-geotiff-dem/10/FG-GML-5540-24-dem10b-20161001.tif,1322095,dc093bc43d8df8f2f8c8689dcd6226cf
https://data.source.coop/smartmaps/japan-geotiff-dem/10/FG-GML-5540-25-dem10b-20161001.tif,1355644,e391c13a6955c2d57ed9106cfd17dafc
https://data.source.coop/smartmaps/japan-geotiff-dem/10/FG-GML-5540-26-dem10b-20161001.tif,463853,394f24baa0d5d134bea219c1b37313f0
https://data.source.coop/smartmaps/japan-geotiff-dem/10/FG-GML-5540-30-dem10b-20161001.tif,827171,8eab53f2577e30d1c4d95ad323a322bb
https://data.source.coop/smartmaps/japan-geotiff-dem/10/FG-GML-5540-31-dem10b-20161001.tif,1274267,3bf38fde375cc656336229736d69b92b
https://data.source.coop/smartmaps/japan-geotiff-dem/10/FG-GML-5540-32-dem10b-20161001.tif,1371627,372c01271f81952e7b71a5890d5ca229
https://data.source.coop/smartmaps/japan-geotiff-dem/10/FG-GML-5540-33-dem10b-20161001.tif,1287305,c30d7a59a5ab2279493e2a4e3a656d31
https://data.source.coop/smartmaps/japan-geotiff-dem/10/FG-GML-5540-34-dem10b-20161001.tif,1326272,f7b5e748c7d19a1b81d73f2593471cf2
https://data.source.coop/smartmaps/japan-geotiff-dem/10/FG-GML-5540-35-dem10b-20161001.tif,1362011,36dcfb3f42287384c9f259b910dd5776
https://data.source.coop/smartmaps/japan-geotiff-dem/10/FG-GML-5540-36-dem10b-20161001.tif,1195483,aa3ff4d29b801d668fb117188616f859
https://data.source.coop/smartmaps/japan-geotiff-dem/10/FG-GML-5540-37-dem10b-20161001.tif,604260,eaee9bd978c802ce91df597b43a38059
https://data.source.coop/smartmaps/japan-geotiff-dem/10/FG-GML-5540-40-dem10b-20161001.tif,985374,56de332977be62e23333471033308b7e
https://data.source.coop/smartmaps/japan-geotiff-dem/10/FG-GML-5540-41-dem10b-20161001.tif,1262432,60e50f9ac61fd68c77323382877b7ccd
https://data.source.coop/smartmaps/japan-geotiff-dem/10/FG-GML-5540-42-dem10b-20161001.tif,1193889,5c0b4e62806632ade365a5dbd355a779
https://data.source.coop/smartmaps/japan-geotiff-dem/10/FG-GML-5540-43-dem10b-20161001.tif,1232328,9598672464e03168b3aa553845a8cc27
https://data.source.coop/smartmaps/japan-geotiff-dem/10/FG-GML-5540-44-dem10b-20161001.tif,1363919,250a7e37ed1789b4aef341e66ff42ba8
https://data.source.coop/smartmaps/japan-geotiff-dem/10/FG-GML-5540-45-dem10b-20161001.tif,1362012,991f8aabb3020606c5e53aa95370cb4f
https://data.source.coop/smartmaps/japan-geotiff-dem/10/FG-GML-5540-46-dem10b-20161001.tif,1297549,d8be048210f1858af7750ca5bbeb36dc
https://data.source.coop/smartmaps/japan-geotiff-dem/10/FG-GML-5540-47-dem10b-20161001.tif,850719,846fe6bf56d34ac19f88e34e43c1b105
https://data.source.coop/smartmaps/japan-geotiff-dem/10/FG-GML-5540-50-dem10a-20161001.tif,130724,3a099d013613e06d363ca9d011a9f6d5
https://data.source.coop/smartmaps/japan-geotiff-dem/10/FG-GML-5540-50-dem10b-20161001.tif,1203464,1c71608a795b3099ca691e1bda5c5e55
https://data.source.coop/smartmaps/japan-geotiff-dem/10/FG-GML-5540-51-dem10b-20161001.tif,1056457,2b1fdc7ec129d9f37937a52c49222ece
https://data.source.coop/smartmaps/japan-geotiff-dem/10/FG-GML-5540-52-dem10b-20161001.tif,976526,5744cbdcb9280ea77791c02d636b25f7
https://data.source.coop/smartmaps/japan-geotiff-dem/10/FG-GML-5540-53-dem10b-20161001.tif,1182506,7a64586933f878eb644b37fb4d29314c
https://data.source.coop/smartmaps/japan-geotiff-dem/10/FG-GML-5540-54-dem10b-20161001.tif,1343654,9886dd41b45f8d6507c446309ff1993c
https://data.source.coop/smartmaps/japan-geotiff-dem/10/FG-GML-5540-55-dem10b-20161001.tif,1337425,9bf61dc810c53db9b0168351e6fd9e88
https://data.source.coop/smartmaps/japan-geotiff-dem/10/FG-GML-5540-56-dem10b-20161001.tif,1287475,b6823ffa802bd8e9f58cbe381c06cd86
https://data.source.coop/smartmaps/japan-geotiff-dem/10/FG-GML-5540-57-dem10b-20161001.tif,1219208,00df54274e5427e315e371265b5c0301
https://data.source.coop/smartmaps/japan-geotiff-dem/10/FG-GML-5540-60-dem10b-20161001.tif,1300860,f12093e267f70a9e2c2cf6968fc91c93
https://data.source.coop/smartmaps/japan-geotiff-dem/10/FG-GML-5540-61-dem10b-20161001.tif,1271998,87a9d48e7c9aae7cea880b5c36f0dfc4
https://data.source.coop/smartmaps/japan-geotiff-dem/10/FG-GML-5540-62-dem10b-20161001.tif,992189,1e25267f2eecdd6c3db08aea9a3db40f
https://data.source.coop/smartmaps/japan-geotiff-dem/10/FG-GML-5540-63-dem10b-20161001.tif,1182898,a73f2ad762df7c856095263461ca8104
https://data.source.coop/smartmaps/japan-geotiff-dem/10/FG-GML-5540-64-dem10b-20161001.tif,1309116,aa7f72a35e11574aac6b733ea195ce83
https://data.source.coop/smartmaps/japan-geotiff-dem/10/FG-GML-5540-65-dem10b-20161001.tif,1342122,5e3c38b3e2b213e9fe8a2a78f8a641e8
https://data.source.coop/smartmaps/japan-geotiff-dem/10/FG-GML-5540-66-dem10b-20161001.tif,1361468,78c75a2bfc04bf5b8ceb779b4ce73fac
https://data.source.coop/smartmaps/japan-geotiff-dem/10/FG-GML-5540-67-dem10b-20161001.tif,1344228,29ad0e5464d9cdccfd19be6f4d69de53
https://data.source.coop/smartmaps/japan-geotiff-dem/10/FG-GML-5540-70-dem10b-20161001.tif,1303270,40e99a439683c2d30a5c197ca29d1c0a
https://data.source.coop/smartmaps/japan-geotiff-dem/10/FG-GML-5540-71-dem10b-20161001.tif,1222088,177632fe00ee9ffc998fecaaa6c83bd1
https://data.source.coop/smartmaps/japan-geotiff-dem/10/FG-GML-5540-72-dem10b-20161001.tif,984670,e6168f078c7aaee8cef8cb84fd3dec04
https://data.source.coop/smartmaps/japan-geotiff-dem/10/FG-GML-5540-73-dem10b-20161001.tif,1150205,df19774928229a02121e9aa39158b300
https://data.source.coop/smartmaps/japan-geotiff-dem/10/FG-GML-5540-74-dem10b-20161001.tif,1318859,0be594311a801376281d3e316515e090
https://data.source.coop/smartmaps/japan-geotiff-dem/10/FG-GML-5540-75-dem10b-20161001.tif,1294921,597acfcab9b7e5e3448d571c9aa0c3a5
https://data.source.coop/smartmaps/japan-geotiff-dem/10/FG-GML-5540-76-dem10b-20161001.tif,1332006,09a7c2825201b5923457cdbdbb049ad6
https://data.source.coop/smartmaps/japan-geotiff-dem/10/FG-GML-5540-77-dem10b-20161001.tif,1337275,0ca26553c9d4930bc5f60b72dd02d5a5
https://data.source.coop/smartmaps/japan-geotiff-dem/10/FG-GML-5541-50-dem10b-20161001.tif,16211,bdeb8a96dd8c07293161b2cfc84bdbb7
https://data.source.coop/smartmaps/japan-geotiff-dem/10/FG-GML-5541-60-dem10b-20161001.tif,89627,9cbcdec19b060d79bcf12cab2c3484fd
https://data.source.coop/smartmaps/japan-geotiff-dem/10/FG-GML-5541-70-dem10b-20161001.tif,215869,a0fbde94325db1f45ec6f98d1897527a
https://data.source.coop/smartmaps/japan-geotiff-dem/10/FG-GML-5636-05-dem10b-20161001.tif,28273,f31e7aea82a86e6fb71d7fd85849368b
https://data.source.coop/smartmaps/japan-geotiff-dem/10/FG-GML-5636-06-dem10b-20161001.tif,887968,cbdaf3d0d51cb1703b404ba0e8009519
https://data.source.coop/smartmaps/japan-geotiff-dem/10/FG-GML-5636-07-dem10b-20161001.tif,1176731,bc5b9de88e58dfabc698151b0584eee5
https://data.source.coop/smartmaps/japan-geotiff-dem/10/FG-GML-5636-17-dem10b-20161001.tif,21096,878bed2d623ba00794b19388ec2724d6
https://data.source.coop/smartmaps/japan-geotiff-dem/10/FG-GML-5636-26-dem10b-20161001.tif,1248,0880798727757a9ff6fa158822fd642c
https://data.source.coop/smartmaps/japan-geotiff-dem/10/FG-GML-5636-36-dem10b-20161001.tif,4567,0ff055b430c64f5dbcb2a3bd39457d42
https://data.source.coop/smartmaps/japan-geotiff-dem/10/FG-GML-5636-37-dem10b-20161001.tif,9428,5738ea4844fdab803d8355055d867e92
https://data.source.coop/smartmaps/japan-geotiff-dem/10/FG-GML-5636-67-dem10b-20161001.tif,14226,97f27e979ddd6cc3aaef28d26af42ae9
https://data.source.coop/smartmaps/japan-geotiff-dem/10/FG-GML-5637-00-dem10b-20161001.tif,1350163,86b7cbc78b7a01c18fdbb8299e9ff448
https://data.source.coop/smartmaps/japan-geotiff-dem/10/FG-GML-5637-01-dem10b-20161001.tif,1254066,0a18aa7e442b1e37fc20c4fd7222bc02
https://data.source.coop/smartmaps/japan-geotiff-dem/10/FG-GML-5637-02-dem10b-20161001.tif,42116,e5bb1dbdf4a2e3878ed4c4cf0078e33e
https://data.source.coop/smartmaps/japan-geotiff-dem/10/FG-GML-5637-10-dem10b-20161001.tif,678993,61e8c965a8a823deb99020dc89c5c89a
https://data.source.coop/smartmaps/japan-geotiff-dem/10/FG-GML-5637-11-dem10b-20161001.tif,1361909,6fb83af704517a1976d7716e6eac3fe8
https://data.source.coop/smartmaps/japan-geotiff-dem/10/FG-GML-5637-12-dem10b-20161001.tif,743225,2abfc5e666fc676fbac861877aa687b6
https://data.source.coop/smartmaps/japan-geotiff-dem/10/FG-GML-5637-21-dem10b-20161001.tif,133383,90dd0deac2c7829b51200153d5edfedc
https://data.source.coop/smartmaps/japan-geotiff-dem/10/FG-GML-5637-22-dem10b-20161001.tif,357180,4d7ca46312d9f7ac5313879a7af62eb0
https://data.source.coop/smartmaps/japan-geotiff-dem/10/FG-GML-5638-03-dem10b-20161001.tif,72695,565dc4b98338840368bee944239805bf
https://data.source.coop/smartmaps/japan-geotiff-dem/10/FG-GML-5638-04-dem10b-20161001.tif,606693,b7debf88dd871753c0017a52d9981043
https://data.source.coop/smartmaps/japan-geotiff-dem/10/FG-GML-5638-05-dem10b-20161001.tif,1305052,056803e1e208ea56c754d4eac9fc616f
https://data.source.coop/smartmaps/japan-geotiff-dem/10/FG-GML-5638-06-dem10b-20161001.tif,883102,66a6e294bfc1f3ebeb9758f8d278787d
https://data.source.coop/smartmaps/japan-geotiff-dem/10/FG-GML-5638-07-dem10b-20161001.tif,1343917,831e9982e85592465708e37fa214cf2c
https://data.source.coop/smartmaps/japan-geotiff-dem/10/FG-GML-5638-14-dem10b-20161001.tif,194151,40d5c8ae1ebf82dfaee988edb44cea4d
https://data.source.coop/smartmaps/japan-geotiff-dem/10/FG-GML-5638-15-dem10b-20161001.tif,1260931,20c68a425fafb5ac099ff444ae533508
https://data.source.coop/smartmaps/japan-geotiff-dem/10/FG-GML-5638-16-dem10b-20161001.tif,598935,bcddfb93139eee87625545f24c8f442d
https://data.source.coop/smartmaps/japan-geotiff-dem/10/FG-GML-5638-17-dem10b-20161001.tif,1144293,0155d1e0fc03831ed02e2fdfd070178a
https://data.source.coop/smartmaps/japan-geotiff-dem/10/FG-GML-5638-25-dem10b-20161001.tif,705951,72ecd7f3bc1af8efa7946c480ebada07
https://data.source.coop/smartmaps/japan-geotiff-dem/10/FG-GML-5638-26-dem10b-20161001.tif,775460,a8342ffad895e5fe7261c36628999a9c
https://data.source.coop/smartmaps/japan-geotiff-dem/10/FG-GML-5638-27-dem10b-20161001.tif,903445,cf3ec741cd5cbff1c22fcb808a4724ab
https://data.source.coop/smartmaps/japan-geotiff-dem/10/FG-GML-5638-35-dem10b-20161001.tif,48392,6545db9b863c14bfed1b26ebc64623e2
https://data.source.coop/smartmaps/japan-geotiff-dem/10/FG-GML-5638-36-dem10b-20161001.tif,774009,88f69ab88fd320bddb50557c9e41b7b4
https://data.source.coop/smartmaps/japan-geotiff-dem/10/FG-GML-5638-37-dem10b-20161001.tif,519389,506ee9febe3bcd5cc0ffac41edeb21b5
https://data.source.coop/smartmaps/japan-geotiff-dem/10/FG-GML-5638-46-dem10b-20161001.tif,716596,50f14841fee1dc9d65dbcfb5222b62ce
https://data.source.coop/smartmaps/japan-geotiff-dem/10/FG-GML-5638-47-dem10b-20161001.tif,247257,51a311ce6a28f2f091ccdbf026b2430d
https://data.source.coop/smartmaps/japan-geotiff-dem/10/FG-GML-5638-51-dem10b-20161001.tif,161644,a1c152e4eee9192c92c7b88f68436c70
https://data.source.coop/smartmaps/japan-geotiff-dem/10/FG-GML-5638-52-dem10b-20161001.tif,203477,edbde5be0b30f3ff3806e6f5869c09ee
https://data.source.coop/smartmaps/japan-geotiff-dem/10/FG-GML-5638-56-dem10b-20161001.tif,493155,aae837be88e84d34c2a31e973f244d6e
https://data.source.coop/smartmaps/japan-geotiff-dem/10/FG-GML-5638-57-dem10b-20161001.tif,270361,325cdeb37680156f8c34b48dda8d5eac
https://data.source.coop/smartmaps/japan-geotiff-dem/10/FG-GML-5638-61-dem10b-20161001.tif,32762,34597459bd4d546a759ca0c7dcd9dad8
https://data.source.coop/smartmaps/japan-geotiff-dem/10/FG-GML-5638-62-dem10b-20161001.tif,1055270,bc943c0aa29ee806ab353b93a5dae8cb
https://data.source.coop/smartmaps/japan-geotiff-dem/10/FG-GML-5638-63-dem10b-20161001.tif,585386,4c2e0583ac77069a8afe1010cfd3bd9d
https://data.source.coop/smartmaps/japan-geotiff-dem/10/FG-GML-5638-66-dem10b-20161001.tif,11890,8a848a38e3c594f3097ffcb9562bc639
https://data.source.coop/smartmaps/japan-geotiff-dem/10/FG-GML-5638-67-dem10b-20161001.tif,364779,2ae5ed81ea72440c6bf19b55dbd45fa2
https://data.source.coop/smartmaps/japan-geotiff-dem/10/FG-GML-5638-71-dem10b-20161001.tif,78803,b054425d53845589c8e697ff7eacd68c
https://data.source.coop/smartmaps/japan-geotiff-dem/10/FG-GML-5638-72-dem10b-20161001.tif,589504,f038fac515ab657e9496c669a6a2138c
https://data.source.coop/smartmaps/japan-geotiff-dem/10/FG-GML-5638-73-dem10b-20161001.tif,1321737,2b4c03e1e624d8a4355176236dd0239d
https://data.source.coop/smartmaps/japan-geotiff-dem/10/FG-GML-5638-74-dem10b-20161001.tif,177283,fca6265404c0510d6e750d698ef003cc
https://data.source.coop/smartmaps/japan-geotiff-dem/10/FG-GML-5639-00-dem10b-20161001.tif,1334010,87b6b59e20dfa10f2c940c420028c33b
https://data.source.coop/smartmaps/japan-geotiff-dem/10/FG-GML-5639-01-dem10b-20161001.tif,1359222,b000ccf7be46025ae0ae8efddc6959fa
https://data.source.coop/smartmaps/japan-geotiff-dem/10/FG-GML-5639-02-dem10b-20161001.tif,1330256,ba3cbfb17e7d606ebf8183fa47ca1ba3
https://data.source.coop/smartmaps/japan-geotiff-dem/10/FG-GML-5639-03-dem10b-20161001.tif,1342948,bf7cfaa93bc1ced69bb11523bae61b54
https://data.source.coop/smartmaps/japan-geotiff-dem/10/FG-GML-5639-04-dem10b-20161001.tif,1332404,960d76968fef5334d3b5ac56863ad544
https://data.source.coop/smartmaps/japan-geotiff-dem/10/FG-GML-5639-05-dem10b-20161001.tif,1348009,1cc2dc9ec2d4dc75a805bbcc62d97cfc
https://data.source.coop/smartmaps/japan-geotiff-dem/10/FG-GML-5639-06-dem10b-20161001.tif,1361582,6a151dae58b99117227e6382113939db
https://data.source.coop/smartmaps/japan-geotiff-dem/10/FG-GML-5639-07-dem10b-20161001.tif,1355136,ea0166fbdccb0c285bef38213941f1e8
https://data.source.coop/smartmaps/japan-geotiff-dem/10/FG-GML-5639-10-dem10b-20161001.tif,1318065,62ed471bb515cfaf0644e1e1c7ac14a3
https://data.source.coop/smartmaps/japan-geotiff-dem/10/FG-GML-5639-11-dem10b-20161001.tif,1365167,17d594cd4f59c8cefee98f5097d76393
https://data.source.coop/smartmaps/japan-geotiff-dem/10/FG-GML-5639-12-dem10b-20161001.tif,1366480,344f901d058c66843a2b923355954805
https://data.source.coop/smartmaps/japan-geotiff-dem/10/FG-GML-5639-13-dem10b-20161001.tif,1360207,d99cb65c928affd2db371dd456de47d5
https://data.source.coop/smartmaps/japan-geotiff-dem/10/FG-GML-5639-14-dem10b-20161001.tif,1294396,cbf02d22e99cfb0733d772729dd15c7c
https://data.source.coop/smartmaps/japan-geotiff-dem/10/FG-GML-5639-15-dem10b-20161001.tif,1327567,6c276a054c16982b734295dc8495cfe0
https://data.source.coop/smartmaps/japan-geotiff-dem/10/FG-GML-5639-16-dem10b-20161001.tif,1036415,f523a66dc8ebec057c9474de477f5d94
https://data.source.coop/smartmaps/japan-geotiff-dem/10/FG-GML-5639-17-dem10b-20161001.tif,1036293,7e28cff6be26667797654b9a46529488
https://data.source.coop/smartmaps/japan-geotiff-dem/10/FG-GML-5639-20-dem10b-20161001.tif,1234212,87e13866c9881a77490d3afe3d765a44
https://data.source.coop/smartmaps/japan-geotiff-dem/10/FG-GML-5639-21-dem10b-20161001.tif,1411250,c43de14d582ca3d8c916aaa06c81bcf6
https://data.source.coop/smartmaps/japan-geotiff-dem/10/FG-GML-5639-22-dem10b-20161001.tif,1413930,ff77efa3fd0d0a7ab74a79567622d646
https://data.source.coop/smartmaps/japan-geotiff-dem/10/FG-GML-5639-23-dem10b-20161001.tif,1411277,0f5990300d5d6ebb76eeff3738ae13d2
https://data.source.coop/smartmaps/japan-geotiff-dem/10/FG-GML-5639-24-dem10b-20161001.tif,1369236,e5b79d08488a8a9decc6763b14670715
https://data.source.coop/smartmaps/japan-geotiff-dem/10/FG-GML-5639-25-dem10b-20161001.tif,1316203,234d6559cfb9e47a78ef65385d66e5c7
https://data.source.coop/smartmaps/japan-geotiff-dem/10/FG-GML-5639-26-dem10b-20161001.tif,804850,986dc5dffb3ae9f3ebd94eb899c31254
https://data.source.coop/smartmaps/japan-geotiff-dem/10/FG-GML-5639-27-dem10b-20161001.tif,860298,9f11e2436b7815f7440a794f435cc5ce
https://data.source.coop/smartmaps/japan-geotiff-dem/10/FG-GML-5639-30-dem10b-20161001.tif,1219467,86f31ccc147bdb55a967f2a462aa0e6b
https://data.source.coop/smartmaps/japan-geotiff-dem/10/FG-GML-5639-31-dem10b-20161001.tif,1374436,5db6edd74861aefa1a834faf0b0cbf0a
https://data.source.coop/smartmaps/japan-geotiff-dem/10/FG-GML-5639-32-dem10b-20161001.tif,1429967,543eac5bad1b467c938bce37c9be9f72
https://data.source.coop/smartmaps/japan-geotiff-dem/10/FG-GML-5639-33-dem10b-20161001.tif,1362673,98cbda55ef63c0c7d83a3b8dec3127f6
https://data.source.coop/smartmaps/japan-geotiff-dem/10/FG-GML-5639-34-dem10b-20161001.tif,1358542,2af7c96a8819dd4ebe6a56a3b9ec0fcc
https://data.source.coop/smartmaps/japan-geotiff-dem/10/FG-GML-5639-35-dem10b-20161001.tif,1258797,3aa955c81a306ae73b1236d94f30c62c
https://data.source.coop/smartmaps/japan-geotiff-dem/10/FG-GML-5639-36-dem10b-20161001.tif,943592,2d9095e35983f8485345cc9b4ef2371b
https://data.source.coop/smartmaps/japan-geotiff-dem/10/FG-GML-5639-37-dem10b-20161001.tif,1010256,5af5a63ab39ea826a79752381324492e
https://data.source.coop/smartmaps/japan-geotiff-dem/10/FG-GML-5639-40-dem10b-20161001.tif,807636,45a95f794c7ad2f798e4f6baacc8cc2a
https://data.source.coop/smartmaps/japan-geotiff-dem/10/FG-GML-5639-41-dem10b-20161001.tif,845286,765bd4e07a70cf19bf1b658131ab072b
https://data.source.coop/smartmaps/japan-geotiff-dem/10/FG-GML-5639-42-dem10b-20161001.tif,1387961,32e176c55a85c32e84f882b97f33ae9f
https://data.source.coop/smartmaps/japan-geotiff-dem/10/FG-GML-5639-43-dem10b-20161001.tif,1331203,92c4aa7683eed81214708bc73c9bb157
https://data.source.coop/smartmaps/japan-geotiff-dem/10/FG-GML-5639-44-dem10b-20161001.tif,1370242,58e8a1159afe062a9b74db54b80ec847
https://data.source.coop/smartmaps/japan-geotiff-dem/10/FG-GML-5639-45-dem10b-20161001.tif,1375564,5f77b206ae1e59e2dd37cd99169ac6ce
https://data.source.coop/smartmaps/japan-geotiff-dem/10/FG-GML-5639-46-dem10b-20161001.tif,1250431,16b5836f0c0e074e725abb5004165539
https://data.source.coop/smartmaps/japan-geotiff-dem/10/FG-GML-5639-47-dem10b-20161001.tif,1304374,12b900d11c6768d6bf233765ebf14250
https://data.source.coop/smartmaps/japan-geotiff-dem/10/FG-GML-5639-50-dem10b-20161001.tif,331811,dfb2c5e6eb1b01e6ab07d487b827a26a
https://data.source.coop/smartmaps/japan-geotiff-dem/10/FG-GML-5639-51-dem10b-20161001.tif,546350,8d16f69fe9265b83e9d37eb8d037c484
https://data.source.coop/smartmaps/japan-geotiff-dem/10/FG-GML-5639-52-dem10b-20161001.tif,1330404,c86347e9bbd73437d6a6ceb2ce71a1f3
https://data.source.coop/smartmaps/japan-geotiff-dem/10/FG-GML-5639-53-dem10b-20161001.tif,1376647,5ad8a582984d5fc3ba63d0c976c17564
https://data.source.coop/smartmaps/japan-geotiff-dem/10/FG-GML-5639-54-dem10b-20161001.tif,1407814,0e2a42ee94bc35858c720aa1d5cb322f
https://data.source.coop/smartmaps/japan-geotiff-dem/10/FG-GML-5639-55-dem10b-20161001.tif,1391482,4ec9d94879ff87040b9e1f9030bee5e1
https://data.source.coop/smartmaps/japan-geotiff-dem/10/FG-GML-5639-56-dem10b-20161001.tif,1371772,801ace4471726b6bf71b2f1ef7c4e374
https://data.source.coop/smartmaps/japan-geotiff-dem/10/FG-GML-5639-57-dem10b-20161001.tif,1395346,5f648bd1e1d551a22185fe3708556160
https://data.source.coop/smartmaps/japan-geotiff-dem/10/FG-GML-5639-60-dem10b-20161001.tif,319398,d8487dc4d3e775f712d6cd84c6e3725b
https://data.source.coop/smartmaps/japan-geotiff-dem/10/FG-GML-5639-61-dem10b-20161001.tif,330845,4ed02de7d605e15b65505b69406d0f47
https://data.source.coop/smartmaps/japan-geotiff-dem/10/FG-GML-5639-62-dem10b-20161001.tif,983004,19e7ce8f39e00c2fec7743f1f54ef5e9
https://data.source.coop/smartmaps/japan-geotiff-dem/10/FG-GML-5639-63-dem10b-20161001.tif,1341304,3ed740ed2768228be047b09fd70ec78a
https://data.source.coop/smartmaps/japan-geotiff-dem/10/FG-GML-5639-64-dem10b-20161001.tif,1419022,a150db7c74bda2a6ca427e24745b6ef7
https://data.source.coop/smartmaps/japan-geotiff-dem/10/FG-GML-5639-65-dem10b-20161001.tif,1402462,c1ec5b8b1be7287b773761cb3eff53e6
https://data.source.coop/smartmaps/japan-geotiff-dem/10/FG-GML-5639-66-dem10b-20161001.tif,1363395,76f97fbe23cf85213c03ce8ccb3e019a
https://data.source.coop/smartmaps/japan-geotiff-dem/10/FG-GML-5639-67-dem10b-20161001.tif,1352039,e4a2f854c30b5826037dea945fb6883b
https://data.source.coop/smartmaps/japan-geotiff-dem/10/FG-GML-5639-70-dem10b-20161001.tif,209298,a9f6ac2b9d6c7cede4e105066e018f15
https://data.source.coop/smartmaps/japan-geotiff-dem/10/FG-GML-5639-71-dem10b-20161001.tif,564236,3d9b70fb0961020256085d9cd0b7d273
https://data.source.coop/smartmaps/japan-geotiff-dem/10/FG-GML-5639-72-dem10b-20161001.tif,484559,6833ff72c1aa0515447973588b05b6dc
https://data.source.coop/smartmaps/japan-geotiff-dem/10/FG-GML-5639-73-dem10b-20161001.tif,1260691,7c6b66a0d2f77d1b7d5f4a5914ecd359
https://data.source.coop/smartmaps/japan-geotiff-dem/10/FG-GML-5639-74-dem10b-20161001.tif,1409801,e952d4d5067c7de93f683892a6955c0f
https://data.source.coop/smartmaps/japan-geotiff-dem/10/FG-GML-5639-75-dem10b-20161001.tif,1391425,e323f0503a57977f8c4b8377aaf8a131
https://data.source.coop/smartmaps/japan-geotiff-dem/10/FG-GML-5639-76-dem10b-20161001.tif,1365641,7924081fdd66b1c98893248c07893433
https://data.source.coop/smartmaps/japan-geotiff-dem/10/FG-GML-5639-77-dem10b-20161001.tif,1286304,2a7fdc0ab1f478389a47d0bdb3504ac3
https://data.source.coop/smartmaps/japan-geotiff-dem/10/FG-GML-5640-00-dem10b-20161001.tif,1278899,fd04a29f22976fdc2961d57f84713d45
https://data.source.coop/smartmaps/japan-geotiff-dem/10/FG-GML-5640-01-dem10b-20161001.tif,1293504,b1027509ae6a00bcc26150bb7024510c
https://data.source.coop/smartmaps/japan-geotiff-dem/10/FG-GML-5640-02-dem10b-20161001.tif,829570,357f66be2ebee245329a51734ea38c59
https://data.source.coop/smartmaps/japan-geotiff-dem/10/FG-GML-5640-03-dem10b-20161001.tif,1076822,d9b5529b4bfab33fabdda03b62383ecd
https://data.source.coop/smartmaps/japan-geotiff-dem/10/FG-GML-5640-04-dem10b-20161001.tif,1296039,fec5988ff8c3e832bf791be2b66eb332
https://data.source.coop/smartmaps/japan-geotiff-dem/10/FG-GML-5640-05-dem10b-20161001.tif,1307505,5684da6da412bd3e07c27d06462f0af3
https://data.source.coop/smartmaps/japan-geotiff-dem/10/FG-GML-5640-06-dem10b-20161001.tif,1337035,a187cb6e09b4cf641564b76bc12b1444
https://data.source.coop/smartmaps/japan-geotiff-dem/10/FG-GML-5640-07-dem10b-20161001.tif,1265436,2364cfbe1ae752f0b3eb120307930e5b
https://data.source.coop/smartmaps/japan-geotiff-dem/10/FG-GML-5640-10-dem10b-20161001.tif,503303,2c893a5e05391e88d0819a5125948d6e
https://data.source.coop/smartmaps/japan-geotiff-dem/10/FG-GML-5640-11-dem10b-20161001.tif,1088718,cc264484b9be19890fe8788e6ce15b7d
https://data.source.coop/smartmaps/japan-geotiff-dem/10/FG-GML-5640-12-dem10b-20161001.tif,1055030,248a62de9b1bc06fbd9b978e10db0bb3
https://data.source.coop/smartmaps/japan-geotiff-dem/10/FG-GML-5640-13-dem10b-20161001.tif,1119071,9c9edd8a26c7f9f56402db3570ac98ee
https://data.source.coop/smartmaps/japan-geotiff-dem/10/FG-GML-5640-14-dem10b-20161001.tif,1258221,bd3247551b1b97289e42e4aac5b58dcf
https://data.source.coop/smartmaps/japan-geotiff-dem/10/FG-GML-5640-15-dem10b-20161001.tif,1327481,950d81093e6aee2de2d92a97966e19d9
https://data.source.coop/smartmaps/japan-geotiff-dem/10/FG-GML-5640-16-dem10b-20161001.tif,1362561,4b8f7fecd2da6a8dcd2dd1ce47b62a87
https://data.source.coop/smartmaps/japan-geotiff-dem/10/FG-GML-5640-17-dem10b-20161001.tif,1287899,9a3f2c8139a46a2a621259710afa589c
https://data.source.coop/smartmaps/japan-geotiff-dem/10/FG-GML-5640-20-dem10a-20161001.tif,189418,7b6dcb07e52eee4a15a5f17febf0d756
https://data.source.coop/smartmaps/japan-geotiff-dem/10/FG-GML-5640-20-dem10b-20161001.tif,715451,152ca753d53e981874af1bbc11441224
https://data.source.coop/smartmaps/japan-geotiff-dem/10/FG-GML-5640-21-dem10b-20161001.tif,1260452,354e149081b1d1323ddd505c99ca4ffe
https://data.source.coop/smartmaps/japan-geotiff-dem/10/FG-GML-5640-22-dem10b-20161001.tif,1247075,6f90bcb74727375f8e8f994198f94791
https://data.source.coop/smartmaps/japan-geotiff-dem/10/FG-GML-5640-23-dem10b-20161001.tif,1158451,dd6edc53a2b2b7d9dc7f9113be78a2c4
https://data.source.coop/smartmaps/japan-geotiff-dem/10/FG-GML-5640-24-dem10b-20161001.tif,1300596,df69edccf3e024a324633d43fc08d9f6
https://data.source.coop/smartmaps/japan-geotiff-dem/10/FG-GML-5640-25-dem10b-20161001.tif,1310966,fee668c9b3086277357a0b07d35ff221
https://data.source.coop/smartmaps/japan-geotiff-dem/10/FG-GML-5640-26-dem10b-20161001.tif,1349453,a37487edca7d544c89c6bf85acf08749
https://data.source.coop/smartmaps/japan-geotiff-dem/10/FG-GML-5640-27-dem10b-20161001.tif,1237365,e9815b3b7422f9aec02e6e4013acd4a7
https://data.source.coop/smartmaps/japan-geotiff-dem/10/FG-GML-5640-30-dem10a-20161001.tif,1223487,ce103ed15f291080890353138e5fd7f6
https://data.source.coop/smartmaps/japan-geotiff-dem/10/FG-GML-5640-30-dem10b-20161001.tif,1241237,156db3cee0609210d906ae0416937750
https://data.source.coop/smartmaps/japan-geotiff-dem/10/FG-GML-5640-31-dem10a-20161001.tif,327746,1db8af8e8d4686bf351f997f32bc1fa1
https://data.source.coop/smartmaps/japan-geotiff-dem/10/FG-GML-5640-31-dem10b-20161001.tif,1248167,81850db9b4fa4a12e3adcf437ca5c1de
https://data.source.coop/smartmaps/japan-geotiff-dem/10/FG-GML-5640-32-dem10a-20161001.tif,814036,1cc05c9eec52af10f5a20431db1d1890
https://data.source.coop/smartmaps/japan-geotiff-dem/10/FG-GML-5640-32-dem10b-20161001.tif,1294627,9d79ccd433e69aa64867a14867ea90d5
https://data.source.coop/smartmaps/japan-geotiff-dem/10/FG-GML-5640-33-dem10b-20161001.tif,1165636,b9a22fef9157041f71462124fe11cf35
https://data.source.coop/smartmaps/japan-geotiff-dem/10/FG-GML-5640-34-dem10b-20161001.tif,1308007,9b2de84f02a285043a45c29e8051ef46
https://data.source.coop/smartmaps/japan-geotiff-dem/10/FG-GML-5640-35-dem10b-20161001.tif,1296176,ddce0ca3770e5c8010cb6d3dc3731c69
https://data.source.coop/smartmaps/japan-geotiff-dem/10/FG-GML-5640-36-dem10b-20161001.tif,1367050,d0cd4b3503e1e131e96c94e333b6f4a3
https://data.source.coop/smartmaps/japan-geotiff-dem/10/FG-GML-5640-37-dem10b-20161001.tif,1089317,8fb0d237bee13f4a3fea33c0b7cc9321
https://data.source.coop/smartmaps/japan-geotiff-dem/10/FG-GML-5640-40-dem10a-20161001.tif,139411,aaedeb7ce2079175044d43d701317ece
https://data.source.coop/smartmaps/japan-geotiff-dem/10/FG-GML-5640-40-dem10b-20161001.tif,1220562,1ed759ee7c3fa1aadbc7db0fb41c7667
https://data.source.coop/smartmaps/japan-geotiff-dem/10/FG-GML-5640-41-dem10b-20161001.tif,1315382,ff0684c9f11aac104a2235e3027898bb
https://data.source.coop/smartmaps/japan-geotiff-dem/10/FG-GML-5640-42-dem10b-20161001.tif,1280241,b5a5d3d25ed6dcc07e06015e43b65483
https://data.source.coop/smartmaps/japan-geotiff-dem/10/FG-GML-5640-43-dem10b-20161001.tif,1072311,a87704f2f72451553d656e729af72ce0
https://data.source.coop/smartmaps/japan-geotiff-dem/10/FG-GML-5640-44-dem10b-20161001.tif,1315910,cbe36b552d80e416c0103167a828de82
https://data.source.coop/smartmaps/japan-geotiff-dem/10/FG-GML-5640-45-dem10b-20161001.tif,1326430,7153e23c26e3a8871e93a8bb9c3b1b07
https://data.source.coop/smartmaps/japan-geotiff-dem/10/FG-GML-5640-46-dem10b-20161001.tif,1344836,4324df4f388a1c4ede339f0807439193
https://data.source.coop/smartmaps/japan-geotiff-dem/10/FG-GML-5640-47-dem10b-20161001.tif,1160591,0ea6a81f72f1d2a7a3378484f69a6422
https://data.source.coop/smartmaps/japan-geotiff-dem/10/FG-GML-5640-50-dem10b-20161001.tif,1357155,491ca561d594fd256207e24fd90ca0b8
https://data.source.coop/smartmaps/japan-geotiff-dem/10/FG-GML-5640-51-dem10b-20161001.tif,1334734,47fbc8d9fc8ac807bd15fbdcdb5c02ed
https://data.source.coop/smartmaps/japan-geotiff-dem/10/FG-GML-5640-52-dem10b-20161001.tif,1285151,9d75697905aef1cac8e668b19959f617
https://data.source.coop/smartmaps/japan-geotiff-dem/10/FG-GML-5640-53-dem10b-20161001.tif,808321,5d052528ce9ff99705f80429d87f4e15
https://data.source.coop/smartmaps/japan-geotiff-dem/10/FG-GML-5640-54-dem10b-20161001.tif,1077036,7eba25c3aed26ccecaff230db8d46924
https://data.source.coop/smartmaps/japan-geotiff-dem/10/FG-GML-5640-55-dem10b-20161001.tif,1335546,1574933b74438b31e79cd11c61831c0f
https://data.source.coop/smartmaps/japan-geotiff-dem/10/FG-GML-5640-56-dem10b-20161001.tif,1357614,fbdbc5551e1a7be0c4ed00f36258604b
https://data.source.coop/smartmaps/japan-geotiff-dem/10/FG-GML-5640-57-dem10b-20161001.tif,872793,f1c05d05d65ec3b7d6c694b3cf58cfaa
https://data.source.coop/smartmaps/japan-geotiff-dem/10/FG-GML-5640-60-dem10b-20161001.tif,1161066,8a75a8ae0d88c6537e8fc48d7a2c0ccc
https://data.source.coop/smartmaps/japan-geotiff-dem/10/FG-GML-5640-61-dem10b-20161001.tif,1236070,2934527028d7bf0adbf0fbc16faf0107
https://data.source.coop/smartmaps/japan-geotiff-dem/10/FG-GML-5640-62-dem10b-20161001.tif,1363957,25a952800c21ef9477b4e83b4392482c
https://data.source.coop/smartmaps/japan-geotiff-dem/10/FG-GML-5640-63-dem10b-20161001.tif,1337552,bb3cbf928bb5f9169ca10c33640403d9
https://data.source.coop/smartmaps/japan-geotiff-dem/10/FG-GML-5640-64-dem10b-20161001.tif,989533,80de0e19c4aa0fd967dad326543a10df
https://data.source.coop/smartmaps/japan-geotiff-dem/10/FG-GML-5640-65-dem10b-20161001.tif,1320296,5635e3caa943a75297f6791a5a0fc91a
https://data.source.coop/smartmaps/japan-geotiff-dem/10/FG-GML-5640-66-dem10b-20161001.tif,1277523,684038a059ce3a0395617f3e5637e460
https://data.source.coop/smartmaps/japan-geotiff-dem/10/FG-GML-5640-67-dem10b-20161001.tif,533962,1ad02b807849d2d2c8315b84919cd3ec
https://data.source.coop/smartmaps/japan-geotiff-dem/10/FG-GML-5640-70-dem10b-20161001.tif,832997,f042dda0cdcef728bd0dc89a9e21baf6
https://data.source.coop/smartmaps/japan-geotiff-dem/10/FG-GML-5640-71-dem10b-20161001.tif,918866,edda7fc51d79b126a111514dec25db26
https://data.source.coop/smartmaps/japan-geotiff-dem/10/FG-GML-5640-72-dem10b-20161001.tif,1376576,8acc0b4f622d479ee04ca4a4893a72bd
https://data.source.coop/smartmaps/japan-geotiff-dem/10/FG-GML-5640-73-dem10b-20161001.tif,1298802,ce129ce54ab00731fabd42f4247220ff
https://data.source.coop/smartmaps/japan-geotiff-dem/10/FG-GML-5640-74-dem10b-20161001.tif,1295302,896de84f3a58bc39ccd46b4b098d1ed7
https://data.source.coop/smartmaps/japan-geotiff-dem/10/FG-GML-5640-75-dem10b-20161001.tif,1294523,3692ee06f6811fb0cdae870ffa6b4fcb
https://data.source.coop/smartmaps/japan-geotiff-dem/10/FG-GML-5640-76-dem10b-20161001.tif,984961,66237ef7197c63e50c33b603ef47e292
https://data.source.coop/smartmaps/japan-geotiff-dem/10/FG-GML-5640-77-dem10b-20161001.tif,237104,b31a527b949c9e4d38f3d0f657a226b7
https://data.source.coop/smartmaps/japan-geotiff-dem/10/FG-GML-5641-00-dem10b-20161001.tif,310124,ef3554ad0e12e7631891a8a9a3f2e070
https://data.source.coop/smartmaps/japan-geotiff-dem/10/FG-GML-5641-10-dem10b-20161001.tif,312024,f4d7abf4370a9133f0b5301145d9151f
https://data.source.coop/smartmaps/japan-geotiff-dem/10/FG-GML-5641-20-dem10b-20161001.tif,290854,97be67322f649294f5205ed6d43f4ffc
https://data.source.coop/smartmaps/japan-geotiff-dem/10/FG-GML-5641-30-dem10b-20161001.tif,200777,df0b356f4df331397fc93c1d2062ce34
https://data.source.coop/smartmaps/japan-geotiff-dem/10/FG-GML-5641-40-dem10b-20161001.tif,110536,1e1ec141bc6dc7338e1f2a017bde67b0
https://data.source.coop/smartmaps/japan-geotiff-dem/10/FG-GML-5641-50-dem10b-20161001.tif,7629,dc79e15bf316cd644382f612b2ba7522
https://data.source.coop/smartmaps/japan-geotiff-dem/10/FG-GML-5738-01-dem10b-20161001.tif,198339,04c43d7a58306fb536e86f72a6d3a1fe
https://data.source.coop/smartmaps/japan-geotiff-dem/10/FG-GML-5738-02-dem10b-20161001.tif,1238480,83fd73ab91702a8487c6ad697dc95ae3
https://data.source.coop/smartmaps/japan-geotiff-dem/10/FG-GML-5738-03-dem10b-20161001.tif,983993,2150e53d2a68f094db98b8b4d954d715
https://data.source.coop/smartmaps/japan-geotiff-dem/10/FG-GML-5738-04-dem10b-20161001.tif,629195,d8c463cf727c6a2932813f5ffa5d42c8
https://data.source.coop/smartmaps/japan-geotiff-dem/10/FG-GML-5738-11-dem10b-20161001.tif,14169,2b5094544e625562ed406a23bb1f7a71
https://data.source.coop/smartmaps/japan-geotiff-dem/10/FG-GML-5738-12-dem10b-20161001.tif,1092295,4ca4744813a082e8375d0ea49d0b3efe
https://data.source.coop/smartmaps/japan-geotiff-dem/10/FG-GML-5738-13-dem10b-20161001.tif,767182,6080565b2c635d2b9fdde6b97c3626c1
https://data.source.coop/smartmaps/japan-geotiff-dem/10/FG-GML-5738-14-dem10b-20161001.tif,6016,2045184a13e7d3811e5d81edce1663ce
https://data.source.coop/smartmaps/japan-geotiff-dem/10/FG-GML-5738-22-dem10b-20161001.tif,310356,0048e2855ca52bc8ce31c0f054db7057
https://data.source.coop/smartmaps/japan-geotiff-dem/10/FG-GML-5738-23-dem10b-20161001.tif,1220209,5557d05374195dc1c53b6c59261dd450
https://data.source.coop/smartmaps/japan-geotiff-dem/10/FG-GML-5738-24-dem10b-20161001.tif,10442,d32620574fc90a2af042b6dd7ef622ff
https://data.source.coop/smartmaps/japan-geotiff-dem/10/FG-GML-5738-33-dem10b-20161001.tif,600450,cb77813700b35419eee74a57eeaff862
https://data.source.coop/smartmaps/japan-geotiff-dem/10/FG-GML-5738-34-dem10b-20161001.tif,143318,724ab062df54752349fe452e3cd74629
https://data.source.coop/smartmaps/japan-geotiff-dem/10/FG-GML-5738-43-dem10b-20161001.tif,4497,5ab934ff783ace0f7b8397529eb6b64a
https://data.source.coop/smartmaps/japan-geotiff-dem/10/FG-GML-5738-44-dem10b-20161001.tif,1322,fd0faa7f9be39b2f7e33e680f9086f21
https://data.source.coop/smartmaps/japan-geotiff-dem/10/FG-GML-5739-01-dem10b-20161001.tif,15673,caa5a38ca82a847478bacd7501371227
https://data.source.coop/smartmaps/japan-geotiff-dem/10/FG-GML-5739-02-dem10b-20161001.tif,469800,96ebb08db169a40a02a8f4e2d444b879
https://data.source.coop/smartmaps/japan-geotiff-dem/10/FG-GML-5739-03-dem10b-20161001.tif,1146915,5e2b31a6994531871f262b17db777428
https://data.source.coop/smartmaps/japan-geotiff-dem/10/FG-GML-5739-04-dem10b-20161001.tif,1343686,b598f1e42a1d73e0d5fff89e6b42b4c0
https://data.source.coop/smartmaps/japan-geotiff-dem/10/FG-GML-5739-05-dem10b-20161001.tif,1351313,0aaf0669ab7f5c0909584e4f579f90bb
https://data.source.coop/smartmaps/japan-geotiff-dem/10/FG-GML-5739-06-dem10b-20161001.tif,1315662,ce02a46a2738716691d95909ee2dc748
https://data.source.coop/smartmaps/japan-geotiff-dem/10/FG-GML-5739-07-dem10b-20161001.tif,1277753,67f2b3fbea1fb4c7bf555c456d0a525a
https://data.source.coop/smartmaps/japan-geotiff-dem/10/FG-GML-5739-12-dem10b-20161001.tif,41476,55b05df72a1073118f416cb1c870c41d
https://data.source.coop/smartmaps/japan-geotiff-dem/10/FG-GML-5739-13-dem10b-20161001.tif,784281,99ceb0f3f6372c177dae2d8bd89f83ba
https://data.source.coop/smartmaps/japan-geotiff-dem/10/FG-GML-5739-14-dem10b-20161001.tif,1286359,22578f107865906cb669e7bf7a7e82fc
https://data.source.coop/smartmaps/japan-geotiff-dem/10/FG-GML-5739-15-dem10b-20161001.tif,1361625,7fd841a997b916fc3a06658c14597297
https://data.source.coop/smartmaps/japan-geotiff-dem/10/FG-GML-5739-16-dem10b-20161001.tif,1355490,6f55bc18c784ea4f2f51f7a9a5b9ff57
https://data.source.coop/smartmaps/japan-geotiff-dem/10/FG-GML-5739-17-dem10b-20161001.tif,1346927,d767e2744fd507b044779b4349edc00a
https://data.source.coop/smartmaps/japan-geotiff-dem/10/FG-GML-5739-23-dem10b-20161001.tif,521363,c2094bdb5aea7ae0375c3e414b7b87ca
https://data.source.coop/smartmaps/japan-geotiff-dem/10/FG-GML-5739-24-dem10b-20161001.tif,1300972,00470f48c4f72ad8b80bef67c5ec46a1
https://data.source.coop/smartmaps/japan-geotiff-dem/10/FG-GML-5739-25-dem10b-20161001.tif,1363249,a040c77e1cea00129d10b18834f53884
https://data.source.coop/smartmaps/japan-geotiff-dem/10/FG-GML-5739-26-dem10b-20161001.tif,1374365,f13e17bd715de442d78c8b5e340e4d12
https://data.source.coop/smartmaps/japan-geotiff-dem/10/FG-GML-5739-27-dem10b-20161001.tif,1387067,1918981c7abff0b962b325b3255bab76
https://data.source.coop/smartmaps/japan-geotiff-dem/10/FG-GML-5739-33-dem10b-20161001.tif,627028,2316ff000b8289a1576570844ba60b91
https://data.source.coop/smartmaps/japan-geotiff-dem/10/FG-GML-5739-34-dem10b-20161001.tif,1181518,d86c4e7e832ea999ef2386061df5d6ca
https://data.source.coop/smartmaps/japan-geotiff-dem/10/FG-GML-5739-35-dem10b-20161001.tif,1377955,4e7bbfdb67a5b69e3d696fbc94bf9ad7
https://data.source.coop/smartmaps/japan-geotiff-dem/10/FG-GML-5739-36-dem10b-20161001.tif,1402712,e044a69879985e204baeaf4f8dca0a63
https://data.source.coop/smartmaps/japan-geotiff-dem/10/FG-GML-5739-37-dem10b-20161001.tif,1371318,a6b620e08ec7747b5ce6463277353c63
https://data.source.coop/smartmaps/japan-geotiff-dem/10/FG-GML-5739-43-dem10b-20161001.tif,545503,355e1cb76a246f8572dfffcbb6e9442a
https://data.source.coop/smartmaps/japan-geotiff-dem/10/FG-GML-5739-44-dem10b-20161001.tif,1373251,a9f404548b3eb3634e1d44054bab5387
https://data.source.coop/smartmaps/japan-geotiff-dem/10/FG-GML-5739-45-dem10b-20161001.tif,1374345,f5ea35b3c7915520d255e67ec9251b3d
https://data.source.coop/smartmaps/japan-geotiff-dem/10/FG-GML-5739-46-dem10b-20161001.tif,1388958,d8f10c2387a2e4e3fa1a33501b425839
https://data.source.coop/smartmaps/japan-geotiff-dem/10/FG-GML-5739-47-dem10b-20161001.tif,1363390,93e7a28d179d3a4f3e424b1196e548b7
https://data.source.coop/smartmaps/japan-geotiff-dem/10/FG-GML-5739-51-dem10b-20161001.tif,138423,355d57787966be2d72251d2c743127d1
https://data.source.coop/smartmaps/japan-geotiff-dem/10/FG-GML-5739-52-dem10b-20161001.tif,44861,24ce262b95d498f64be3c06ca92301cd
https://data.source.coop/smartmaps/japan-geotiff-dem/10/FG-GML-5739-53-dem10b-20161001.tif,130124,84558b89a114230b5ad4b2615d3c62a3
https://data.source.coop/smartmaps/japan-geotiff-dem/10/FG-GML-5739-54-dem10b-20161001.tif,1380066,59d8516dd7f5c6952b547f2fb8fd0c84
https://data.source.coop/smartmaps/japan-geotiff-dem/10/FG-GML-5739-55-dem10b-20161001.tif,1391215,d3ed80616612ccfb2c2cdc9120de9097
https://data.source.coop/smartmaps/japan-geotiff-dem/10/FG-GML-5739-56-dem10b-20161001.tif,1341630,31329111dc9af9187d90b56726151bd1
https://data.source.coop/smartmaps/japan-geotiff-dem/10/FG-GML-5739-57-dem10b-20161001.tif,1364017,4a958d2eb1e8338548c7a93e0b3b3a6d
https://data.source.coop/smartmaps/japan-geotiff-dem/10/FG-GML-5739-64-dem10b-20161001.tif,981251,cb624cf52931f4c584d4056021aa1dc2
https://data.source.coop/smartmaps/japan-geotiff-dem/10/FG-GML-5739-65-dem10b-20161001.tif,1401268,50b3cb2078a9c9e85bfe08a6f33c887c
https://data.source.coop/smartmaps/japan-geotiff-dem/10/FG-GML-5739-66-dem10b-20161001.tif,1357442,3a94db20e011fe2cb10702a302a29299
https://data.source.coop/smartmaps/japan-geotiff-dem/10/FG-GML-5739-67-dem10b-20161001.tif,1350032,526b3f9b2d03b9481609eb44e418787c
https://data.source.coop/smartmaps/japan-geotiff-dem/10/FG-GML-5739-74-dem10b-20161001.tif,509001,31942d6d7643b619ca3db9651ae12550
https://data.source.coop/smartmaps/japan-geotiff-dem/10/FG-GML-5739-75-dem10b-20161001.tif,1421884,903e8772a46f2cc7f901e144f195e156
https://data.source.coop/smartmaps/japan-geotiff-dem/10/FG-GML-5739-76-dem10b-20161001.tif,1278854,dc63740082ec1d1ae0b76428cb533e25
https://data.source.coop/smartmaps/japan-geotiff-dem/10/FG-GML-5739-77-dem10b-20161001.tif,1318118,e58542fb79380c9133260a72db42d155
https://data.source.coop/smartmaps/japan-geotiff-dem/10/FG-GML-5740-00-dem10b-20161001.tif,712909,171c314ee730b17eabee432880f05c2c
https://data.source.coop/smartmaps/japan-geotiff-dem/10/FG-GML-5740-01-dem10b-20161001.tif,902802,3d63bad02d1760c09cbd7ee406626160
https://data.source.coop/smartmaps/japan-geotiff-dem/10/FG-GML-5740-02-dem10b-20161001.tif,1356788,ecd20d9155c933990273c2ef9a4fb104
https://data.source.coop/smartmaps/japan-geotiff-dem/10/FG-GML-5740-03-dem10b-20161001.tif,1355283,8585dcab96044d77801feef29aa73887
https://data.source.coop/smartmaps/japan-geotiff-dem/10/FG-GML-5740-04-dem10b-20161001.tif,1262333,4980fc6d95bc0183e47df7c0ffa61333
https://data.source.coop/smartmaps/japan-geotiff-dem/10/FG-GML-5740-05-dem10b-20161001.tif,1119346,8f526fd4f030705fbeae1db3d2af614b
https://data.source.coop/smartmaps/japan-geotiff-dem/10/FG-GML-5740-06-dem10b-20161001.tif,911346,8ae2fb8ebdb30dae5fc5f58e8f089b21
https://data.source.coop/smartmaps/japan-geotiff-dem/10/FG-GML-5740-07-dem10b-20161001.tif,105439,7cff186768eec3afb07c0c55fba22ee1
https://data.source.coop/smartmaps/japan-geotiff-dem/10/FG-GML-5740-10-dem10b-20161001.tif,1043829,a7fc33290b9452a529376c6eb6ff241d
https://data.source.coop/smartmaps/japan-geotiff-dem/10/FG-GML-5740-11-dem10b-20161001.tif,1336393,dff05c13d04e69737699e0cd6df87c3c
https://data.source.coop/smartmaps/japan-geotiff-dem/10/FG-GML-5740-12-dem10b-20161001.tif,1184719,7f1be411d37cfab443ccb55689c72264
https://data.source.coop/smartmaps/japan-geotiff-dem/10/FG-GML-5740-13-dem10a-20161001.tif,746320,516eb180ce4c0327d1334f0889bf997f
https://data.source.coop/smartmaps/japan-geotiff-dem/10/FG-GML-5740-13-dem10b-20161001.tif,1351772,3dbf26c73217516208f7475e3c4f6287
https://data.source.coop/smartmaps/japan-geotiff-dem/10/FG-GML-5740-14-dem10a-20161001.tif,107145,45b77f30f7b83b47adf3f3c11ef3deb5
https://data.source.coop/smartmaps/japan-geotiff-dem/10/FG-GML-5740-14-dem10b-20161001.tif,1282085,d925e624bd4413f72ffbf56601e5791c
https://data.source.coop/smartmaps/japan-geotiff-dem/10/FG-GML-5740-15-dem10b-20161001.tif,1200470,7b15d7d9fb800a37dd5b71343cdebffb
https://data.source.coop/smartmaps/japan-geotiff-dem/10/FG-GML-5740-16-dem10b-20161001.tif,1128576,9e9564739d37cb7f752d61e6c185c709
https://data.source.coop/smartmaps/japan-geotiff-dem/10/FG-GML-5740-17-dem10b-20161001.tif,214732,d8fa6017c70ecae90aa11edeb325d316
https://data.source.coop/smartmaps/japan-geotiff-dem/10/FG-GML-5740-20-dem10b-20161001.tif,1237479,2ff5ed025e920fa17469147e3e961f88
https://data.source.coop/smartmaps/japan-geotiff-dem/10/FG-GML-5740-21-dem10b-20161001.tif,1345126,24c9a0950c960bbe8496545d1d25520d
https://data.source.coop/smartmaps/japan-geotiff-dem/10/FG-GML-5740-22-dem10b-20161001.tif,1071438,cf658b00d9c8880f4066c12017f914f6
https://data.source.coop/smartmaps/japan-geotiff-dem/10/FG-GML-5740-23-dem10b-20161001.tif,1370784,dc667fee84217393e26bd74d1319cb28
https://data.source.coop/smartmaps/japan-geotiff-dem/10/FG-GML-5740-24-dem10b-20161001.tif,1323695,1156acc56bce1ed0548b0dd0e9a53f98
https://data.source.coop/smartmaps/japan-geotiff-dem/10/FG-GML-5740-25-dem10b-20161001.tif,1221508,8a2cfcd5af39c4c148456f7ff63e9b2b
https://data.source.coop/smartmaps/japan-geotiff-dem/10/FG-GML-5740-26-dem10b-20161001.tif,1176285,a673dc3c329d8cc4743831e92ab36518
https://data.source.coop/smartmaps/japan-geotiff-dem/10/FG-GML-5740-27-dem10b-20161001.tif,356778,a975055a1787ed2107670b02150fe6fc
https://data.source.coop/smartmaps/japan-geotiff-dem/10/FG-GML-5740-30-dem10b-20161001.tif,1350882,934a23963b9f6998b40a3dd618d348d3
https://data.source.coop/smartmaps/japan-geotiff-dem/10/FG-GML-5740-31-dem10b-20161001.tif,1300724,41b64a995db84873efdaa3ca9ac20dc4
https://data.source.coop/smartmaps/japan-geotiff-dem/10/FG-GML-5740-32-dem10b-20161001.tif,643436,5feb5b8253524c31e0c9e5abf9fa2b33
https://data.source.coop/smartmaps/japan-geotiff-dem/10/FG-GML-5740-33-dem10b-20161001.tif,1310695,b619035741fd15b607d12d9fdc9f3650
https://data.source.coop/smartmaps/japan-geotiff-dem/10/FG-GML-5740-34-dem10b-20161001.tif,1358213,3fdad54d6f915fef73564f62a8047d82
https://data.source.coop/smartmaps/japan-geotiff-dem/10/FG-GML-5740-35-dem10b-20161001.tif,1243400,225ccd2028948b612dc3bf701982440a
https://data.source.coop/smartmaps/japan-geotiff-dem/10/FG-GML-5740-36-dem10b-20161001.tif,1093302,d2ea73b3ef49887cbb9e41e4c33c196d
https://data.source.coop/smartmaps/japan-geotiff-dem/10/FG-GML-5740-37-dem10b-20161001.tif,752208,dc30d7036b7a439310b406f890a71bb7
https://data.source.coop/smartmaps/japan-geotiff-dem/10/FG-GML-5740-40-dem10b-20161001.tif,1324378,120179a8627fb7248311b3bdd13c56e5
https://data.source.coop/smartmaps/japan-geotiff-dem/10/FG-GML-5740-41-dem10b-20161001.tif,1179208,beccfcf09ad33342065856e17352a95a
https://data.source.coop/smartmaps/japan-geotiff-dem/10/FG-GML-5740-42-dem10b-20161001.tif,547395,8b93bc76e01f393a6b4bea4e064595ed
https://data.source.coop/smartmaps/japan-geotiff-dem/10/FG-GML-5740-43-dem10b-20161001.tif,1147918,134c6c005da6e2db94ff22dbf4d3a368
https://data.source.coop/smartmaps/japan-geotiff-dem/10/FG-GML-5740-44-dem10b-20161001.tif,1367942,656242e2e30f0d1b924fe297cd6cbecc
https://data.source.coop/smartmaps/japan-geotiff-dem/10/FG-GML-5740-45-dem10b-20161001.tif,1313458,f7e197305e05dbd4ff2b7a2cf48565db
https://data.source.coop/smartmaps/japan-geotiff-dem/10/FG-GML-5740-46-dem10b-20161001.tif,1220909,3c800ed09d95294d05e0fdce6105d640
https://data.source.coop/smartmaps/japan-geotiff-dem/10/FG-GML-5740-47-dem10b-20161001.tif,1235678,ba2ebf7a4b67655f55ad7817ce61e59c
https://data.source.coop/smartmaps/japan-geotiff-dem/10/FG-GML-5740-50-dem10b-20161001.tif,1301579,cfd0596e9571957925c323e9e9423b50
https://data.source.coop/smartmaps/japan-geotiff-dem/10/FG-GML-5740-51-dem10b-20161001.tif,1338917,72276d0326e34973f9a3acee8976563b
https://data.source.coop/smartmaps/japan-geotiff-dem/10/FG-GML-5740-52-dem10b-20161001.tif,927720,e6696f0feb51fa03f829a3ea28527fac
https://data.source.coop/smartmaps/japan-geotiff-dem/10/FG-GML-5740-53-dem10b-20161001.tif,1183570,09f705bc569b58eb0a84ab5d96e00d53
https://data.source.coop/smartmaps/japan-geotiff-dem/10/FG-GML-5740-54-dem10b-20161001.tif,1355089,5c1bc76de09337ab362c22891fe9683c
https://data.source.coop/smartmaps/japan-geotiff-dem/10/FG-GML-5740-55-dem10b-20161001.tif,1325283,02260e5915b88fadaa9dbac6390174b7
https://data.source.coop/smartmaps/japan-geotiff-dem/10/FG-GML-5740-56-dem10b-20161001.tif,1217848,fac8f27b90a1cdfdfd26198123f81faa
https://data.source.coop/smartmaps/japan-geotiff-dem/10/FG-GML-5740-57-dem10b-20161001.tif,1078120,ae72898c69e4f1b7526dafeea3f9d97c
https://data.source.coop/smartmaps/japan-geotiff-dem/10/FG-GML-5740-60-dem10b-20161001.tif,1355601,8693c45f000635a7e0f4f748a7798012
https://data.source.coop/smartmaps/japan-geotiff-dem/10/FG-GML-5740-61-dem10b-20161001.tif,1356201,ad01731115d8e83ec7690da27b8c8cc3
https://data.source.coop/smartmaps/japan-geotiff-dem/10/FG-GML-5740-62-dem10b-20161001.tif,1216756,03c5f4eafadbb71f5dfb1fbb1e6549f6
https://data.source.coop/smartmaps/japan-geotiff-dem/10/FG-GML-5740-63-dem10b-20161001.tif,1202946,30f85a5a3f8376b3c3e0a79d0d426c18
https://data.source.coop/smartmaps/japan-geotiff-dem/10/FG-GML-5740-64-dem10b-20161001.tif,1322397,b3c49c8c7eced27f689e8fc702192df7
https://data.source.coop/smartmaps/japan-geotiff-dem/10/FG-GML-5740-65-dem10b-20161001.tif,1226463,50ef81969efe09d2d90267cc37554180
https://data.source.coop/smartmaps/japan-geotiff-dem/10/FG-GML-5740-66-dem10b-20161001.tif,882341,e7a6d77e94c526b6b0c7e84419bfa51a
https://data.source.coop/smartmaps/japan-geotiff-dem/10/FG-GML-5740-67-dem10b-20161001.tif,608920,7a20531957882d6255b3d3a861e55764
https://data.source.coop/smartmaps/japan-geotiff-dem/10/FG-GML-5740-70-dem10b-20161001.tif,1350462,ea7c993c9e348f4ef4b70ca49982038a
https://data.source.coop/smartmaps/japan-geotiff-dem/10/FG-GML-5740-71-dem10b-20161001.tif,1330259,029f01f1d4b4e63cc39cd54e235daed4
https://data.source.coop/smartmaps/japan-geotiff-dem/10/FG-GML-5740-72-dem10b-20161001.tif,1195215,aec8a6764e413f818c26b2b02f635a5e
https://data.source.coop/smartmaps/japan-geotiff-dem/10/FG-GML-5740-73-dem10b-20161001.tif,1016644,772acddba00d8628aee649fdd0461771
https://data.source.coop/smartmaps/japan-geotiff-dem/10/FG-GML-5740-74-dem10b-20161001.tif,1332969,0c936264fde60007985fba10c5db6898
https://data.source.coop/smartmaps/japan-geotiff-dem/10/FG-GML-5740-75-dem10b-20161001.tif,1228309,cd32dc02ff5cebc6f1e2586d0efd8817
https://data.source.coop/smartmaps/japan-geotiff-dem/10/FG-GML-5740-76-dem10b-20161001.tif,1078024,ad5ffacbac830182f93357bbf1e73175
https://data.source.coop/smartmaps/japan-geotiff-dem/10/FG-GML-5740-77-dem10b-20161001.tif,783268,d7332b0987d0db312e32803284b37c0e
https://data.source.coop/smartmaps/japan-geotiff-dem/10/FG-GML-5741-20-dem10b-20161001.tif,8623,cb52ec3efc5a2f46fca855800a17d6cb
https://data.source.coop/smartmaps/japan-geotiff-dem/10/FG-GML-5741-23-dem10b-20161001.tif,6128,e0941007e802e245376456cc44facd57
https://data.source.coop/smartmaps/japan-geotiff-dem/10/FG-GML-5741-24-dem10b-20161001.tif,2149,53a58b9c0e89ebb97280a2f1bdead195
https://data.source.coop/smartmaps/japan-geotiff-dem/10/FG-GML-5741-30-dem10b-20161001.tif,465057,f3e4d8afe7205ec878d08baf23cc4b9b
https://data.source.coop/smartmaps/japan-geotiff-dem/10/FG-GML-5741-31-dem10b-20161001.tif,62610,ba118aa3febb5bd6a8c7662cc3f4cbb2
https://data.source.coop/smartmaps/japan-geotiff-dem/10/FG-GML-5741-33-dem10b-20161001.tif,330815,31092e3011c348210df4e5ff855cd664
https://data.source.coop/smartmaps/japan-geotiff-dem/10/FG-GML-5741-34-dem10b-20161001.tif,395229,16e62732802778d45eb44e5bf7761af4
https://data.source.coop/smartmaps/japan-geotiff-dem/10/FG-GML-5741-40-dem10b-20161001.tif,1036668,dbebf1d2ab2d952f1677e92dc85422a5
https://data.source.coop/smartmaps/japan-geotiff-dem/10/FG-GML-5741-41-dem10b-20161001.tif,488334,973b45cd43941413b03fd33a2402267c
https://data.source.coop/smartmaps/japan-geotiff-dem/10/FG-GML-5741-42-dem10b-20161001.tif,75985,406c521a7911e1ff82d9bff13d3956a8
https://data.source.coop/smartmaps/japan-geotiff-dem/10/FG-GML-5741-43-dem10b-20161001.tif,905890,654a49de2029939c2b9bad2aa91d3ef2
https://data.source.coop/smartmaps/japan-geotiff-dem/10/FG-GML-5741-44-dem10b-20161001.tif,249447,7fab0481d71f1f23c1f0fb45a9e915b4
https://data.source.coop/smartmaps/japan-geotiff-dem/10/FG-GML-5741-50-dem10b-20161001.tif,1014383,4e67e956d594cee71ee0678075769dd8
https://data.source.coop/smartmaps/japan-geotiff-dem/10/FG-GML-5741-51-dem10b-20161001.tif,744875,8e359910e67b2c9f46e0faca718f5555
https://data.source.coop/smartmaps/japan-geotiff-dem/10/FG-GML-5741-52-dem10b-20161001.tif,807274,01fb3224466d63b4523ebac854975dbe
https://data.source.coop/smartmaps/japan-geotiff-dem/10/FG-GML-5741-53-dem10b-20161001.tif,1187192,cf0cfbc7a8990990b7c5e7afb88b1d54
https://data.source.coop/smartmaps/japan-geotiff-dem/10/FG-GML-5741-54-dem10b-20161001.tif,107332,aede1b1a8b813c06b07fa71b0e1a727a
https://data.source.coop/smartmaps/japan-geotiff-dem/10/FG-GML-5741-60-dem10b-20161001.tif,585299,749b94309c15536fffdf9f6a810d5cdc
https://data.source.coop/smartmaps/japan-geotiff-dem/10/FG-GML-5741-61-dem10b-20161001.tif,773906,77fa3229a5e746c4331bbb4a0513192d
https://data.source.coop/smartmaps/japan-geotiff-dem/10/FG-GML-5741-62-dem10b-20161001.tif,1098958,6ae361258075c0a2a9376ca44b982183
https://data.source.coop/smartmaps/japan-geotiff-dem/10/FG-GML-5741-63-dem10b-20161001.tif,1125575,97c2918ba0414dadfd6e5748500de569
https://data.source.coop/smartmaps/japan-geotiff-dem/10/FG-GML-5741-64-dem10b-20161001.tif,228451,1ece2a2609da1a37ae2ebe57c2099d50
https://data.source.coop/smartmaps/japan-geotiff-dem/10/FG-GML-5741-70-dem10b-20161001.tif,883276,a7e676bd3c0952b0e76b4f4a20539e67
https://data.source.coop/smartmaps/japan-geotiff-dem/10/FG-GML-5741-71-dem10b-20161001.tif,647095,1cf82f0638a91ee5de400f790ab313e0
https://data.source.coop/smartmaps/japan-geotiff-dem/10/FG-GML-5741-72-dem10b-20161001.tif,1269509,7ca518f9cfe4f4b0e0f0fc17be55068f
https://data.source.coop/smartmaps/japan-geotiff-dem/10/FG-GML-5741-73-dem10b-20161001.tif,1262333,0948caea753bfaf5e5ac90aec9e494ac
https://data.source.coop/smartmaps/japan-geotiff-dem/10/FG-GML-5741-74-dem10b-20161001.tif,154878,6e40a0ff5c955e65ce4ad5a62602f0e0
https://data.source.coop/smartmaps/japan-geotiff-dem/10/FG-GML-5839-04-dem10b-20161001.tif,27405,9fa45f128ab1b8775e5e0feae5c34a63
https://data.source.coop/smartmaps/japan-geotiff-dem/10/FG-GML-5839-05-dem10b-20161001.tif,923787,0c4408b790edb832092576028c577ffd
https://data.source.coop/smartmaps/japan-geotiff-dem/10/FG-GML-5839-06-dem10b-20161001.tif,707312,79e9360006838a477413c3c068b19b6b
https://data.source.coop/smartmaps/japan-geotiff-dem/10/FG-GML-5839-07-dem10b-20161001.tif,1054687,1a9482e9f227a91612c7597b137f9f9b
https://data.source.coop/smartmaps/japan-geotiff-dem/10/FG-GML-5839-15-dem10b-20161001.tif,99593,cbab33ad32de40c43211d86f1941c7a6
https://data.source.coop/smartmaps/japan-geotiff-dem/10/FG-GML-5839-16-dem10b-20161001.tif,514988,a7561643ea83219b500bf23c5c35656f
https://data.source.coop/smartmaps/japan-geotiff-dem/10/FG-GML-5839-17-dem10b-20161001.tif,571663,7bf5541e3871341b3cf9a4f36dccbddc
https://data.source.coop/smartmaps/japan-geotiff-dem/10/FG-GML-5839-26-dem10b-20161001.tif,397748,1c0565127c045ac7c9f4595862caec66
https://data.source.coop/smartmaps/japan-geotiff-dem/10/FG-GML-5839-27-dem10b-20161001.tif,741849,d6c7213bba7653e0c480da28a81223e6
https://data.source.coop/smartmaps/japan-geotiff-dem/10/FG-GML-5839-36-dem10b-20161001.tif,306875,f17bd9ca76db62cfdd148efc641f331a
https://data.source.coop/smartmaps/japan-geotiff-dem/10/FG-GML-5839-37-dem10b-20161001.tif,880479,0e79a9b6fd8107ae796dbf388f8708c9
https://data.source.coop/smartmaps/japan-geotiff-dem/10/FG-GML-5839-46-dem10b-20161001.tif,147148,f10688eac087c8fa72437e0b2159adcf
https://data.source.coop/smartmaps/japan-geotiff-dem/10/FG-GML-5839-47-dem10a-20161001.tif,8867,767cae0b1832326196bdd4af5a62b842
https://data.source.coop/smartmaps/japan-geotiff-dem/10/FG-GML-5839-47-dem10b-20161001.tif,1003168,b9565a2132445b3636ea7289c4fc8931
https://data.source.coop/smartmaps/japan-geotiff-dem/10/FG-GML-5839-56-dem10b-20161001.tif,15826,42f39b2b8af39c3b7096b334d9a61685
https://data.source.coop/smartmaps/japan-geotiff-dem/10/FG-GML-5839-57-dem10a-20161001.tif,160695,7313a2212a524d6aa8e87bcaa31aa5ca
https://data.source.coop/smartmaps/japan-geotiff-dem/10/FG-GML-5839-57-dem10b-20161001.tif,1180737,5a5397039df5c9d6110a22d7f1b3a878
https://data.source.coop/smartmaps/japan-geotiff-dem/10/FG-GML-5839-64-dem10b-20161001.tif,58839,fa89c1d3891afae576d35863154972d5
https://data.source.coop/smartmaps/japan-geotiff-dem/10/FG-GML-5839-67-dem10b-20161001.tif,928075,2c2599d9f796e052540de1812091e192
https://data.source.coop/smartmaps/japan-geotiff-dem/10/FG-GML-5839-77-dem10b-20161001.tif,547834,624099703a11f6d564c184cad1875980
https://data.source.coop/smartmaps/japan-geotiff-dem/10/FG-GML-5840-00-dem10b-20161001.tif,1364440,f5680c846694fedaf99e1411a829768f
https://data.source.coop/smartmaps/japan-geotiff-dem/10/FG-GML-5840-01-dem10b-20161001.tif,1211290,89916a3dd3d413c5db878285687827b2
https://data.source.coop/smartmaps/japan-geotiff-dem/10/FG-GML-5840-02-dem10b-20161001.tif,1132198,3dcd03e619a2d06de625653a1ca71e76
https://data.source.coop/smartmaps/japan-geotiff-dem/10/FG-GML-5840-03-dem10b-20161001.tif,1358394,383852ac23fe72c3b9c02ae7d6119ab8
https://data.source.coop/smartmaps/japan-geotiff-dem/10/FG-GML-5840-04-dem10b-20161001.tif,1298543,f4ca45762a29bacaf7d55f1889c8774a
https://data.source.coop/smartmaps/japan-geotiff-dem/10/FG-GML-5840-05-dem10b-20161001.tif,1321808,a8092ecf0e6f73fe5cd207f94310c978
https://data.source.coop/smartmaps/japan-geotiff-dem/10/FG-GML-5840-06-dem10b-20161001.tif,1242853,938b960e19c7f7f48d5cb864beb69038
https://data.source.coop/smartmaps/japan-geotiff-dem/10/FG-GML-5840-07-dem10b-20161001.tif,1084593,ccc9408e6be433838b42ab6995adacb4
https://data.source.coop/smartmaps/japan-geotiff-dem/10/FG-GML-5840-10-dem10b-20161001.tif,1365728,223b1a62fab5e9c4d35452dd7758eae4
https://data.source.coop/smartmaps/japan-geotiff-dem/10/FG-GML-5840-11-dem10b-20161001.tif,1212031,8292c3d10aa6d42c75ee647e9422a705
https://data.source.coop/smartmaps/japan-geotiff-dem/10/FG-GML-5840-12-dem10b-20161001.tif,1000185,63dc719cf27ece48c28bcc55d082141d
https://data.source.coop/smartmaps/japan-geotiff-dem/10/FG-GML-5840-13-dem10b-20161001.tif,1296894,672600eca0825547e79f9b02eee04d85
https://data.source.coop/smartmaps/japan-geotiff-dem/10/FG-GML-5840-14-dem10b-20161001.tif,1280957,e84c4a8cf8ffe705c1517f5def2ae2f0
https://data.source.coop/smartmaps/japan-geotiff-dem/10/FG-GML-5840-15-dem10b-20161001.tif,1316525,a1a2c659f2a57c9d66b9b99301a889f2
https://data.source.coop/smartmaps/japan-geotiff-dem/10/FG-GML-5840-16-dem10b-20161001.tif,1300773,3038e3d94aa1937adcc08055e76513c1
https://data.source.coop/smartmaps/japan-geotiff-dem/10/FG-GML-5840-17-dem10b-20161001.tif,1118633,d0d55169be38c24a75166f17e24e4d94
https://data.source.coop/smartmaps/japan-geotiff-dem/10/FG-GML-5840-20-dem10b-20161001.tif,1388388,fab2a00309abdab28f17d6c7378d4e33
https://data.source.coop/smartmaps/japan-geotiff-dem/10/FG-GML-5840-21-dem10b-20161001.tif,1295692,64e9fd194e6f05df4d874657d1be0610
https://data.source.coop/smartmaps/japan-geotiff-dem/10/FG-GML-5840-22-dem10b-20161001.tif,1096545,0800aeb773f9a36d52d7adb8c6940f2c
https://data.source.coop/smartmaps/japan-geotiff-dem/10/FG-GML-5840-23-dem10b-20161001.tif,1363104,be7eba2ac78f1d903328906042d36488
https://data.source.coop/smartmaps/japan-geotiff-dem/10/FG-GML-5840-24-dem10b-20161001.tif,1361107,bf1995027613b5acad8c9093d7a4ae8d
https://data.source.coop/smartmaps/japan-geotiff-dem/10/FG-GML-5840-25-dem10b-20161001.tif,1338642,2225eab79c2c199cb03a10d9bdb55081
https://data.source.coop/smartmaps/japan-geotiff-dem/10/FG-GML-5840-26-dem10b-20161001.tif,1339734,2a9378aba8575f8223d3f939439c79a8
https://data.source.coop/smartmaps/japan-geotiff-dem/10/FG-GML-5840-27-dem10b-20161001.tif,1273770,bbef5454e2a480bc2eec97cc07202d41
https://data.source.coop/smartmaps/japan-geotiff-dem/10/FG-GML-5840-30-dem10b-20161001.tif,1367244,d58c67a7294130342907f66b0da7ce6c
https://data.source.coop/smartmaps/japan-geotiff-dem/10/FG-GML-5840-31-dem10b-20161001.tif,1359256,04dbad9e1f391a901877987e9f7105c2
https://data.source.coop/smartmaps/japan-geotiff-dem/10/FG-GML-5840-32-dem10b-20161001.tif,1344630,a5fe65288d705128ec35bc14a14d87a2
https://data.source.coop/smartmaps/japan-geotiff-dem/10/FG-GML-5840-33-dem10b-20161001.tif,1359845,847feb06a37233b0fa1b9893351ce922
https://data.source.coop/smartmaps/japan-geotiff-dem/10/FG-GML-5840-34-dem10b-20161001.tif,1359184,33591ffe37eb61e04323ef1df4ee1b72
https://data.source.coop/smartmaps/japan-geotiff-dem/10/FG-GML-5840-35-dem10b-20161001.tif,1350743,f6719e6c3d17f07c5160edc3dbaf257c
https://data.source.coop/smartmaps/japan-geotiff-dem/10/FG-GML-5840-36-dem10b-20161001.tif,1308089,4dc91917916064594a65284bf96b1a71
https://data.source.coop/smartmaps/japan-geotiff-dem/10/FG-GML-5840-37-dem10b-20161001.tif,1258213,19019f63c347b0479241fcb5d7c94c58
https://data.source.coop/smartmaps/japan-geotiff-dem/10/FG-GML-5840-40-dem10a-20161001.tif,28045,2a04fcc49bc30896df591fe643282ea6
https://data.source.coop/smartmaps/japan-geotiff-dem/10/FG-GML-5840-40-dem10b-20161001.tif,1339779,10656987ff3d4c68b45a774bfe11d3d3
https://data.source.coop/smartmaps/japan-geotiff-dem/10/FG-GML-5840-41-dem10b-20161001.tif,1380612,90bb597f5d29c33c5fe4332d7a2d8ec9
https://data.source.coop/smartmaps/japan-geotiff-dem/10/FG-GML-5840-42-dem10b-20161001.tif,1378509,61e20d11697fa6ca4fa7b3f45f1df960
https://data.source.coop/smartmaps/japan-geotiff-dem/10/FG-GML-5840-43-dem10b-20161001.tif,1268585,4152650cd1ce721167789ecb93dde9cc
https://data.source.coop/smartmaps/japan-geotiff-dem/10/FG-GML-5840-44-dem10b-20161001.tif,1335490,97d821c58e7a307ee1d39fbcd3f3b336
https://data.source.coop/smartmaps/japan-geotiff-dem/10/FG-GML-5840-45-dem10b-20161001.tif,1331830,a2c24ca96f6175e60b6d608acc634b50
https://data.source.coop/smartmaps/japan-geotiff-dem/10/FG-GML-5840-46-dem10b-20161001.tif,1345811,4e185e461cb2f527f6e58bce14191a64
https://data.source.coop/smartmaps/japan-geotiff-dem/10/FG-GML-5840-47-dem10b-20161001.tif,1331801,b923ae9c84b4d47e9ea089a4893a5c8a
https://data.source.coop/smartmaps/japan-geotiff-dem/10/FG-GML-5840-50-dem10a-20161001.tif,669507,403daff4cd14dcb7ce0d09cbd0f3bd67
https://data.source.coop/smartmaps/japan-geotiff-dem/10/FG-GML-5840-50-dem10b-20161001.tif,1328727,1e17841a1c0f3efdc5d11f1a5a743e29
https://data.source.coop/smartmaps/japan-geotiff-dem/10/FG-GML-5840-51-dem10b-20161001.tif,1328908,0956e34877a61b6c3751793c9f74bd40
https://data.source.coop/smartmaps/japan-geotiff-dem/10/FG-GML-5840-52-dem10b-20161001.tif,1335237,9978474630ce326569a33b3a09bad9aa
https://data.source.coop/smartmaps/japan-geotiff-dem/10/FG-GML-5840-53-dem10b-20161001.tif,1195358,550b08fcbd53ddf4c1498d3fbbe902e4
https://data.source.coop/smartmaps/japan-geotiff-dem/10/FG-GML-5840-54-dem10b-20161001.tif,1268749,b19bbdb9bba94dadfeecd490bf5d7b35
https://data.source.coop/smartmaps/japan-geotiff-dem/10/FG-GML-5840-55-dem10b-20161001.tif,1352559,060a2abf86844fe19c25d3611900d630
https://data.source.coop/smartmaps/japan-geotiff-dem/10/FG-GML-5840-56-dem10b-20161001.tif,1355348,63b2a7e5f84c00d167414e58a835e4b5
https://data.source.coop/smartmaps/japan-geotiff-dem/10/FG-GML-5840-57-dem10b-20161001.tif,1246822,76c031b807d3e306d68e7bd519d0f722
https://data.source.coop/smartmaps/japan-geotiff-dem/10/FG-GML-5840-60-dem10b-20161001.tif,1219790,dc17fe5dc7dbd2e62f80f82dfc44630e
https://data.source.coop/smartmaps/japan-geotiff-dem/10/FG-GML-5840-61-dem10b-20161001.tif,1228249,8b735be5a7d9bfb327b4d9c0aad85b7c
https://data.source.coop/smartmaps/japan-geotiff-dem/10/FG-GML-5840-62-dem10b-20161001.tif,1286951,62128c59663ba6545658a919531e8465
https://data.source.coop/smartmaps/japan-geotiff-dem/10/FG-GML-5840-63-dem10b-20161001.tif,644692,e9aef19ce793b604380614060af58886
https://data.source.coop/smartmaps/japan-geotiff-dem/10/FG-GML-5840-64-dem10b-20161001.tif,1026526,41f3a6a4e8c2cfd1cbf9b5a92b58ac9a
https://data.source.coop/smartmaps/japan-geotiff-dem/10/FG-GML-5840-65-dem10b-20161001.tif,1333451,b36319d5397f95b3ac54b9186183c980
https://data.source.coop/smartmaps/japan-geotiff-dem/10/FG-GML-5840-66-dem10b-20161001.tif,1369167,8f2e973d7a2ffaaed6e4c90d27ab925e
https://data.source.coop/smartmaps/japan-geotiff-dem/10/FG-GML-5840-67-dem10b-20161001.tif,1291218,1ed15d30a93c5f61de7ee06ac0a8cac4
https://data.source.coop/smartmaps/japan-geotiff-dem/10/FG-GML-5840-70-dem10b-20161001.tif,1183329,ca0c2ccad1eccf337b10ba8e0ed103f1
https://data.source.coop/smartmaps/japan-geotiff-dem/10/FG-GML-5840-71-dem10b-20161001.tif,1356055,a37496a287c1911d3c4eedd70c2e65d6
https://data.source.coop/smartmaps/japan-geotiff-dem/10/FG-GML-5840-72-dem10b-20161001.tif,1333110,04ffd35d68d7a84860b7391bdf900daf
https://data.source.coop/smartmaps/japan-geotiff-dem/10/FG-GML-5840-73-dem10b-20161001.tif,652703,7e21b5c5e81fbd43f85e1d3b90535488
https://data.source.coop/smartmaps/japan-geotiff-dem/10/FG-GML-5840-74-dem10b-20161001.tif,978904,0d02b400f44ab9bcb522be4c1ca8e8af
https://data.source.coop/smartmaps/japan-geotiff-dem/10/FG-GML-5840-75-dem10b-20161001.tif,1312887,552cc2bbdf73f0dba478e9a092c9b946
https://data.source.coop/smartmaps/japan-geotiff-dem/10/FG-GML-5840-76-dem10b-20161001.tif,1321869,23d90ec0df79d66194e7c45e03c5f7ea
https://data.source.coop/smartmaps/japan-geotiff-dem/10/FG-GML-5840-77-dem10b-20161001.tif,1230728,1a403cea02b9c1a25fc12d2ef2c60dff
https://data.source.coop/smartmaps/japan-geotiff-dem/10/FG-GML-5841-00-dem10b-20161001.tif,1046019,895d8dee83de22327eb01f3427f86c50
https://data.source.coop/smartmaps/japan-geotiff-dem/10/FG-GML-5841-01-dem10b-20161001.tif,510351,4e13ca9f6f0bf70e11afe4f862c70315
https://data.source.coop/smartmaps/japan-geotiff-dem/10/FG-GML-5841-02-dem10b-20161001.tif,1176911,de3b3e4ff540b22a385517f7e6a0158d
https://data.source.coop/smartmaps/japan-geotiff-dem/10/FG-GML-5841-03-dem10b-20161001.tif,1309972,bdea53cadc98d85e2b10854f905a7b15
https://data.source.coop/smartmaps/japan-geotiff-dem/10/FG-GML-5841-04-dem10b-20161001.tif,403398,dce6b95e307f9359d13e7773b118a09a
https://data.source.coop/smartmaps/japan-geotiff-dem/10/FG-GML-5841-10-dem10b-20161001.tif,869957,a3854b7421fe07adf39fb039c0da89c6
https://data.source.coop/smartmaps/japan-geotiff-dem/10/FG-GML-5841-11-dem10b-20161001.tif,990997,290f7a3440b62766b82d03d5f946b96a
https://data.source.coop/smartmaps/japan-geotiff-dem/10/FG-GML-5841-12-dem10b-20161001.tif,1329352,a3bf5577970e871fc909863f6da22828
https://data.source.coop/smartmaps/japan-geotiff-dem/10/FG-GML-5841-13-dem10b-20161001.tif,1350024,df56387b376129c46339c692179d4463
https://data.source.coop/smartmaps/japan-geotiff-dem/10/FG-GML-5841-14-dem10b-20161001.tif,489128,1d64e4019e2c3ea26b0613cdc9e610ad
https://data.source.coop/smartmaps/japan-geotiff-dem/10/FG-GML-5841-15-dem10b-20161001.tif,3357,ef3744f31dafa1903957817faccb5ede
https://data.source.coop/smartmaps/japan-geotiff-dem/10/FG-GML-5841-20-dem10b-20161001.tif,1211677,82eb1a73ad9fda0eab87c858117576a2
https://data.source.coop/smartmaps/japan-geotiff-dem/10/FG-GML-5841-21-dem10b-20161001.tif,1126378,66ff1c466c71ea00646397b77384ee0f
https://data.source.coop/smartmaps/japan-geotiff-dem/10/FG-GML-5841-22-dem10b-20161001.tif,1221433,1d4e71c451d6b12b7384595c7b0c0d79
https://data.source.coop/smartmaps/japan-geotiff-dem/10/FG-GML-5841-23-dem10b-20161001.tif,1253290,331fef0aec7dc731b286c5f8b9272777
https://data.source.coop/smartmaps/japan-geotiff-dem/10/FG-GML-5841-24-dem10b-20161001.tif,1137051,f6d6c112fa5f4ce821a0dfd21d492ff8
https://data.source.coop/smartmaps/japan-geotiff-dem/10/FG-GML-5841-25-dem10b-20161001.tif,263579,bb3bce6c485cb4e5154822bc3eb1b93c
https://data.source.coop/smartmaps/japan-geotiff-dem/10/FG-GML-5841-30-dem10b-20161001.tif,1156187,2502c15ba69929d20a19f415b53580bd
https://data.source.coop/smartmaps/japan-geotiff-dem/10/FG-GML-5841-31-dem10b-20161001.tif,1111549,485ec625ca0f5d9fa1016759bf5c1ec9
https://data.source.coop/smartmaps/japan-geotiff-dem/10/FG-GML-5841-32-dem10b-20161001.tif,1273855,5c82624f12d02ab3af2fb180f76c14e3
https://data.source.coop/smartmaps/japan-geotiff-dem/10/FG-GML-5841-33-dem10b-20161001.tif,1239387,60367171cb8e99e59a7663a0a325d567
https://data.source.coop/smartmaps/japan-geotiff-dem/10/FG-GML-5841-34-dem10b-20161001.tif,1372912,46436da8f86d142696c17c8be554b190
https://data.source.coop/smartmaps/japan-geotiff-dem/10/FG-GML-5841-35-dem10b-20161001.tif,483298,15e18a5c676e078c4fa0e54440c8fb3d
https://data.source.coop/smartmaps/japan-geotiff-dem/10/FG-GML-5841-40-dem10b-20161001.tif,1135557,8bc6242e80addc54cf2689a930474273
https://data.source.coop/smartmaps/japan-geotiff-dem/10/FG-GML-5841-41-dem10b-20161001.tif,1105268,073099147fb5f64ecf7b4d0a983316d6
https://data.source.coop/smartmaps/japan-geotiff-dem/10/FG-GML-5841-42-dem10b-20161001.tif,1281829,c964ce10c3cc1a36c976fd9973f1dfc0
https://data.source.coop/smartmaps/japan-geotiff-dem/10/FG-GML-5841-43-dem10b-20161001.tif,1302116,3eda4de3ee5cb9670804b29d3db070c4
https://data.source.coop/smartmaps/japan-geotiff-dem/10/FG-GML-5841-44-dem10b-20161001.tif,1338739,b72c0539333ebcc199c9454d47aea573
https://data.source.coop/smartmaps/japan-geotiff-dem/10/FG-GML-5841-45-dem10b-20161001.tif,1182662,2740e2ad68d874f8e2d6ef128ffeca9d
https://data.source.coop/smartmaps/japan-geotiff-dem/10/FG-GML-5841-46-dem10b-20161001.tif,745394,dafe28f4df792d602dc3af1f8f879e9c
https://data.source.coop/smartmaps/japan-geotiff-dem/10/FG-GML-5841-47-dem10b-20161001.tif,1496,bde4e837d2c1e187007eeca867a1626f
https://data.source.coop/smartmaps/japan-geotiff-dem/10/FG-GML-5841-50-dem10b-20161001.tif,733542,0a8cc1318d3ac2c3145b8096f4fc5dc6
https://data.source.coop/smartmaps/japan-geotiff-dem/10/FG-GML-5841-51-dem10b-20161001.tif,896792,a50e9a217bdc9cee1ac9cf1f8a3cd290
https://data.source.coop/smartmaps/japan-geotiff-dem/10/FG-GML-5841-52-dem10b-20161001.tif,1292620,e887dc0d4a2da9aaca7cb7c6912715a8
https://data.source.coop/smartmaps/japan-geotiff-dem/10/FG-GML-5841-53-dem10b-20161001.tif,1322947,44014a64f4c429b856dcb721465ba37b
https://data.source.coop/smartmaps/japan-geotiff-dem/10/FG-GML-5841-54-dem10b-20161001.tif,1369293,4bc6c034f4b4c1b4fb869c273e7ff4cf
https://data.source.coop/smartmaps/japan-geotiff-dem/10/FG-GML-5841-55-dem10b-20161001.tif,1343126,9da5e6900e005a939edd22d7fc7f9085
https://data.source.coop/smartmaps/japan-geotiff-dem/10/FG-GML-5841-56-dem10b-20161001.tif,1129035,1d1ad4caf6d99d273e34217fa0c0a537
https://data.source.coop/smartmaps/japan-geotiff-dem/10/FG-GML-5841-57-dem10b-20161001.tif,173762,f82b19931d073f738b30f7f648603c15
https://data.source.coop/smartmaps/japan-geotiff-dem/10/FG-GML-5841-60-dem10b-20161001.tif,821871,23c1b71ba8b411ae525d2250789ea77b
https://data.source.coop/smartmaps/japan-geotiff-dem/10/FG-GML-5841-61-dem10b-20161001.tif,926490,a14c6d138462dd625a2c6ff5dc40179a
https://data.source.coop/smartmaps/japan-geotiff-dem/10/FG-GML-5841-62-dem10b-20161001.tif,1254121,e643a759362c509395141db70405a2a6
https://data.source.coop/smartmaps/japan-geotiff-dem/10/FG-GML-5841-63-dem10b-20161001.tif,1282491,b7e7a1df75ad65310ff88e6ad47353b3
https://data.source.coop/smartmaps/japan-geotiff-dem/10/FG-GML-5841-64-dem10b-20161001.tif,1346758,b62b2ba83446a9e0e1cce6a499a5b0fb
https://data.source.coop/smartmaps/japan-geotiff-dem/10/FG-GML-5841-65-dem10b-20161001.tif,1354467,699b89cf038a4557bdfbc2e93c84d008
https://data.source.coop/smartmaps/japan-geotiff-dem/10/FG-GML-5841-66-dem10b-20161001.tif,1337926,3769dfb6cc9a71c57c324887f2010592
https://data.source.coop/smartmaps/japan-geotiff-dem/10/FG-GML-5841-67-dem10b-20161001.tif,529598,b91cd3cc2b5fa05b21e782af8adb88f8
https://data.source.coop/smartmaps/japan-geotiff-dem/10/FG-GML-5841-70-dem10b-20161001.tif,627917,54381783e5e3572037f9665b341ee896
https://data.source.coop/smartmaps/japan-geotiff-dem/10/FG-GML-5841-71-dem10b-20161001.tif,1171413,002c39ec5888ecb4b8b746e0ad708258
https://data.source.coop/smartmaps/japan-geotiff-dem/10/FG-GML-5841-72-dem10b-20161001.tif,1235432,bb26a44b401919822d717e73c5a704ff
https://data.source.coop/smartmaps/japan-geotiff-dem/10/FG-GML-5841-73-dem10b-20161001.tif,1251242,89d41f510eebfa3766180d92fc0edaaa
https://data.source.coop/smartmaps/japan-geotiff-dem/10/FG-GML-5841-74-dem10b-20161001.tif,1190831,cf7f05059ca63e68a75db2ca79e4a2d7
https://data.source.coop/smartmaps/japan-geotiff-dem/10/FG-GML-5841-75-dem10b-20161001.tif,1345330,dee309d26c2382a361d519d4450feda4
https://data.source.coop/smartmaps/japan-geotiff-dem/10/FG-GML-5841-76-dem10b-20161001.tif,1378895,5c9535c4e45b78b25b30cbe702a1f578
https://data.source.coop/smartmaps/japan-geotiff-dem/10/FG-GML-5841-77-dem10b-20161001.tif,607801,8bd176b5048a7678e50a9f50bdd30cf6
https://data.source.coop/smartmaps/japan-geotiff-dem/10/FG-GML-5939-07-dem10b-20161001.tif,13868,6ae8ff1204d03e72cc97fa07fb5e706f
https://data.source.coop/smartmaps/japan-geotiff-dem/10/FG-GML-5939-65-dem10b-20161001.tif,136656,edddf8fefa4847bfc29a221ccba59cb7
https://data.source.coop/smartmaps/japan-geotiff-dem/10/FG-GML-5939-66-dem10b-20161001.tif,776942,51dcbf35b23493ce8e116d2cc393d9c5
https://data.source.coop/smartmaps/japan-geotiff-dem/10/FG-GML-5939-67-dem10b-20161001.tif,244156,da598dbd71741e9fabad0c64b5070d83
https://data.source.coop/smartmaps/japan-geotiff-dem/10/FG-GML-5939-75-dem10b-20161001.tif,442581,28dd3b28218ef43c5ca18014cabb2161
https://data.source.coop/smartmaps/japan-geotiff-dem/10/FG-GML-5939-76-dem10b-20161001.tif,823542,13d47b9267b8822f650e783519bdd32b
https://data.source.coop/smartmaps/japan-geotiff-dem/10/FG-GML-5939-77-dem10b-20161001.tif,572862,099efbc670a19ba4497d221a544d9f35
https://data.source.coop/smartmaps/japan-geotiff-dem/10/FG-GML-5940-00-dem10b-20161001.tif,1011128,9184ab953c5d2e673064b9744bf325f7
https://data.source.coop/smartmaps/japan-geotiff-dem/10/FG-GML-5940-01-dem10b-20161001.tif,1348881,63d3a6674f91459bc1486534468fd415
https://data.source.coop/smartmaps/japan-geotiff-dem/10/FG-GML-5940-02-dem10b-20161001.tif,1334792,6240ca1e845bd2f3152ef873ac5e0d61
https://data.source.coop/smartmaps/japan-geotiff-dem/10/FG-GML-5940-03-dem10b-20161001.tif,886539,3a418af410bb0a7a5e8b43468d62913c
https://data.source.coop/smartmaps/japan-geotiff-dem/10/FG-GML-5940-04-dem10b-20161001.tif,870421,f6510f9d353d03c1c772fae489bcdf15
https://data.source.coop/smartmaps/japan-geotiff-dem/10/FG-GML-5940-05-dem10b-20161001.tif,1323861,651d72a091082f3b6888e9013b938ff8
https://data.source.coop/smartmaps/japan-geotiff-dem/10/FG-GML-5940-06-dem10b-20161001.tif,1310278,da16d54d0ae902223b1e4a4b4dd48f5f
https://data.source.coop/smartmaps/japan-geotiff-dem/10/FG-GML-5940-07-dem10b-20161001.tif,1305807,f151c42179f9f26b6650f8be3a2e6223
https://data.source.coop/smartmaps/japan-geotiff-dem/10/FG-GML-5940-10-dem10b-20161001.tif,965589,4ad35f694fb5acd66c7f55db0773a69e
https://data.source.coop/smartmaps/japan-geotiff-dem/10/FG-GML-5940-11-dem10b-20161001.tif,1308779,14a7e48d7087ff371fd7f759ee2410fb
https://data.source.coop/smartmaps/japan-geotiff-dem/10/FG-GML-5940-12-dem10b-20161001.tif,1294282,ff7490b4a5ab2cdd8885a9497e193770
https://data.source.coop/smartmaps/japan-geotiff-dem/10/FG-GML-5940-13-dem10b-20161001.tif,870497,4fb3f810cc6d23a37ec0bc2742eb67be
https://data.source.coop/smartmaps/japan-geotiff-dem/10/FG-GML-5940-14-dem10b-20161001.tif,639728,aea3a9b5a7c037efcf5cc008f9741f83
https://data.source.coop/smartmaps/japan-geotiff-dem/10/FG-GML-5940-15-dem10b-20161001.tif,1347194,d834b225622cda648da35a9502ebc14b
https://data.source.coop/smartmaps/japan-geotiff-dem/10/FG-GML-5940-16-dem10b-20161001.tif,1302438,6d4ce892c2f37a1976e137e70958ff05
https://data.source.coop/smartmaps/japan-geotiff-dem/10/FG-GML-5940-17-dem10b-20161001.tif,1350955,6ce5a5ad8b3c762b6b336f624c8b480a
https://data.source.coop/smartmaps/japan-geotiff-dem/10/FG-GML-5940-20-dem10b-20161001.tif,819223,3e64130fb6220567c081d450d57ffa03
https://data.source.coop/smartmaps/japan-geotiff-dem/10/FG-GML-5940-21-dem10b-20161001.tif,1317913,12d8b91f29d0d3f576233b743d55a0f2
https://data.source.coop/smartmaps/japan-geotiff-dem/10/FG-GML-5940-22-dem10b-20161001.tif,1071974,12e853b9bc7a481ebcb912f67921f75f
https://data.source.coop/smartmaps/japan-geotiff-dem/10/FG-GML-5940-23-dem10b-20161001.tif,1102576,8d70a4de2085366f45c5e2c8f0fdf4b1
https://data.source.coop/smartmaps/japan-geotiff-dem/10/FG-GML-5940-24-dem10b-20161001.tif,665305,8d10e82e0971e1fbe79bd537c1ea53b5
https://data.source.coop/smartmaps/japan-geotiff-dem/10/FG-GML-5940-25-dem10b-20161001.tif,1306488,154c7b1c399151b43e6c6471a44f535e
https://data.source.coop/smartmaps/japan-geotiff-dem/10/FG-GML-5940-26-dem10b-20161001.tif,1310404,1e201939126aa58e1eab0de7129c8a70
https://data.source.coop/smartmaps/japan-geotiff-dem/10/FG-GML-5940-27-dem10b-20161001.tif,1360285,4b75004861befe2f5ce6670e3dde9ccf
https://data.source.coop/smartmaps/japan-geotiff-dem/10/FG-GML-5940-30-dem10b-20161001.tif,693184,0faa21f09f6b5788f6592358f16782fd
https://data.source.coop/smartmaps/japan-geotiff-dem/10/FG-GML-5940-31-dem10b-20161001.tif,1083506,cb208fee987b5d94e90cca602f554912
https://data.source.coop/smartmaps/japan-geotiff-dem/10/FG-GML-5940-32-dem10b-20161001.tif,1261726,7b2154f9fae9a44b00aef5012d4fdf74
https://data.source.coop/smartmaps/japan-geotiff-dem/10/FG-GML-5940-33-dem10b-20161001.tif,1342078,edee2a6922147210de6a1356c4707393
https://data.source.coop/smartmaps/japan-geotiff-dem/10/FG-GML-5940-34-dem10b-20161001.tif,985264,06542132d60ab214309518832f3ce53f
https://data.source.coop/smartmaps/japan-geotiff-dem/10/FG-GML-5940-35-dem10b-20161001.tif,1326031,da0a46fb09d3da5b37a43b95d28f0116
https://data.source.coop/smartmaps/japan-geotiff-dem/10/FG-GML-5940-36-dem10b-20161001.tif,1370172,d858bfa71a2152b45feda278aba3dd0f
https://data.source.coop/smartmaps/japan-geotiff-dem/10/FG-GML-5940-37-dem10b-20161001.tif,1257874,ec4174803827c3d783e1c1c41448c6e1
https://data.source.coop/smartmaps/japan-geotiff-dem/10/FG-GML-5940-40-dem10b-20161001.tif,403372,b8ef379028dc010e2efaa92c8c971f7b
https://data.source.coop/smartmaps/japan-geotiff-dem/10/FG-GML-5940-41-dem10b-20161001.tif,1186725,810cb1de4d6d864f278a9acb8e5142a9
https://data.source.coop/smartmaps/japan-geotiff-dem/10/FG-GML-5940-42-dem10b-20161001.tif,1259549,e319fc43c59b9155458793d8fc839e0d
https://data.source.coop/smartmaps/japan-geotiff-dem/10/FG-GML-5940-43-dem10b-20161001.tif,1363724,dc4a6c3b9b535d6d22be5bf7b2c4ca19
https://data.source.coop/smartmaps/japan-geotiff-dem/10/FG-GML-5940-44-dem10b-20161001.tif,1344171,a700987b07e39e15df4ebf24ecdbcf09
https://data.source.coop/smartmaps/japan-geotiff-dem/10/FG-GML-5940-45-dem10b-20161001.tif,936057,4ec1c6cc83f3cbd8e25278ee43dfe7dd
https://data.source.coop/smartmaps/japan-geotiff-dem/10/FG-GML-5940-46-dem10a-20161001.tif,295681,4dbec42f7984e5ebfacc1628e6ded032
https://data.source.coop/smartmaps/japan-geotiff-dem/10/FG-GML-5940-46-dem10b-20161001.tif,1341433,0df41c514e53877981ec8198eb4338ab
https://data.source.coop/smartmaps/japan-geotiff-dem/10/FG-GML-5940-47-dem10b-20161001.tif,990410,976f7da9e06ddb7e1ec3e33a94cf2bd5
https://data.source.coop/smartmaps/japan-geotiff-dem/10/FG-GML-5940-50-dem10b-20161001.tif,704565,e3f64c707ed7b7dca8c933c88919ce5d
https://data.source.coop/smartmaps/japan-geotiff-dem/10/FG-GML-5940-51-dem10b-20161001.tif,1348007,12e5e95cb39bc795271989e545db3e98
https://data.source.coop/smartmaps/japan-geotiff-dem/10/FG-GML-5940-52-dem10b-20161001.tif,1374315,cc9f4e8614ac6c15e4f48a9f4cc016d5
https://data.source.coop/smartmaps/japan-geotiff-dem/10/FG-GML-5940-53-dem10b-20161001.tif,1360979,94c6aa43c710ce68ca376b7aa6e875f3
https://data.source.coop/smartmaps/japan-geotiff-dem/10/FG-GML-5940-54-dem10b-20161001.tif,1352087,d069689c4e2503d43d5854e1a56e61bc
https://data.source.coop/smartmaps/japan-geotiff-dem/10/FG-GML-5940-55-dem10b-20161001.tif,1296090,8500cc4f2d8c5247c9f9a88c204adba3
https://data.source.coop/smartmaps/japan-geotiff-dem/10/FG-GML-5940-56-dem10a-20161001.tif,577902,981e100a28ac71bc477454694c970d18
https://data.source.coop/smartmaps/japan-geotiff-dem/10/FG-GML-5940-56-dem10b-20161001.tif,1319271,59f5639d19977defcb107f45036e6748
https://data.source.coop/smartmaps/japan-geotiff-dem/10/FG-GML-5940-57-dem10a-20161001.tif,75989,771a4f0f5c0679e1f72f8e35688325ca
https://data.source.coop/smartmaps/japan-geotiff-dem/10/FG-GML-5940-57-dem10b-20161001.tif,1185171,2562ddecdf96f570c20746a991e5705f
https://data.source.coop/smartmaps/japan-geotiff-dem/10/FG-GML-5940-60-dem10b-20161001.tif,832589,8ea0080eeebcd71bae41921f1d3f5da8
https://data.source.coop/smartmaps/japan-geotiff-dem/10/FG-GML-5940-61-dem10b-20161001.tif,1333448,157a298ecca082081c3d5c9a697b02ea
https://data.source.coop/smartmaps/japan-geotiff-dem/10/FG-GML-5940-62-dem10b-20161001.tif,1382985,8c7f89c31e64b74cab6f5313be052b22
https://data.source.coop/smartmaps/japan-geotiff-dem/10/FG-GML-5940-63-dem10b-20161001.tif,1360275,d462b21c9d036ce8415bda912c7b8659
https://data.source.coop/smartmaps/japan-geotiff-dem/10/FG-GML-5940-64-dem10b-20161001.tif,1342831,cba90350015bcf37023a6d6bdde05684
https://data.source.coop/smartmaps/japan-geotiff-dem/10/FG-GML-5940-65-dem10b-20161001.tif,1274453,135c95b6c5acd167a2855be29fae3b01
https://data.source.coop/smartmaps/japan-geotiff-dem/10/FG-GML-5940-66-dem10b-20161001.tif,1326921,e8d3ee71f7296ad61fb625c9a345c240
https://data.source.coop/smartmaps/japan-geotiff-dem/10/FG-GML-5940-67-dem10a-20161001.tif,291890,18ff02583725ec3ecd687633b3e9b48b
https://data.source.coop/smartmaps/japan-geotiff-dem/10/FG-GML-5940-67-dem10b-20161001.tif,1284060,f6f08b686b5aa8ce1d295259197e0f9e
https://data.source.coop/smartmaps/japan-geotiff-dem/10/FG-GML-5940-70-dem10b-20161001.tif,565447,5a30f0367607e137f37ce1e60d1d0815
https://data.source.coop/smartmaps/japan-geotiff-dem/10/FG-GML-5940-71-dem10b-20161001.tif,1339348,b961521d57bf675c79d44c4286b4e1d1
https://data.source.coop/smartmaps/japan-geotiff-dem/10/FG-GML-5940-72-dem10b-20161001.tif,1361518,a479b2884cb7a88373d31bca88c887f2
https://data.source.coop/smartmaps/japan-geotiff-dem/10/FG-GML-5940-73-dem10b-20161001.tif,1343673,be1267e987c5506ac1cadec784eb1131
https://data.source.coop/smartmaps/japan-geotiff-dem/10/FG-GML-5940-74-dem10b-20161001.tif,1319285,8570757107c3717492ee03a6b7c3d188
https://data.source.coop/smartmaps/japan-geotiff-dem/10/FG-GML-5940-75-dem10a-20161001.tif,515155,7986febcfc2d854597693f1da733dc28
https://data.source.coop/smartmaps/japan-geotiff-dem/10/FG-GML-5940-75-dem10b-20161001.tif,1301895,f70f6e41fcd6abf3e6655978aa0267d4
https://data.source.coop/smartmaps/japan-geotiff-dem/10/FG-GML-5940-76-dem10a-20161001.tif,747653,784a336cb4e3119af0425f674a12a88d
https://data.source.coop/smartmaps/japan-geotiff-dem/10/FG-GML-5940-76-dem10b-20161001.tif,1287580,75f4b5c51b99a04bf906f7b16dc300e0
https://data.source.coop/smartmaps/japan-geotiff-dem/10/FG-GML-5940-77-dem10b-20161001.tif,1218766,94805004913249707ab4f2b1dbb5a054
https://data.source.coop/smartmaps/japan-geotiff-dem/10/FG-GML-5941-00-dem10b-20161001.tif,703033,790f73d2525ee9a60cbb6be6a8bc56be
https://data.source.coop/smartmaps/japan-geotiff-dem/10/FG-GML-5941-01-dem10b-20161001.tif,1019142,4ec5fed445b3248fc35588a9290fe8ec
https://data.source.coop/smartmaps/japan-geotiff-dem/10/FG-GML-5941-02-dem10b-20161001.tif,1250652,a8857fe77fc6e7016daa0529fa878b25
https://data.source.coop/smartmaps/japan-geotiff-dem/10/FG-GML-5941-03-dem10b-20161001.tif,1295467,1a0c9139707da91c10d956b8771b8f40
https://data.source.coop/smartmaps/japan-geotiff-dem/10/FG-GML-5941-04-dem10b-20161001.tif,1186809,67c37274a9492bad17399da26aeaeae2
https://data.source.coop/smartmaps/japan-geotiff-dem/10/FG-GML-5941-05-dem10b-20161001.tif,1303982,ebffc81b4c10f0f5ac540de56db5fb5c
https://data.source.coop/smartmaps/japan-geotiff-dem/10/FG-GML-5941-06-dem10b-20161001.tif,1390476,5fbbe97d93e15fb6ac8f9e4eeb8954e5
https://data.source.coop/smartmaps/japan-geotiff-dem/10/FG-GML-5941-07-dem10b-20161001.tif,882162,9892a18434efa94a72056ee41cc87465
https://data.source.coop/smartmaps/japan-geotiff-dem/10/FG-GML-5941-10-dem10b-20161001.tif,1106342,ef34317611473e9240f7339ca61b5d38
https://data.source.coop/smartmaps/japan-geotiff-dem/10/FG-GML-5941-11-dem10b-20161001.tif,891355,2689e2452eb4f1f57fb7da88c793e834
https://data.source.coop/smartmaps/japan-geotiff-dem/10/FG-GML-5941-12-dem10b-20161001.tif,1302140,8691a009cf3982f8a1b1c566d3bd917a
https://data.source.coop/smartmaps/japan-geotiff-dem/10/FG-GML-5941-13-dem10b-20161001.tif,1302172,da3bfd8b13658227b35256aed28af8a3
https://data.source.coop/smartmaps/japan-geotiff-dem/10/FG-GML-5941-14-dem10b-20161001.tif,1286112,9bb69ed21454cc04bcbd86abcc8d052e
https://data.source.coop/smartmaps/japan-geotiff-dem/10/FG-GML-5941-15-dem10b-20161001.tif,1323172,1b375d70544c6a32248b29454aa30c93
https://data.source.coop/smartmaps/japan-geotiff-dem/10/FG-GML-5941-16-dem10b-20161001.tif,1406954,7ae4e949cf230d4ba15bb97c16e6eb8a
https://data.source.coop/smartmaps/japan-geotiff-dem/10/FG-GML-5941-17-dem10b-20161001.tif,1226214,4941fa2ddb57b3dea3a138cd1caf313a
https://data.source.coop/smartmaps/japan-geotiff-dem/10/FG-GML-5941-20-dem10b-20161001.tif,1170909,a28d100484c9e45a5822c5e14fc05044
https://data.source.coop/smartmaps/japan-geotiff-dem/10/FG-GML-5941-21-dem10b-20161001.tif,915181,8626d2688804f57bf78a954a47f7398e
https://data.source.coop/smartmaps/japan-geotiff-dem/10/FG-GML-5941-22-dem10b-20161001.tif,1338351,48843ca1543adafbc465be431d47fc10
https://data.source.coop/smartmaps/japan-geotiff-dem/10/FG-GML-5941-23-dem10b-20161001.tif,1322615,ed0853fa1d181bd374904decb762b79f
https://data.source.coop/smartmaps/japan-geotiff-dem/10/FG-GML-5941-24-dem10b-20161001.tif,1328921,6f6e80a175c2874669c0e16e6dee2202
https://data.source.coop/smartmaps/japan-geotiff-dem/10/FG-GML-5941-25-dem10b-20161001.tif,1373096,e1096dcddafb5c23e0a0345e6f1a1179
https://data.source.coop/smartmaps/japan-geotiff-dem/10/FG-GML-5941-26-dem10b-20161001.tif,1389873,a48121135618597d69352400e10d1539
https://data.source.coop/smartmaps/japan-geotiff-dem/10/FG-GML-5941-27-dem10b-20161001.tif,1361807,703ce0af0ba070b83aa53bd93fb29b59
https://data.source.coop/smartmaps/japan-geotiff-dem/10/FG-GML-5941-30-dem10b-20161001.tif,1195015,5c1b74324908edb9db32215edfb023f1
https://data.source.coop/smartmaps/japan-geotiff-dem/10/FG-GML-5941-31-dem10b-20161001.tif,837617,0d0f113bc16e74bba3ea8be38261e47d
https://data.source.coop/smartmaps/japan-geotiff-dem/10/FG-GML-5941-32-dem10b-20161001.tif,1343129,34b5a2dd32e3a8a8b7fb2d04b2559a7a
https://data.source.coop/smartmaps/japan-geotiff-dem/10/FG-GML-5941-33-dem10b-20161001.tif,1296640,2b3ad64c278dd05ea1938c93be25b170
https://data.source.coop/smartmaps/japan-geotiff-dem/10/FG-GML-5941-34-dem10b-20161001.tif,1359605,9ff6aed6e2088508790a2d655658cb62
https://data.source.coop/smartmaps/japan-geotiff-dem/10/FG-GML-5941-35-dem10b-20161001.tif,1392117,c8b0aa2d91da3160bbc71a3fdbfe3f3d
https://data.source.coop/smartmaps/japan-geotiff-dem/10/FG-GML-5941-36-dem10b-20161001.tif,1418481,da57565ac206dc7295fac19be4b91358
https://data.source.coop/smartmaps/japan-geotiff-dem/10/FG-GML-5941-37-dem10b-20161001.tif,1141711,c50902dc1588f8ac5a23f035a318246f
https://data.source.coop/smartmaps/japan-geotiff-dem/10/FG-GML-5941-40-dem10b-20161001.tif,853803,0ce6521d457ed6e551fe272826aea461
https://data.source.coop/smartmaps/japan-geotiff-dem/10/FG-GML-5941-41-dem10b-20161001.tif,1103252,13d687f5167a4ad157a3cfec45d54c93
https://data.source.coop/smartmaps/japan-geotiff-dem/10/FG-GML-5941-42-dem10b-20161001.tif,1334137,d864cf7a3c7a9942a9f92e614362aa4c
https://data.source.coop/smartmaps/japan-geotiff-dem/10/FG-GML-5941-43-dem10b-20161001.tif,1286068,6e5b892f2df4ed2a267509aebeb36a08
https://data.source.coop/smartmaps/japan-geotiff-dem/10/FG-GML-5941-44-dem10b-20161001.tif,1333976,24fbebebd60f6dda0b1cdd2c0e2b5069
https://data.source.coop/smartmaps/japan-geotiff-dem/10/FG-GML-5941-45-dem10b-20161001.tif,1376356,4abf6b2e7a09280b554662ebd6b76fcc
https://data.source.coop/smartmaps/japan-geotiff-dem/10/FG-GML-5941-46-dem10b-20161001.tif,1344895,23ced7754e0789c96e92429927c33527
https://data.source.coop/smartmaps/japan-geotiff-dem/10/FG-GML-5941-47-dem10b-20161001.tif,1167306,8fb4b7ee3ec161c03dde12e67ea8ac6d
https://data.source.coop/smartmaps/japan-geotiff-dem/10/FG-GML-5941-50-dem10a-20161001.tif,101360,660377695ec1afb127988b0c6cc27a10
https://data.source.coop/smartmaps/japan-geotiff-dem/10/FG-GML-5941-50-dem10b-20161001.tif,1066787,1d60d8c480e5b215f8df20e6862d3a82
https://data.source.coop/smartmaps/japan-geotiff-dem/10/FG-GML-5941-51-dem10b-20161001.tif,1165229,90a69b87f281fd638e52aba870978849
https://data.source.coop/smartmaps/japan-geotiff-dem/10/FG-GML-5941-52-dem10b-20161001.tif,1194530,2c22fd5dae2cbe0873345d26609af86a
https://data.source.coop/smartmaps/japan-geotiff-dem/10/FG-GML-5941-53-dem10b-20161001.tif,1275758,a9b8d35b3b779f14706ae44410e88fc4
https://data.source.coop/smartmaps/japan-geotiff-dem/10/FG-GML-5941-54-dem10b-20161001.tif,1341779,4f1e849924ad6c3e3904415916e8aea3
https://data.source.coop/smartmaps/japan-geotiff-dem/10/FG-GML-5941-55-dem10b-20161001.tif,1380586,12d2fb0537e8fa6c56939c05e6a2f200
https://data.source.coop/smartmaps/japan-geotiff-dem/10/FG-GML-5941-56-dem10b-20161001.tif,1358234,69148f5446fa92b1959b8432b56b5301
https://data.source.coop/smartmaps/japan-geotiff-dem/10/FG-GML-5941-57-dem10b-20161001.tif,1266605,804ed7bdd5dd6db1ab4ccb255fe1a8bf
https://data.source.coop/smartmaps/japan-geotiff-dem/10/FG-GML-5941-60-dem10a-20161001.tif,389528,a03b499116de14e083389e774a398815
https://data.source.coop/smartmaps/japan-geotiff-dem/10/FG-GML-5941-60-dem10b-20161001.tif,1033052,e6dafb5ccc2da945da19819ec2359791
https://data.source.coop/smartmaps/japan-geotiff-dem/10/FG-GML-5941-61-dem10b-20161001.tif,1130446,223ea84d3e9ca0b9d0d9cab2aac37c05
https://data.source.coop/smartmaps/japan-geotiff-dem/10/FG-GML-5941-62-dem10b-20161001.tif,1284482,cc3b19f2069f15d57972c3f0b55f777c
https://data.source.coop/smartmaps/japan-geotiff-dem/10/FG-GML-5941-63-dem10b-20161001.tif,1290843,1e921d783e3f73ce5a2d68ef8c436c89
https://data.source.coop/smartmaps/japan-geotiff-dem/10/FG-GML-5941-64-dem10b-20161001.tif,1355567,29d381745743132ffbf85af744189d6a
https://data.source.coop/smartmaps/japan-geotiff-dem/10/FG-GML-5941-65-dem10b-20161001.tif,1380722,34019c2beb97dc08745d4c1f9060189a
https://data.source.coop/smartmaps/japan-geotiff-dem/10/FG-GML-5941-66-dem10b-20161001.tif,1362808,d5da8cf7b16fe0b120d6a8095512fd73
https://data.source.coop/smartmaps/japan-geotiff-dem/10/FG-GML-5941-67-dem10b-20161001.tif,1007122,7a764597c1265174806ec23e6a50b603
https://data.source.coop/smartmaps/japan-geotiff-dem/10/FG-GML-5941-70-dem10b-20161001.tif,1016500,41bb7e76ffffb5feebd04f953b6a8c82
https://data.source.coop/smartmaps/japan-geotiff-dem/10/FG-GML-5941-71-dem10b-20161001.tif,1144259,4315a12022ef566dafe04b91b7527613
https://data.source.coop/smartmaps/japan-geotiff-dem/10/FG-GML-5941-72-dem10b-20161001.tif,1299360,4944aa57936f3ff42313a5fee795281c
https://data.source.coop/smartmaps/japan-geotiff-dem/10/FG-GML-5941-73-dem10b-20161001.tif,1304750,4f29f398313968d2ac7508cbc7487cef
https://data.source.coop/smartmaps/japan-geotiff-dem/10/FG-GML-5941-74-dem10b-20161001.tif,1318689,26c879e16c8e372ec1ed8bb3be2170ff
https://data.source.coop/smartmaps/japan-geotiff-dem/10/FG-GML-5941-75-dem10b-20161001.tif,1352607,ccd059a40a1941afc25072b0d3144c80
https://data.source.coop/smartmaps/japan-geotiff-dem/10/FG-GML-5941-76-dem10b-20161001.tif,1341402,76cb6f3bca36e8dbe10024aa67a32498
https://data.source.coop/smartmaps/japan-geotiff-dem/10/FG-GML-5941-77-dem10b-20161001.tif,851435,3c5d5c6d2b00dd431ff0d26aef29f9e6
https://data.source.coop/smartmaps/japan-geotiff-dem/10/FG-GML-5942-00-dem10b-20161001.tif,13665,8ae4de7e5b7c40533082c45ffa4ff55c
https://data.source.coop/smartmaps/japan-geotiff-dem/10/FG-GML-5942-10-dem10b-20161001.tif,414812,161441e31e5b0463fd4bf1f69229e766
https://data.source.coop/smartmaps/japan-geotiff-dem/10/FG-GML-5942-20-dem10b-20161001.tif,586098,32191191dff81a0f51cfea5668a242c8
https://data.source.coop/smartmaps/japan-geotiff-dem/10/FG-GML-5942-30-dem10b-20161001.tif,268225,e6823413f1ad9e137a586898d15d5680
https://data.source.coop/smartmaps/japan-geotiff-dem/10/FG-GML-5942-40-dem10b-20161001.tif,1379,d0b811baf761dec3702370521df916c6
https://data.source.coop/smartmaps/japan-geotiff-dem/10/FG-GML-5942-50-dem10b-20161001.tif,6620,b2db31805a7a68231b05a1de109ad169
https://data.source.coop/smartmaps/japan-geotiff-dem/10/FG-GML-6039-05-dem10b-20161001.tif,12990,4b85544ab03e28ddfd1e4fc2de6c26ad
https://data.source.coop/smartmaps/japan-geotiff-dem/10/FG-GML-6039-07-dem10b-20161001.tif,418885,453e3922427bbd99d7b72291ffa8a4ba
https://data.source.coop/smartmaps/japan-geotiff-dem/10/FG-GML-6039-17-dem10b-20161001.tif,251840,95ad47e32d1b1d9a17c26db2c4b6f1a5
https://data.source.coop/smartmaps/japan-geotiff-dem/10/FG-GML-6039-27-dem10b-20161001.tif,44458,861d2590a44247d3a52bf3a5c9d34515
https://data.source.coop/smartmaps/japan-geotiff-dem/10/FG-GML-6039-47-dem10b-20161001.tif,165392,9213cfbd39024b300b5f4eda13b5207c
https://data.source.coop/smartmaps/japan-geotiff-dem/10/FG-GML-6039-57-dem10b-20161001.tif,673189,527f77d6dabe8e7f801e7a1513247288
https://data.source.coop/smartmaps/japan-geotiff-dem/10/FG-GML-6039-63-DEM10B-20161001.tif,1228,9e7f79ec54cc0795d76c28b93b448784
https://data.source.coop/smartmaps/japan-geotiff-dem/10/FG-GML-6039-64-DEM10B-20161001.tif,1166,4e822b82eb6b7df3b2b968669caffeda
https://data.source.coop/smartmaps/japan-geotiff-dem/10/FG-GML-6039-66-dem10b-20161001.tif,2244,4db9d54c7c1e1b9baf082fa57c116bf5
https://data.source.coop/smartmaps/japan-geotiff-dem/10/FG-GML-6039-67-dem10b-20161001.tif,675386,4ac0901ded866e885d9798995cbb7c11
https://data.source.coop/smartmaps/japan-geotiff-dem/10/FG-GML-6039-76-dem10b-20161001.tif,67824,1859ce760299d17018d4c2b854849628
https://data.source.coop/smartmaps/japan-geotiff-dem/10/FG-GML-6039-77-dem10b-20161001.tif,1129382,34cc2025853422562ee7bdd6ae9f09fd
https://data.source.coop/smartmaps/japan-geotiff-dem/10/FG-GML-6040-00-dem10b-20161001.tif,673629,05c2d5c24bff6a1ed88182a3901a9ebe
https://data.source.coop/smartmaps/japan-geotiff-dem/10/FG-GML-6040-01-dem10b-20161001.tif,1354141,09008f48e2f6b514341b86869e0a6d9c
https://data.source.coop/smartmaps/japan-geotiff-dem/10/FG-GML-6040-02-dem10b-20161001.tif,1338293,5d9de7ae6f432b5300435f42cc663eb8
https://data.source.coop/smartmaps/japan-geotiff-dem/10/FG-GML-6040-03-dem10b-20161001.tif,1313783,f67cd8e6b6e35ab0301ef9d5d25cb6c7
https://data.source.coop/smartmaps/japan-geotiff-dem/10/FG-GML-6040-04-dem10b-20161001.tif,1336147,aa1d838f3eb3094c9107a83aa9e38e54
https://data.source.coop/smartmaps/japan-geotiff-dem/10/FG-GML-6040-05-dem10a-20161001.tif,18867,dbf834ad5dd2a357cb783e299a71d942
https://data.source.coop/smartmaps/japan-geotiff-dem/10/FG-GML-6040-05-dem10b-20161001.tif,1360577,3cc74c8e00f4127cd3798b7900850350
https://data.source.coop/smartmaps/japan-geotiff-dem/10/FG-GML-6040-06-dem10a-20161001.tif,27121,03f12609aff668c680d577ce17b623db
https://data.source.coop/smartmaps/japan-geotiff-dem/10/FG-GML-6040-06-dem10b-20161001.tif,1333590,13b066671bd2759ff67eb7d5b2eda619
https://data.source.coop/smartmaps/japan-geotiff-dem/10/FG-GML-6040-07-dem10b-20161001.tif,1232192,cde9950d29e6e04ff945e0fc963639e7
https://data.source.coop/smartmaps/japan-geotiff-dem/10/FG-GML-6040-10-dem10b-20161001.tif,986891,31e78acbfb031085bd712be8b54a8920
https://data.source.coop/smartmaps/japan-geotiff-dem/10/FG-GML-6040-11-dem10b-20161001.tif,1341848,a09b7dc9ebe0180a29737fe882443eaf
https://data.source.coop/smartmaps/japan-geotiff-dem/10/FG-GML-6040-12-dem10b-20161001.tif,1187316,a8030a4f4ac447eca56a9fabc4f7480c
https://data.source.coop/smartmaps/japan-geotiff-dem/10/FG-GML-6040-13-dem10b-20161001.tif,1242537,3b9fdc0418aa8640f06f01102ff9e321
https://data.source.coop/smartmaps/japan-geotiff-dem/10/FG-GML-6040-14-dem10b-20161001.tif,1369097,12c8ad2721c10e285daea48b6ecd2e47
https://data.source.coop/smartmaps/japan-geotiff-dem/10/FG-GML-6040-15-dem10b-20161001.tif,1354186,41516414f07316b1ec143e77a14b05d7
https://data.source.coop/smartmaps/japan-geotiff-dem/10/FG-GML-6040-16-dem10b-20161001.tif,1267650,9bcdce299da3626210e69984a925c353
https://data.source.coop/smartmaps/japan-geotiff-dem/10/FG-GML-6040-17-dem10b-20161001.tif,1320354,5d254a4f5626a9228edd67989d362a75
https://data.source.coop/smartmaps/japan-geotiff-dem/10/FG-GML-6040-20-dem10b-20161001.tif,861959,776a6cf3d59b01192f41227a7c1a6c7c
https://data.source.coop/smartmaps/japan-geotiff-dem/10/FG-GML-6040-21-dem10b-20161001.tif,1206809,02c72e62c5f1f808d4a566677b2e859e
https://data.source.coop/smartmaps/japan-geotiff-dem/10/FG-GML-6040-22-dem10b-20161001.tif,1104294,2b6cf8657dd6cf0f372c8f05985ece57
https://data.source.coop/smartmaps/japan-geotiff-dem/10/FG-GML-6040-23-dem10b-20161001.tif,1223656,cf721962e8f5b8852085bd894893486d
https://data.source.coop/smartmaps/japan-geotiff-dem/10/FG-GML-6040-24-dem10b-20161001.tif,1039086,4f28e470c8c00cfca70cef90afd06984
https://data.source.coop/smartmaps/japan-geotiff-dem/10/FG-GML-6040-25-dem10b-20161001.tif,1282273,7a988fb66ac42e87041493204fb16c25
https://data.source.coop/smartmaps/japan-geotiff-dem/10/FG-GML-6040-26-dem10b-20161001.tif,1161795,b49046bee8a306e8e0d2cec4e6bd6f8f
https://data.source.coop/smartmaps/japan-geotiff-dem/10/FG-GML-6040-27-dem10b-20161001.tif,1332452,759486cda1ea998f96a9f312422cb77e
https://data.source.coop/smartmaps/japan-geotiff-dem/10/FG-GML-6040-30-dem10b-20161001.tif,960386,484ab4c347891f4a866a36045fbd6d68
https://data.source.coop/smartmaps/japan-geotiff-dem/10/FG-GML-6040-31-dem10b-20161001.tif,1327151,c3e9fc3fb3d7c42b8d6526a3efe5464a
https://data.source.coop/smartmaps/japan-geotiff-dem/10/FG-GML-6040-32-dem10b-20161001.tif,1331359,e40e9924ef45ac443a7c8335635d8e8c
https://data.source.coop/smartmaps/japan-geotiff-dem/10/FG-GML-6040-33-dem10b-20161001.tif,1196539,59d51085d27943e2ee7c2d6f12a68009
https://data.source.coop/smartmaps/japan-geotiff-dem/10/FG-GML-6040-34-dem10b-20161001.tif,1036517,5f1a2dd52814832f76aab153636e572b
https://data.source.coop/smartmaps/japan-geotiff-dem/10/FG-GML-6040-35-dem10b-20161001.tif,1327619,d8a0315c696254b985bd9121ff76cca3
https://data.source.coop/smartmaps/japan-geotiff-dem/10/FG-GML-6040-36-dem10b-20161001.tif,1121205,0a1aec4fc077e0b04159c3d53403d429
https://data.source.coop/smartmaps/japan-geotiff-dem/10/FG-GML-6040-37-dem10b-20161001.tif,1346666,24ccf72b609317346c61c4d8f743c574
https://data.source.coop/smartmaps/japan-geotiff-dem/10/FG-GML-6040-40-dem10b-20161001.tif,1274926,55401856fde68420026ecdf6e67452ca
https://data.source.coop/smartmaps/japan-geotiff-dem/10/FG-GML-6040-41-dem10b-20161001.tif,1366716,610aacbaeba2a614427cdde6d25575cd
https://data.source.coop/smartmaps/japan-geotiff-dem/10/FG-GML-6040-42-dem10b-20161001.tif,1372861,734b20b06c68784f9266d7168f290ecd
https://data.source.coop/smartmaps/japan-geotiff-dem/10/FG-GML-6040-43-dem10b-20161001.tif,1329016,68f54e16ee5e0546b9bf52e774cb9fbd
https://data.source.coop/smartmaps/japan-geotiff-dem/10/FG-GML-6040-44-dem10b-20161001.tif,1345145,3ba0dd908a1e3f2b530790b97fc90805
https://data.source.coop/smartmaps/japan-geotiff-dem/10/FG-GML-6040-45-dem10b-20161001.tif,1323599,95304cd2ad12e0163a7fa25e909036a4
https://data.source.coop/smartmaps/japan-geotiff-dem/10/FG-GML-6040-46-dem10b-20161001.tif,1320180,bec427faeb8956f748db2bebd7eda920
https://data.source.coop/smartmaps/japan-geotiff-dem/10/FG-GML-6040-47-dem10b-20161001.tif,1282871,02e4c4ef3030eba0b0e17ce24ef3d0a8
https://data.source.coop/smartmaps/japan-geotiff-dem/10/FG-GML-6040-50-dem10b-20161001.tif,1380096,aeb849243a05d0d6b561173e1b4dc44a
https://data.source.coop/smartmaps/japan-geotiff-dem/10/FG-GML-6040-51-dem10b-20161001.tif,1362155,b3b1b61f0eca75af765189b7f1a59598
https://data.source.coop/smartmaps/japan-geotiff-dem/10/FG-GML-6040-52-dem10b-20161001.tif,1347335,2216d85868a975a0859d31c55dacf706
https://data.source.coop/smartmaps/japan-geotiff-dem/10/FG-GML-6040-53-dem10b-20161001.tif,1346095,a80f472158ad89a4266afda5c41b4335
https://data.source.coop/smartmaps/japan-geotiff-dem/10/FG-GML-6040-54-dem10b-20161001.tif,1350316,7d44450b61b583471ea2c533e3c285b7
https://data.source.coop/smartmaps/japan-geotiff-dem/10/FG-GML-6040-55-dem10b-20161001.tif,1354763,8b08420612564cddec14ff9ca937a942
https://data.source.coop/smartmaps/japan-geotiff-dem/10/FG-GML-6040-56-dem10b-20161001.tif,967425,30bc3897b22980f8e3888a869654e2d9
https://data.source.coop/smartmaps/japan-geotiff-dem/10/FG-GML-6040-57-dem10b-20161001.tif,881010,1434dab2459a3ef278af1e30002a3274
https://data.source.coop/smartmaps/japan-geotiff-dem/10/FG-GML-6040-60-dem10b-20161001.tif,1372790,dd6112bc34e4385ac050c5a0abf8afd8
https://data.source.coop/smartmaps/japan-geotiff-dem/10/FG-GML-6040-61-dem10b-20161001.tif,1346144,73391207985d7f3a0dedfe660de94a2f
https://data.source.coop/smartmaps/japan-geotiff-dem/10/FG-GML-6040-62-dem10b-20161001.tif,1303168,c46c29715fe863d5ee27adb4c5f91158
https://data.source.coop/smartmaps/japan-geotiff-dem/10/FG-GML-6040-63-dem10b-20161001.tif,1207826,48607913d514a7dd59e84e554c5d7000
https://data.source.coop/smartmaps/japan-geotiff-dem/10/FG-GML-6040-64-dem10b-20161001.tif,1085052,db3f6ad2f44484ec35a2cfd0c60460bf
https://data.source.coop/smartmaps/japan-geotiff-dem/10/FG-GML-6040-65-dem10b-20161001.tif,1288877,9effa663fa98bd8262deeeed4f00ebc1
https://data.source.coop/smartmaps/japan-geotiff-dem/10/FG-GML-6040-66-dem10b-20161001.tif,1274488,ece96288a7f1dd22f0e1879c4db6e4d3
https://data.source.coop/smartmaps/japan-geotiff-dem/10/FG-GML-6040-67-dem10b-20161001.tif,1273504,ddb2a66a333de0ecd1ae3b6b43a66c82
https://data.source.coop/smartmaps/japan-geotiff-dem/10/FG-GML-6040-70-dem10b-20161001.tif,1373738,50d4d26151f116c1681e5737ece7a04d
https://data.source.coop/smartmaps/japan-geotiff-dem/10/FG-GML-6040-71-dem10a-20161001.tif,20267,9ff32ba58befa2fbec5cd22472cace1b
https://data.source.coop/smartmaps/japan-geotiff-dem/10/FG-GML-6040-71-dem10b-20161001.tif,1333112,1eba39f1303a7bccc8700f09d288d244
https://data.source.coop/smartmaps/japan-geotiff-dem/10/FG-GML-6040-72-dem10a-20161001.tif,554386,8a732ef3ff9df7dbc3c28c684c19b0b8
https://data.source.coop/smartmaps/japan-geotiff-dem/10/FG-GML-6040-72-dem10b-20161001.tif,1197425,663d837f7bdbaed86f302ca7d6b91f40
https://data.source.coop/smartmaps/japan-geotiff-dem/10/FG-GML-6040-73-dem10b-20161001.tif,761224,b3a5e196be262114660f95cf5dedf180
https://data.source.coop/smartmaps/japan-geotiff-dem/10/FG-GML-6040-74-dem10b-20161001.tif,615458,ac41bd326a6ec4362e41a5f0b3432f7a
https://data.source.coop/smartmaps/japan-geotiff-dem/10/FG-GML-6040-75-dem10b-20161001.tif,1281428,6467959b566db51dabd077e25862a093
https://data.source.coop/smartmaps/japan-geotiff-dem/10/FG-GML-6040-76-dem10b-20161001.tif,1301002,de1cd5f871ffa3f22b2e51a2f5e50dc1
https://data.source.coop/smartmaps/japan-geotiff-dem/10/FG-GML-6040-77-dem10b-20161001.tif,1251494,ad428b7100e35b731a41b0070665364a
https://data.source.coop/smartmaps/japan-geotiff-dem/10/FG-GML-6041-00-dem10b-20161001.tif,1303452,5ae82e2584218ecc69d71d79a917ed45
https://data.source.coop/smartmaps/japan-geotiff-dem/10/FG-GML-6041-01-dem10b-20161001.tif,1236033,45a422d56433039b39609772014cccfe
https://data.source.coop/smartmaps/japan-geotiff-dem/10/FG-GML-6041-02-dem10b-20161001.tif,1270149,d8c14f55ef56ce2540b6d220b5183137
https://data.source.coop/smartmaps/japan-geotiff-dem/10/FG-GML-6041-03-dem10b-20161001.tif,1318341,5f5ca220ec1c73f63ad74a7b402b3fa7
https://data.source.coop/smartmaps/japan-geotiff-dem/10/FG-GML-6041-04-dem10b-20161001.tif,1329100,fb321880d8fe5ac73cc500deb7976ab8
https://data.source.coop/smartmaps/japan-geotiff-dem/10/FG-GML-6041-05-dem10b-20161001.tif,1331515,d86ea2999de5c5209df02348daf40635
https://data.source.coop/smartmaps/japan-geotiff-dem/10/FG-GML-6041-06-dem10b-20161001.tif,1224762,c2eaa9aca2c8ceac2ed2a2ea733cf249
https://data.source.coop/smartmaps/japan-geotiff-dem/10/FG-GML-6041-07-dem10b-20161001.tif,194993,5044b1ec069408b7aff7f52f0ce01286
https://data.source.coop/smartmaps/japan-geotiff-dem/10/FG-GML-6041-10-dem10b-20161001.tif,1270098,038ad0eab9cfee8033733cbe1c5173c3
https://data.source.coop/smartmaps/japan-geotiff-dem/10/FG-GML-6041-11-dem10b-20161001.tif,1269538,d5ddcd700f65843e6d28fa4b795f78bd
https://data.source.coop/smartmaps/japan-geotiff-dem/10/FG-GML-6041-12-dem10b-20161001.tif,1310379,12436807d8f6f72429e4e3da959cf43a
https://data.source.coop/smartmaps/japan-geotiff-dem/10/FG-GML-6041-13-dem10b-20161001.tif,1314308,bc86a773b325e4ed210abdca7f5828de
https://data.source.coop/smartmaps/japan-geotiff-dem/10/FG-GML-6041-14-dem10b-20161001.tif,1324194,a3ed348b7500a5faf426baf857f8f62f
https://data.source.coop/smartmaps/japan-geotiff-dem/10/FG-GML-6041-15-dem10b-20161001.tif,1331434,f8e09675e89702db2672ef511ad6f169
https://data.source.coop/smartmaps/japan-geotiff-dem/10/FG-GML-6041-16-dem10b-20161001.tif,1008361,3699d50e26181825dbfa568ca1453874
https://data.source.coop/smartmaps/japan-geotiff-dem/10/FG-GML-6041-17-dem10b-20161001.tif,2591,85f4e3bb1ad2626a24c0893f705c1672
https://data.source.coop/smartmaps/japan-geotiff-dem/10/FG-GML-6041-20-dem10b-20161001.tif,1274603,d3994733bcf81c064d7b17e62685feb4
https://data.source.coop/smartmaps/japan-geotiff-dem/10/FG-GML-6041-21-dem10b-20161001.tif,1242480,65d59aa9d0877914af5dbac9c7a82ad1
https://data.source.coop/smartmaps/japan-geotiff-dem/10/FG-GML-6041-22-dem10b-20161001.tif,1296734,e47570b184a15ca8c6d474cc812e1dc0
https://data.source.coop/smartmaps/japan-geotiff-dem/10/FG-GML-6041-23-dem10b-20161001.tif,1252441,af4f1475c8365d5a74100fd8e0e6c910
https://data.source.coop/smartmaps/japan-geotiff-dem/10/FG-GML-6041-24-dem10b-20161001.tif,1304107,5996e33e3ac73e6b33d712f43cc740d0
https://data.source.coop/smartmaps/japan-geotiff-dem/10/FG-GML-6041-25-dem10b-20161001.tif,1282794,bc48206e5c30543f05af006a0e686ec9
https://data.source.coop/smartmaps/japan-geotiff-dem/10/FG-GML-6041-26-dem10b-20161001.tif,690286,68f46fef7f57b1031c778ac432496b98
https://data.source.coop/smartmaps/japan-geotiff-dem/10/FG-GML-6041-30-dem10b-20161001.tif,1291423,b433d2df2fd0be6f4a20e17690d54285
https://data.source.coop/smartmaps/japan-geotiff-dem/10/FG-GML-6041-31-dem10b-20161001.tif,1244193,ecdc69a23cb71eb5954b0dcbcd5a9326
https://data.source.coop/smartmaps/japan-geotiff-dem/10/FG-GML-6041-32-dem10b-20161001.tif,1273740,cd2842b3332183a07bd401c4af579c1f
https://data.source.coop/smartmaps/japan-geotiff-dem/10/FG-GML-6041-33-dem10b-20161001.tif,1214005,ab4f22e5e7ff9f29dc8bd95c3e098cec
https://data.source.coop/smartmaps/japan-geotiff-dem/10/FG-GML-6041-34-dem10b-20161001.tif,1243169,0dd3abe17f51727f95970d3b9457a822
https://data.source.coop/smartmaps/japan-geotiff-dem/10/FG-GML-6041-35-dem10b-20161001.tif,1151684,f08f9e29fc091003ab70604cb4cf5f5a
https://data.source.coop/smartmaps/japan-geotiff-dem/10/FG-GML-6041-36-dem10b-20161001.tif,480407,d016d6c32252a705b2eb87320a9c60f0
https://data.source.coop/smartmaps/japan-geotiff-dem/10/FG-GML-6041-40-dem10b-20161001.tif,1297341,bec27fbe95f5c639996bfca290fb094c
https://data.source.coop/smartmaps/japan-geotiff-dem/10/FG-GML-6041-41-dem10b-20161001.tif,1259950,f85c524285c4ecd37846547b34e45026
https://data.source.coop/smartmaps/japan-geotiff-dem/10/FG-GML-6041-42-dem10b-20161001.tif,1272439,1895d0de11bc95d7b69f7d75612ca022
https://data.source.coop/smartmaps/japan-geotiff-dem/10/FG-GML-6041-43-dem10b-20161001.tif,1224400,b0dd32bc24dccc8516cb4bedffa48271
https://data.source.coop/smartmaps/japan-geotiff-dem/10/FG-GML-6041-44-dem10b-20161001.tif,1278327,5b2837dc82cc8f2d01500576b20d771c
https://data.source.coop/smartmaps/japan-geotiff-dem/10/FG-GML-6041-45-dem10b-20161001.tif,1096161,9224d167755cd3ec16d6e53c91cab52d
https://data.source.coop/smartmaps/japan-geotiff-dem/10/FG-GML-6041-46-dem10b-20161001.tif,71235,1a66582ebcd9ea0d3eb4109d99e7a028
https://data.source.coop/smartmaps/japan-geotiff-dem/10/FG-GML-6041-50-dem10b-20161001.tif,1282311,8a91332f88e7bd4f5c209b8a45a32f30
https://data.source.coop/smartmaps/japan-geotiff-dem/10/FG-GML-6041-51-dem10b-20161001.tif,1237037,61fb331b1db280cd3299bc43b7bf61d2
https://data.source.coop/smartmaps/japan-geotiff-dem/10/FG-GML-6041-52-dem10b-20161001.tif,1233220,4f2740b3217da7af58b50919c33aa393
https://data.source.coop/smartmaps/japan-geotiff-dem/10/FG-GML-6041-53-dem10b-20161001.tif,1171691,2d593c98cbbb4613877407cd3c8b1911
https://data.source.coop/smartmaps/japan-geotiff-dem/10/FG-GML-6041-54-dem10b-20161001.tif,1083893,4c464985118ec53bbed290b146fbc648
https://data.source.coop/smartmaps/japan-geotiff-dem/10/FG-GML-6041-55-dem10b-20161001.tif,402575,634c28153c25a36f185ce553ed9f28e8
https://data.source.coop/smartmaps/japan-geotiff-dem/10/FG-GML-6041-60-dem10b-20161001.tif,1273548,a5f3077602f9712b5c50bf1074fdc7b8
https://data.source.coop/smartmaps/japan-geotiff-dem/10/FG-GML-6041-61-dem10b-20161001.tif,1110191,acfab210b72409c53552d311120a0af2
https://data.source.coop/smartmaps/japan-geotiff-dem/10/FG-GML-6041-62-dem10b-20161001.tif,1020889,650b7ef7e6419fd22e5194ef9868d9ab
https://data.source.coop/smartmaps/japan-geotiff-dem/10/FG-GML-6041-63-dem10b-20161001.tif,836428,6b551ac15c52e66f883cc843d6038fdd
https://data.source.coop/smartmaps/japan-geotiff-dem/10/FG-GML-6041-64-dem10b-20161001.tif,350941,d7e0cefd91d5ea214bfeba999e2573e5
https://data.source.coop/smartmaps/japan-geotiff-dem/10/FG-GML-6041-70-dem10b-20161001.tif,1227895,75eb046c97f516516ca148978e12acd6
https://data.source.coop/smartmaps/japan-geotiff-dem/10/FG-GML-6041-71-dem10b-20161001.tif,822990,17b3173feb85157322387dce5a72380e
https://data.source.coop/smartmaps/japan-geotiff-dem/10/FG-GML-6041-72-dem10b-20161001.tif,892645,46bb7fb9636e44242e56932d085a2183
https://data.source.coop/smartmaps/japan-geotiff-dem/10/FG-GML-6041-73-dem10b-20161001.tif,513529,88538545ab8fea325bf4ec6ecf2772ca
https://data.source.coop/smartmaps/japan-geotiff-dem/10/FG-GML-6139-07-dem10b-20161001.tif,254692,8dd21bfb1e32419ba75f75319d316b43
https://data.source.coop/smartmaps/japan-geotiff-dem/10/FG-GML-6140-00-dem10b-20161001.tif,1336844,782c8df0d5769440ca84791abd6bcb19
https://data.source.coop/smartmaps/japan-geotiff-dem/10/FG-GML-6140-01-dem10a-20161001.tif,12635,136674953221a1bc21dd9784d1b3e925
https://data.source.coop/smartmaps/japan-geotiff-dem/10/FG-GML-6140-01-dem10b-20161001.tif,1298252,405884452e6c9b816ad0a3e93e2aa0d3
https://data.source.coop/smartmaps/japan-geotiff-dem/10/FG-GML-6140-02-dem10a-20161001.tif,310686,fd2eaf9d69b3232f491b294409fe32f5
https://data.source.coop/smartmaps/japan-geotiff-dem/10/FG-GML-6140-02-dem10b-20161001.tif,1128867,01c08d895cab3b78b73bb6d46d2374cb
https://data.source.coop/smartmaps/japan-geotiff-dem/10/FG-GML-6140-03-dem10b-20161001.tif,591637,1b4de2a6e8011ed4255b9df2713be911
https://data.source.coop/smartmaps/japan-geotiff-dem/10/FG-GML-6140-04-dem10b-20161001.tif,610236,d4c1ca884982ecf7834ad66207593f91
https://data.source.coop/smartmaps/japan-geotiff-dem/10/FG-GML-6140-05-dem10b-20161001.tif,1239147,63c6186068c5a4bd9ebab79a29062baa
https://data.source.coop/smartmaps/japan-geotiff-dem/10/FG-GML-6140-06-dem10b-20161001.tif,1243582,b3c0687d21c77971e90600817976cb99
https://data.source.coop/smartmaps/japan-geotiff-dem/10/FG-GML-6140-07-dem10b-20161001.tif,1201040,557a49cd99673bbf4e483bdcd7c46a6a
https://data.source.coop/smartmaps/japan-geotiff-dem/10/FG-GML-6140-10-dem10b-20161001.tif,116705,c1f5ccc5ea12faf4e4834598b2475296
https://data.source.coop/smartmaps/japan-geotiff-dem/10/FG-GML-6140-11-dem10b-20161001.tif,360528,9f5a7bcf0c42a85274e27c217f5834bd
https://data.source.coop/smartmaps/japan-geotiff-dem/10/FG-GML-6140-12-dem10b-20161001.tif,736588,2c151a48201bc443ee7e2d3fd4c92b46
https://data.source.coop/smartmaps/japan-geotiff-dem/10/FG-GML-6140-13-dem10b-20161001.tif,380917,00f5fcd8180248418c8c83143cbe891c
https://data.source.coop/smartmaps/japan-geotiff-dem/10/FG-GML-6140-14-dem10b-20161001.tif,1197926,c6fbbd4f7388117e4561c3ef72651300
https://data.source.coop/smartmaps/japan-geotiff-dem/10/FG-GML-6140-15-dem10b-20161001.tif,1013801,08d62d984da3ba36c3df39b03f92b2af
https://data.source.coop/smartmaps/japan-geotiff-dem/10/FG-GML-6140-16-dem10b-20161001.tif,1011210,150ad77046ae7157980f7357e5144d8b
https://data.source.coop/smartmaps/japan-geotiff-dem/10/FG-GML-6140-17-dem10b-20161001.tif,1321999,bee30339812d10f72985aefb676866c4
https://data.source.coop/smartmaps/japan-geotiff-dem/10/FG-GML-6140-22-dem10b-20161001.tif,514726,6588b8e3d98b7e6004e9e6a0aef83463
https://data.source.coop/smartmaps/japan-geotiff-dem/10/FG-GML-6140-23-dem10b-20161001.tif,574894,99d7ab065c083d5736575d9511c87225
https://data.source.coop/smartmaps/japan-geotiff-dem/10/FG-GML-6140-24-dem10b-20161001.tif,1334535,820949ffaddfe9ae1fbf7d0a6e2b9e19
https://data.source.coop/smartmaps/japan-geotiff-dem/10/FG-GML-6140-25-dem10b-20161001.tif,512564,eb0fcbedcb9c654bf2c84ad35d2c0607
https://data.source.coop/smartmaps/japan-geotiff-dem/10/FG-GML-6140-26-dem10b-20161001.tif,392047,1af289e857e3d97f90b3f862e44922d5
https://data.source.coop/smartmaps/japan-geotiff-dem/10/FG-GML-6140-27-dem10b-20161001.tif,1288245,85a2f609eeb9aceea685007b2c73e753
https://data.source.coop/smartmaps/japan-geotiff-dem/10/FG-GML-6140-32-dem10b-20161001.tif,480051,5250075958d6f0dd67c130f644891985
https://data.source.coop/smartmaps/japan-geotiff-dem/10/FG-GML-6140-33-dem10b-20161001.tif,781463,ac808ea406dab874f9c4cd62f9713a91
https://data.source.coop/smartmaps/japan-geotiff-dem/10/FG-GML-6140-34-dem10b-20161001.tif,1354303,c5f87f8cb0fc24d8e5cc162a0f0987f4
https://data.source.coop/smartmaps/japan-geotiff-dem/10/FG-GML-6140-35-dem10b-20161001.tif,224214,41976427529379f2bdd1927156cfda4e
https://data.source.coop/smartmaps/japan-geotiff-dem/10/FG-GML-6140-36-dem10b-20161001.tif,152355,7b0d422f633177fce75f549f22c052a2
https://data.source.coop/smartmaps/japan-geotiff-dem/10/FG-GML-6140-37-dem10b-20161001.tif,999125,7422a8c3ba3dcdceb8b5841f4c7836f2
https://data.source.coop/smartmaps/japan-geotiff-dem/10/FG-GML-6140-42-dem10b-20161001.tif,293921,b6430185036e08d927f03c82297e2c4f
https://data.source.coop/smartmaps/japan-geotiff-dem/10/FG-GML-6140-43-dem10b-20161001.tif,1144212,b61cae537b1b533c9b289ce692131c58
https://data.source.coop/smartmaps/japan-geotiff-dem/10/FG-GML-6140-44-dem10b-20161001.tif,1305524,1f48e4970b5af92fcad2449716ec9607
https://data.source.coop/smartmaps/japan-geotiff-dem/10/FG-GML-6140-45-dem10b-20161001.tif,220684,5da6eed94222eb1d0a10b08fdf3a358a
https://data.source.coop/smartmaps/japan-geotiff-dem/10/FG-GML-6140-46-dem10b-20161001.tif,5161,0a5729f0fd2d21671322890bd05b85be
https://data.source.coop/smartmaps/japan-geotiff-dem/10/FG-GML-6140-47-dem10b-20161001.tif,41656,552b0bc203bd299af486600a75e7308b
https://data.source.coop/smartmaps/japan-geotiff-dem/10/FG-GML-6140-51-dem10b-20161001.tif,3952,b12687b46ab12d6d829b2f8bf58fe2ff
https://data.source.coop/smartmaps/japan-geotiff-dem/10/FG-GML-6140-52-dem10b-20161001.tif,836565,238c8840bc87ce7b7065cd5e732763e8
https://data.source.coop/smartmaps/japan-geotiff-dem/10/FG-GML-6140-53-dem10b-20161001.tif,1348632,3eefad60014aef8e0f3834998e4e1c73
https://data.source.coop/smartmaps/japan-geotiff-dem/10/FG-GML-6140-54-dem10b-20161001.tif,1327031,8cafa778553ccda51fd288f27ad125be
https://data.source.coop/smartmaps/japan-geotiff-dem/10/FG-GML-6140-55-dem10b-20161001.tif,130641,6e0fab691544e5e5ad305c6526b5c700
https://data.source.coop/smartmaps/japan-geotiff-dem/10/FG-GML-6140-56-dem10b-20161001.tif,354042,98fb2a4ad4c9701bf2bcb31ce6fb10cc
https://data.source.coop/smartmaps/japan-geotiff-dem/10/FG-GML-6140-57-dem10b-20161001.tif,6454,a1eca6f39ca2a7bd8463118523c92a61
https://data.source.coop/smartmaps/japan-geotiff-dem/10/FG-GML-6140-62-dem10b-20161001.tif,511293,e48062194f6adef2803b6d4d1789b6db
https://data.source.coop/smartmaps/japan-geotiff-dem/10/FG-GML-6140-63-dem10b-20161001.tif,638197,5ae872bd8eab249340a2c902a415b407
https://data.source.coop/smartmaps/japan-geotiff-dem/10/FG-GML-6140-64-dem10b-20161001.tif,780279,481e582b876b42a046e3b7ca4a785c50
https://data.source.coop/smartmaps/japan-geotiff-dem/10/FG-GML-6140-65-dem10b-20161001.tif,55768,f3fa637e79bb5b70dde9ed896cb554df
https://data.source.coop/smartmaps/japan-geotiff-dem/10/FG-GML-6140-66-dem10b-20161001.tif,1133345,1072547cf6d298b35e629d564314fcf8
https://data.source.coop/smartmaps/japan-geotiff-dem/10/FG-GML-6140-67-dem10b-20161001.tif,1111443,120dd585249e1c644b51625f2be73a0a
https://data.source.coop/smartmaps/japan-geotiff-dem/10/FG-GML-6140-72-dem10b-20161001.tif,29154,d903819b087fb1cd5cd8decacbba51e7
https://data.source.coop/smartmaps/japan-geotiff-dem/10/FG-GML-6140-76-dem10b-20161001.tif,862280,e64dbb8b2367551033a91b74838271fd
https://data.source.coop/smartmaps/japan-geotiff-dem/10/FG-GML-6140-77-dem10b-20161001.tif,1321932,88e7bb1e04065ac1387be4434d94386b
https://data.source.coop/smartmaps/japan-geotiff-dem/10/FG-GML-6141-00-dem10b-20161001.tif,1209413,8fbb31ec9f8a0189625e1123d37da53f
https://data.source.coop/smartmaps/japan-geotiff-dem/10/FG-GML-6141-01-dem10b-20161001.tif,937582,bbd85c3c90b7b9f43b4365da75a2c09d
https://data.source.coop/smartmaps/japan-geotiff-dem/10/FG-GML-6141-02-dem10b-20161001.tif,763603,571109738925704057392ab11df751e3
https://data.source.coop/smartmaps/japan-geotiff-dem/10/FG-GML-6141-03-dem10b-20161001.tif,297845,ec172b0215d015bbbb69c549fe009536
https://data.source.coop/smartmaps/japan-geotiff-dem/10/FG-GML-6141-10-dem10b-20161001.tif,1239204,ae86173371755f445e88c42130a1dff3
https://data.source.coop/smartmaps/japan-geotiff-dem/10/FG-GML-6141-11-dem10b-20161001.tif,1022280,55d706175c71212a58a86e542192b066
https://data.source.coop/smartmaps/japan-geotiff-dem/10/FG-GML-6141-12-dem10b-20161001.tif,650986,547564d985ff73b1f72a9e28b3102b27
https://data.source.coop/smartmaps/japan-geotiff-dem/10/FG-GML-6141-13-dem10b-20161001.tif,182578,e617273b3fc2179b39512a956c9ed845
https://data.source.coop/smartmaps/japan-geotiff-dem/10/FG-GML-6141-20-dem10b-20161001.tif,998631,ec0a0ef3b9d0632bbcb8b6e60df48260
https://data.source.coop/smartmaps/japan-geotiff-dem/10/FG-GML-6141-21-dem10b-20161001.tif,977553,bad2e5bfcca7a81987cf7bd4be718586
https://data.source.coop/smartmaps/japan-geotiff-dem/10/FG-GML-6141-22-dem10b-20161001.tif,957395,d2c6bcfe088ba58a9cd00fc96cee86b5
https://data.source.coop/smartmaps/japan-geotiff-dem/10/FG-GML-6141-23-dem10b-20161001.tif,114241,7162464855a44f849646121ac9704508
https://data.source.coop/smartmaps/japan-geotiff-dem/10/FG-GML-6141-30-dem10b-20161001.tif,45962,ede84de70e4d0a3b5fd6ceaa96f35102
https://data.source.coop/smartmaps/japan-geotiff-dem/10/FG-GML-6141-31-dem10b-20161001.tif,389930,6835dabd78bb690d7b3f986acdb35647
https://data.source.coop/smartmaps/japan-geotiff-dem/10/FG-GML-6141-32-dem10b-20161001.tif,1028732,06b12acd636df9cd20d7a620fbd8fdf2
https://data.source.coop/smartmaps/japan-geotiff-dem/10/FG-GML-6141-33-dem10b-20161001.tif,102600,8d1acbae7af322a2d025ef70e55bb578
https://data.source.coop/smartmaps/japan-geotiff-dem/10/FG-GML-6141-41-dem10b-20161001.tif,113260,bbcb495f40e0de3228811b0381ca2cb0
https://data.source.coop/smartmaps/japan-geotiff-dem/10/FG-GML-6141-42-dem10b-20161001.tif,1217307,21a110ecb17594090d387c20e383e063
https://data.source.coop/smartmaps/japan-geotiff-dem/10/FG-GML-6141-43-dem10b-20161001.tif,128542,568366deb0906530787e2223cc289249
https://data.source.coop/smartmaps/japan-geotiff-dem/10/FG-GML-6141-51-dem10b-20161001.tif,16362,51affa0c01902ffa1e1e5ff668dcfe53
https://data.source.coop/smartmaps/japan-geotiff-dem/10/FG-GML-6141-52-dem10b-20161001.tif,1153137,279c721fabbfc5eaec54839a136fc49b
https://data.source.coop/smartmaps/japan-geotiff-dem/10/FG-GML-6141-53-dem10b-20161001.tif,222405,1c8d310de4895028d298a15ed5444e89
https://data.source.coop/smartmaps/japan-geotiff-dem/10/FG-GML-6141-60-dem10b-20161001.tif,792390,87ec8b9f4b526394f8e5175f5e7fd70d
https://data.source.coop/smartmaps/japan-geotiff-dem/10/FG-GML-6141-61-dem10b-20161001.tif,86186,c37b3c8493f4729d916ce4f9f0353148
https://data.source.coop/smartmaps/japan-geotiff-dem/10/FG-GML-6141-62-dem10b-20161001.tif,1140181,734c275a42546bdf55c182c465f913f5
https://data.source.coop/smartmaps/japan-geotiff-dem/10/FG-GML-6141-63-dem10b-20161001.tif,236638,8de7d0b47aa12dc048e80fa70ff30d71
https://data.source.coop/smartmaps/japan-geotiff-dem/10/FG-GML-6141-70-dem10b-20161001.tif,1254705,67bbc787a7a04f024e083e8b41ced7a3
https://data.source.coop/smartmaps/japan-geotiff-dem/10/FG-GML-6141-71-dem10b-20161001.tif,873363,373f65d6cad7b56bd11816e8012bf01c
https://data.source.coop/smartmaps/japan-geotiff-dem/10/FG-GML-6141-72-dem10b-20161001.tif,1184508,59b213ca464433fa1ae5c1bf30d10d18
https://data.source.coop/smartmaps/japan-geotiff-dem/10/FG-GML-6141-73-dem10b-20161001.tif,465489,85f829404325331406ed0deee213b986
https://data.source.coop/smartmaps/japan-geotiff-dem/10/FG-GML-6239-06-dem10b-20161001.tif,36104,84faea8811a685b3e96793a828bc12cd
https://data.source.coop/smartmaps/japan-geotiff-dem/10/FG-GML-6239-12-dem10b-20161001.tif,11488,3f609fd70adccb96428fa743aa80ea79
https://data.source.coop/smartmaps/japan-geotiff-dem/10/FG-GML-6239-22-dem10b-20161001.tif,133908,2c5b08109b3f6c86db738d2341e96e39
https://data.source.coop/smartmaps/japan-geotiff-dem/10/FG-GML-6239-23-dem10b-20161001.tif,22338,859ed2f571efb394ae6c0e7c58b2db46
https://data.source.coop/smartmaps/japan-geotiff-dem/10/FG-GML-6239-27-dem10b-20161001.tif,99581,889e5beef813536e46cdc6a8e0238867
https://data.source.coop/smartmaps/japan-geotiff-dem/10/FG-GML-6239-37-dem10b-20161001.tif,129893,3d53fb8e19b200c4da7b79d39998c110
https://data.source.coop/smartmaps/japan-geotiff-dem/10/FG-GML-6240-00-dem10b-20161001.tif,1217,6823556c271e3db77851d0db34ffa1cc
https://data.source.coop/smartmaps/japan-geotiff-dem/10/FG-GML-6240-01-dem10b-20161001.tif,93383,257c9cacbdc3d232e88af63918bd3ec3
https://data.source.coop/smartmaps/japan-geotiff-dem/10/FG-GML-6240-06-dem10b-20161001.tif,568096,023bedec191009230e7401c181aae5e4
https://data.source.coop/smartmaps/japan-geotiff-dem/10/FG-GML-6240-07-dem10b-20161001.tif,1315234,da0103115c2062705404b08336eaaf2c
https://data.source.coop/smartmaps/japan-geotiff-dem/10/FG-GML-6240-10-dem10b-20161001.tif,886397,872f58c939760d3b76500475f5bbc3fe
https://data.source.coop/smartmaps/japan-geotiff-dem/10/FG-GML-6240-11-dem10b-20161001.tif,1304073,475dd66317125fbb9dfb5c01e135335d
https://data.source.coop/smartmaps/japan-geotiff-dem/10/FG-GML-6240-12-dem10b-20161001.tif,136364,f514c5a76316a44a97f0a54fc3c46b42
https://data.source.coop/smartmaps/japan-geotiff-dem/10/FG-GML-6240-16-dem10b-20161001.tif,94108,18b7dcc25032f171305379ec85723a66
https://data.source.coop/smartmaps/japan-geotiff-dem/10/FG-GML-6240-17-dem10b-20161001.tif,1254938,cc281b37a1e04c872930b516e1dfe5b9
https://data.source.coop/smartmaps/japan-geotiff-dem/10/FG-GML-6240-20-dem10b-20161001.tif,1392724,c5818e4eccfd095f8d5a39630d08e471
https://data.source.coop/smartmaps/japan-geotiff-dem/10/FG-GML-6240-21-dem10b-20161001.tif,1390548,bd7df3031375e143e6194d347b0fc515
https://data.source.coop/smartmaps/japan-geotiff-dem/10/FG-GML-6240-22-dem10b-20161001.tif,1305600,db1d995e49cfb8bee786340d32147019
https://data.source.coop/smartmaps/japan-geotiff-dem/10/FG-GML-6240-23-dem10b-20161001.tif,477274,f880d29f66de7b2764e88eec051edb2a
https://data.source.coop/smartmaps/japan-geotiff-dem/10/FG-GML-6240-27-dem10b-20161001.tif,236474,b357652c1b08cf95c34cb7ceedbdec45
https://data.source.coop/smartmaps/japan-geotiff-dem/10/FG-GML-6240-30-dem10b-20161001.tif,1378682,faf77ba74d982100bb851296df127ff3
https://data.source.coop/smartmaps/japan-geotiff-dem/10/FG-GML-6240-31-dem10b-20161001.tif,1368602,8cb441826f097ad24fcd945ec41a473b
https://data.source.coop/smartmaps/japan-geotiff-dem/10/FG-GML-6240-32-dem10b-20161001.tif,1314369,a9fdc869cdd8c906ae0bf6efc6be1d48
https://data.source.coop/smartmaps/japan-geotiff-dem/10/FG-GML-6240-33-dem10b-20161001.tif,480665,4b0253c3d0e5ff0e6ef8cf1bd81872d0
https://data.source.coop/smartmaps/japan-geotiff-dem/10/FG-GML-6240-40-dem10b-20161001.tif,1101970,aebf8a0c197707f647b0e184ade9f272
https://data.source.coop/smartmaps/japan-geotiff-dem/10/FG-GML-6240-41-dem10b-20161001.tif,1336870,1088b783ed52a1fbb3c0ebba0dbc0957
https://data.source.coop/smartmaps/japan-geotiff-dem/10/FG-GML-6240-42-dem10b-20161001.tif,1362846,800843e911caa60f874a94238efe81b1
https://data.source.coop/smartmaps/japan-geotiff-dem/10/FG-GML-6240-43-dem10b-20161001.tif,1122143,fc467caf7400678a6b5b1eddbedf759d
https://data.source.coop/smartmaps/japan-geotiff-dem/10/FG-GML-6240-44-dem10b-20161001.tif,405234,06227db712f502c01e3990f6c5f0f5aa
https://data.source.coop/smartmaps/japan-geotiff-dem/10/FG-GML-6240-45-dem10b-20161001.tif,29623,fa0d7862e31b9765b17943eee71cb2e2
https://data.source.coop/smartmaps/japan-geotiff-dem/10/FG-GML-6240-47-dem10b-20161001.tif,342856,5cecda880756b23f6ac597e041f2f382
https://data.source.coop/smartmaps/japan-geotiff-dem/10/FG-GML-6240-50-dem10b-20161001.tif,433075,b909030c487389556f0964873fbb2080
https://data.source.coop/smartmaps/japan-geotiff-dem/10/FG-GML-6240-51-dem10b-20161001.tif,1314535,60be207ae5a0796e50dde9687765e013
https://data.source.coop/smartmaps/japan-geotiff-dem/10/FG-GML-6240-52-dem10b-20161001.tif,1359625,213f525d98f3ea526bd8abf39754faa2
https://data.source.coop/smartmaps/japan-geotiff-dem/10/FG-GML-6240-53-dem10b-20161001.tif,1346472,4eef3abb835a48c94e856287df5e64c4
https://data.source.coop/smartmaps/japan-geotiff-dem/10/FG-GML-6240-54-dem10b-20161001.tif,1253086,0494f35a3d7baaf45f28fa4a3471a19f
https://data.source.coop/smartmaps/japan-geotiff-dem/10/FG-GML-6240-55-dem10b-20161001.tif,308345,3413512fbb5143dc80832901e95ce270
https://data.source.coop/smartmaps/japan-geotiff-dem/10/FG-GML-6240-56-dem10b-20161001.tif,875640,62727569b5b8e0675ee90f8120b766e1
https://data.source.coop/smartmaps/japan-geotiff-dem/10/FG-GML-6240-57-dem10b-20161001.tif,1319492,3741bb82adc16e7a8df19c58faa81262
https://data.source.coop/smartmaps/japan-geotiff-dem/10/FG-GML-6240-60-dem10b-20161001.tif,15834,6c05f31f1e6b47a3f0e7df4cbd05d56e
https://data.source.coop/smartmaps/japan-geotiff-dem/10/FG-GML-6240-61-dem10b-20161001.tif,1298340,50ce5c07f29f37fe9c20ce543a403109
https://data.source.coop/smartmaps/japan-geotiff-dem/10/FG-GML-6240-62-dem10b-20161001.tif,1262543,f8c21518e1c061691ba5843708cbf3ed
https://data.source.coop/smartmaps/japan-geotiff-dem/10/FG-GML-6240-63-dem10b-20161001.tif,1354192,c70f5e148acd8772dab6167c576b35b6
https://data.source.coop/smartmaps/japan-geotiff-dem/10/FG-GML-6240-64-dem10b-20161001.tif,1339204,dd73fa659b7c8535b16d156645b89c95
https://data.source.coop/smartmaps/japan-geotiff-dem/10/FG-GML-6240-65-dem10b-20161001.tif,790178,264db28f6b0f035cdb0a493a1f6d364d
https://data.source.coop/smartmaps/japan-geotiff-dem/10/FG-GML-6240-66-dem10b-20161001.tif,1291651,97b4a0c4ae3cefe5bf12cf8bae8bd400
https://data.source.coop/smartmaps/japan-geotiff-dem/10/FG-GML-6240-67-dem10b-20161001.tif,1310332,db632324f676d28e144dde64d8221193
https://data.source.coop/smartmaps/japan-geotiff-dem/10/FG-GML-6240-70-dem10b-20161001.tif,5296,b27b959ccb37424478c68e183ad1600c
https://data.source.coop/smartmaps/japan-geotiff-dem/10/FG-GML-6240-71-dem10b-20161001.tif,1104295,007413f1dfa9c4ceeea1acfde25005dc
https://data.source.coop/smartmaps/japan-geotiff-dem/10/FG-GML-6240-72-dem10b-20161001.tif,1248769,58e57f07363ea6f2a879ac071b0da1fc
https://data.source.coop/smartmaps/japan-geotiff-dem/10/FG-GML-6240-73-dem10b-20161001.tif,1330288,9ba70cf90de02975afeb5dac0857c319
https://data.source.coop/smartmaps/japan-geotiff-dem/10/FG-GML-6240-74-dem10b-20161001.tif,1326944,d7e3c39e46de3e041cbbfa8f5e82b91e
https://data.source.coop/smartmaps/japan-geotiff-dem/10/FG-GML-6240-75-dem10b-20161001.tif,1087112,56419d43877982a6dd51a0bd0732dbe4
https://data.source.coop/smartmaps/japan-geotiff-dem/10/FG-GML-6240-76-dem10b-20161001.tif,1283671,07146be2edac8e7e9138da4542ed34bc
https://data.source.coop/smartmaps/japan-geotiff-dem/10/FG-GML-6240-77-dem10b-20161001.tif,551733,aeafbdc473ebc5e7633c89474c0b277c
https://data.source.coop/smartmaps/japan-geotiff-dem/10/FG-GML-6241-00-dem10b-20161001.tif,1329532,a0a938472e1f5fe63ab4dc6feed33555
https://data.source.coop/smartmaps/japan-geotiff-dem/10/FG-GML-6241-01-dem10b-20161001.tif,821451,952a3af44e89b09bc5a93b96e06d8f91
https://data.source.coop/smartmaps/japan-geotiff-dem/10/FG-GML-6241-02-dem10b-20161001.tif,327313,dc3e7d7052cbabac4e13ea62fdd21d43
https://data.source.coop/smartmaps/japan-geotiff-dem/10/FG-GML-6241-03-dem10b-20161001.tif,576428,28632c418bc407f99359ca5660309a1d
https://data.source.coop/smartmaps/japan-geotiff-dem/10/FG-GML-6241-10-dem10b-20161001.tif,958197,7deddaf7125a67647cea7504db6897fd
https://data.source.coop/smartmaps/japan-geotiff-dem/10/FG-GML-6241-11-dem10b-20161001.tif,71740,32c18bbf8baca4e301eb59a4423d0477
https://data.source.coop/smartmaps/japan-geotiff-dem/10/FG-GML-6241-13-dem10b-20161001.tif,28644,9da1055faf2598b55108db6fa11fde15
https://data.source.coop/smartmaps/japan-geotiff-dem/10/FG-GML-6241-40-dem10b-20161001.tif,245912,5634b3c9e551d45f5324659816259435
https://data.source.coop/smartmaps/japan-geotiff-dem/10/FG-GML-6241-50-dem10b-20161001.tif,1199015,c99d734cada89b73147855c8cf6097d3
https://data.source.coop/smartmaps/japan-geotiff-dem/10/FG-GML-6241-51-dem10b-20161001.tif,283674,836782f8dfc26407e9cc2e0dfd39c874
https://data.source.coop/smartmaps/japan-geotiff-dem/10/FG-GML-6241-60-dem10b-20161001.tif,894425,31b44dc22160c76ab801f30bc23ab835
https://data.source.coop/smartmaps/japan-geotiff-dem/10/FG-GML-6241-61-dem10b-20161001.tif,77795,5e02b52dceae6304ff445e1c7f0cb518
https://data.source.coop/smartmaps/japan-geotiff-dem/10/FG-GML-6243-62-dem10b-20161001.tif,1343,27561bfc829fd3532a1c098bd9da3255
https://data.source.coop/smartmaps/japan-geotiff-dem/10/FG-GML-6243-71-dem10b-20161001.tif,513329,fdc19787fe4ed04add7f9706f2d63929
https://data.source.coop/smartmaps/japan-geotiff-dem/10/FG-GML-6243-72-dem10b-20161001.tif,13318,5469c5e3266ad5c80cf938c99ea7bd46
https://data.source.coop/smartmaps/japan-geotiff-dem/10/FG-GML-6339-03-dem10b-20161001.tif,139780,5c5e1f942b3bb0227f1d8e5a72c45c56
https://data.source.coop/smartmaps/japan-geotiff-dem/10/FG-GML-6339-13-dem10b-20161001.tif,852389,f9793ee779a101032956a09ab9fb4f1c
https://data.source.coop/smartmaps/japan-geotiff-dem/10/FG-GML-6339-14-dem10b-20161001.tif,144402,32dfb5e6b4fac00a2b4161279a79ecbd
https://data.source.coop/smartmaps/japan-geotiff-dem/10/FG-GML-6339-17-dem10b-20161001.tif,459958,a2ebc6cf42fdc61ae6ac53a66fb01083
https://data.source.coop/smartmaps/japan-geotiff-dem/10/FG-GML-6339-23-dem10b-20161001.tif,574797,21949ff8a398e025a77fea2efd72b1bc
https://data.source.coop/smartmaps/japan-geotiff-dem/10/FG-GML-6339-24-dem10b-20161001.tif,339193,34b49d9bc68bc2ff94508c4e0039f01f
https://data.source.coop/smartmaps/japan-geotiff-dem/10/FG-GML-6339-26-dem10b-20161001.tif,320315,c99a3469efbe6edb443cf5b76a7bb7e8
https://data.source.coop/smartmaps/japan-geotiff-dem/10/FG-GML-6339-27-dem10b-20161001.tif,1272948,2b4662cb3ffd4a7074f043cb0eaf9a73
https://data.source.coop/smartmaps/japan-geotiff-dem/10/FG-GML-6339-34-dem10b-20161001.tif,2924,3b60f7a3cdff35ef30b528454213ece4
https://data.source.coop/smartmaps/japan-geotiff-dem/10/FG-GML-6339-36-dem10b-20161001.tif,1073111,931c8ea455a5a9faa4e0837d7937133b
https://data.source.coop/smartmaps/japan-geotiff-dem/10/FG-GML-6339-37-dem10b-20161001.tif,1272991,88a6a082695ceb30b84100dd9bf3a6bf
https://data.source.coop/smartmaps/japan-geotiff-dem/10/FG-GML-6339-46-dem10b-20161001.tif,693157,448db9e5aa887957a7dddbcca66c2191
https://data.source.coop/smartmaps/japan-geotiff-dem/10/FG-GML-6339-47-dem10b-20161001.tif,1188015,80e3b14f01cf5432ee698c28dbf6fca4
https://data.source.coop/smartmaps/japan-geotiff-dem/10/FG-GML-6339-56-dem10b-20161001.tif,321233,540710e31ce56dc93d758fbdc9d2a276
https://data.source.coop/smartmaps/japan-geotiff-dem/10/FG-GML-6339-57-dem10b-20161001.tif,1106612,1b62fbd3a3161a3c96bcadb6eade7686
https://data.source.coop/smartmaps/japan-geotiff-dem/10/FG-GML-6339-66-dem10b-20161001.tif,435534,a2bfa5eb936148331bb678743f328d8e
https://data.source.coop/smartmaps/japan-geotiff-dem/10/FG-GML-6339-67-dem10b-20161001.tif,1338181,a5019fd1f94eaec6070ecc07e8ee668d
https://data.source.coop/smartmaps/japan-geotiff-dem/10/FG-GML-6339-76-dem10b-20161001.tif,430075,263f9874780dd74408c336da3412eb42
https://data.source.coop/smartmaps/japan-geotiff-dem/10/FG-GML-6339-77-dem10b-20161001.tif,1364507,cd59e19d45e9d848457e5fa211cde636
https://data.source.coop/smartmaps/japan-geotiff-dem/10/FG-GML-6340-00-dem10b-20161001.tif,453102,9252d61cbdfa6deba7e4f008e977d7a2
https://data.source.coop/smartmaps/japan-geotiff-dem/10/FG-GML-6340-01-dem10b-20161001.tif,1345386,c64b1994d8f9b4069ff2871c7a508ec2
https://data.source.coop/smartmaps/japan-geotiff-dem/10/FG-GML-6340-02-dem10b-20161001.tif,1372651,627a5f76c9a59ecebb94695bb6efc582
https://data.source.coop/smartmaps/japan-geotiff-dem/10/FG-GML-6340-03-dem10b-20161001.tif,1344465,6e511c16fa537e411bf4912db835c742
https://data.source.coop/smartmaps/japan-geotiff-dem/10/FG-GML-6340-04-dem10b-20161001.tif,1225003,f5e42df50a8bd24fdb8fc1807f71be65
https://data.source.coop/smartmaps/japan-geotiff-dem/10/FG-GML-6340-05-dem10b-20161001.tif,1055907,566d4c7ea10f9e734e3b1da950dbde2c
https://data.source.coop/smartmaps/japan-geotiff-dem/10/FG-GML-6340-06-dem10b-20161001.tif,659696,7f5cb2116be9f3351ce75ea24106fd6c
https://data.source.coop/smartmaps/japan-geotiff-dem/10/FG-GML-6340-07-dem10b-20161001.tif,7371,820973febdd88b84d1bfffe083ba6b5a
https://data.source.coop/smartmaps/japan-geotiff-dem/10/FG-GML-6340-10-dem10b-20161001.tif,1204193,8425f614c028537a99120991ee6c589e
https://data.source.coop/smartmaps/japan-geotiff-dem/10/FG-GML-6340-11-dem10b-20161001.tif,1350391,8b1cf75ab1a345c779eb0f0083a89239
https://data.source.coop/smartmaps/japan-geotiff-dem/10/FG-GML-6340-12-dem10b-20161001.tif,1328064,f0bfce3275bc0077453b4e852da781ac
https://data.source.coop/smartmaps/japan-geotiff-dem/10/FG-GML-6340-13-dem10b-20161001.tif,1281602,4f9f34551b3f6108640425bb2a18340c
https://data.source.coop/smartmaps/japan-geotiff-dem/10/FG-GML-6340-14-dem10b-20161001.tif,485588,0141cbfd0e2f8b632cba09565a0f4c94
https://data.source.coop/smartmaps/japan-geotiff-dem/10/FG-GML-6340-15-dem10b-20161001.tif,581589,e95dee0921c244b277370e77aa12edb5
https://data.source.coop/smartmaps/japan-geotiff-dem/10/FG-GML-6340-16-dem10b-20161001.tif,73229,8468e0e418c27680d8809f3c16408b3c
https://data.source.coop/smartmaps/japan-geotiff-dem/10/FG-GML-6340-20-dem10b-20161001.tif,1358109,66d87b7ea4a7d7af8ca399faad5c4090
https://data.source.coop/smartmaps/japan-geotiff-dem/10/FG-GML-6340-21-dem10b-20161001.tif,1261277,ae3a1fec89ca747b833b65adc9706ae3
https://data.source.coop/smartmaps/japan-geotiff-dem/10/FG-GML-6340-22-dem10b-20161001.tif,1030814,3db5cfcf5086ba47ea12d47d72c2058c
https://data.source.coop/smartmaps/japan-geotiff-dem/10/FG-GML-6340-23-dem10b-20161001.tif,313245,66913a3350105c11fab36d6580dfcb2e
https://data.source.coop/smartmaps/japan-geotiff-dem/10/FG-GML-6340-30-dem10b-20161001.tif,1242210,9711ad0619eedfe192a99c32b6d277ed
https://data.source.coop/smartmaps/japan-geotiff-dem/10/FG-GML-6340-31-dem10b-20161001.tif,1225708,112c7d5335fcce36a25126e24dd8cadb
https://data.source.coop/smartmaps/japan-geotiff-dem/10/FG-GML-6340-32-dem10b-20161001.tif,157424,7d2e0463226baf1e181f25a1d364250f
https://data.source.coop/smartmaps/japan-geotiff-dem/10/FG-GML-6340-37-dem10b-20161001.tif,172319,4f82b849b33a5a6109829abbed220c95
https://data.source.coop/smartmaps/japan-geotiff-dem/10/FG-GML-6340-40-dem10b-20161001.tif,1225780,98f0de5fe8ae2af2b66d6c4e54b6c36a
https://data.source.coop/smartmaps/japan-geotiff-dem/10/FG-GML-6340-41-dem10b-20161001.tif,1304977,01cef55901749c9cdc7b25f297124a69
https://data.source.coop/smartmaps/japan-geotiff-dem/10/FG-GML-6340-42-dem10b-20161001.tif,473674,088872e7eb9876bd4264b8f65ee57c33
https://data.source.coop/smartmaps/japan-geotiff-dem/10/FG-GML-6340-47-dem10b-20161001.tif,654834,47cba8a4dd9d0d1245d6d25130358531
https://data.source.coop/smartmaps/japan-geotiff-dem/10/FG-GML-6340-50-dem10b-20161001.tif,1260128,3250716332dab76de253a72b71d5a73d
https://data.source.coop/smartmaps/japan-geotiff-dem/10/FG-GML-6340-51-dem10b-20161001.tif,1295187,04122bd3fbf0315ddb1bb0026c8fdb56
https://data.source.coop/smartmaps/japan-geotiff-dem/10/FG-GML-6340-52-dem10b-20161001.tif,940458,c2968470e03ebe248cd2cb15ff2f3930
https://data.source.coop/smartmaps/japan-geotiff-dem/10/FG-GML-6340-56-dem10a-20161001.tif,281258,b01963a2d6fb59ecf7505f88c1aaae25
https://data.source.coop/smartmaps/japan-geotiff-dem/10/FG-GML-6340-56-dem10b-20161001.tif,165146,e011b4b49d7200b5f23f6ec79365e511
https://data.source.coop/smartmaps/japan-geotiff-dem/10/FG-GML-6340-57-dem10a-20161001.tif,178031,71e72588cc85eac37d6133bde5612c00
https://data.source.coop/smartmaps/japan-geotiff-dem/10/FG-GML-6340-57-dem10b-20161001.tif,1159298,79dc31c1dc2a803b48ae692b698d20d5
https://data.source.coop/smartmaps/japan-geotiff-dem/10/FG-GML-6340-60-dem10b-20161001.tif,1339704,b7dc29d2f2cd11d0c4b30852267c4a02
https://data.source.coop/smartmaps/japan-geotiff-dem/10/FG-GML-6340-61-dem10b-20161001.tif,1345437,9ad02242d8a6af0cd89357f897e63f4f
https://data.source.coop/smartmaps/japan-geotiff-dem/10/FG-GML-6340-62-dem10b-20161001.tif,1230052,54c2adb8f156a16e77bdb1760e881454
https://data.source.coop/smartmaps/japan-geotiff-dem/10/FG-GML-6340-63-dem10b-20161001.tif,283821,4bb6c5db41449eee14f2403c04f0f2b9
https://data.source.coop/smartmaps/japan-geotiff-dem/10/FG-GML-6340-64-dem10b-20161001.tif,106506,819cb106bd889d6e3f6bbded613f674a
https://data.source.coop/smartmaps/japan-geotiff-dem/10/FG-GML-6340-65-dem10b-20161001.tif,95626,08de7d2e10261dd79bf7bd666d3ed183
https://data.source.coop/smartmaps/japan-geotiff-dem/10/FG-GML-6340-66-dem10a-20161001.tif,1241879,891c4a3ace66f8081bd4a3081a392972
https://data.source.coop/smartmaps/japan-geotiff-dem/10/FG-GML-6340-66-dem10b-20161001.tif,910385,93595ab2bcef9a8ab8d0952f7e8d5269
https://data.source.coop/smartmaps/japan-geotiff-dem/10/FG-GML-6340-67-dem10a-20161001.tif,334243,bcf56dfd36d8953cf93a60acb082421a
https://data.source.coop/smartmaps/japan-geotiff-dem/10/FG-GML-6340-67-dem10b-20161001.tif,1175911,82e20347ec850b4bb7fd39570f15656b
https://data.source.coop/smartmaps/japan-geotiff-dem/10/FG-GML-6340-70-dem10b-20161001.tif,1345279,ec10ed242b1c6b01cf0024eede5af8fb
https://data.source.coop/smartmaps/japan-geotiff-dem/10/FG-GML-6340-71-dem10b-20161001.tif,1338789,c18de04782f3d219e42c8436ed950bb9
https://data.source.coop/smartmaps/japan-geotiff-dem/10/FG-GML-6340-72-dem10b-20161001.tif,1201808,baf3c45b6517227325b5152f418f3303
https://data.source.coop/smartmaps/japan-geotiff-dem/10/FG-GML-6340-73-dem10b-20161001.tif,1177917,f99fe6afb46ebbffac9352e1136c2839
https://data.source.coop/smartmaps/japan-geotiff-dem/10/FG-GML-6340-74-dem10b-20161001.tif,1284947,175ae664c14f3bd2dc2cf3e61bad13ca
https://data.source.coop/smartmaps/japan-geotiff-dem/10/FG-GML-6340-75-dem10b-20161001.tif,1252486,9059ec572bd53bab4509f5a3d82fd1b1
https://data.source.coop/smartmaps/japan-geotiff-dem/10/FG-GML-6340-76-dem10b-20161001.tif,775098,5de6d66fa1ab92a25661833354c24c1d
https://data.source.coop/smartmaps/japan-geotiff-dem/10/FG-GML-6340-77-dem10b-20161001.tif,1037985,f4b0bb2d73847190d8c5b76f13370b93
https://data.source.coop/smartmaps/japan-geotiff-dem/10/FG-GML-6341-30-dem10b-20161001.tif,63029,637dc94805c0f049c2819e45ad3642ac
https://data.source.coop/smartmaps/japan-geotiff-dem/10/FG-GML-6341-40-dem10b-20161001.tif,628499,7a1b3ccc949c98b881b7a2ea458a3c59
https://data.source.coop/smartmaps/japan-geotiff-dem/10/FG-GML-6341-50-dem10b-20161001.tif,1255132,cc1bb36ffdd9a7a6898560efb9ae590c
https://data.source.coop/smartmaps/japan-geotiff-dem/10/FG-GML-6341-51-dem10b-20161001.tif,720405,572fd2b49035a3746841d5b0c8a42006
https://data.source.coop/smartmaps/japan-geotiff-dem/10/FG-GML-6341-52-dem10b-20161001.tif,24421,4bc0d886afe8cab6ada4574a0a2077db
https://data.source.coop/smartmaps/japan-geotiff-dem/10/FG-GML-6341-60-dem10b-20161001.tif,1272060,2d97c6376bac3672602dfc3aac899b59
https://data.source.coop/smartmaps/japan-geotiff-dem/10/FG-GML-6341-61-dem10b-20161001.tif,1223457,39c06297c1d04edc950b515715a5bb40
https://data.source.coop/smartmaps/japan-geotiff-dem/10/FG-GML-6341-62-dem10b-20161001.tif,788403,721554439d5d059689b3a88bd750bfcf
https://data.source.coop/smartmaps/japan-geotiff-dem/10/FG-GML-6341-63-dem10b-20161001.tif,88430,104b9af45025bcc654c4539f7989d665
https://data.source.coop/smartmaps/japan-geotiff-dem/10/FG-GML-6341-66-dem10b-20161001.tif,1446,791c618995b2048aee4ab1400817fb6a
https://data.source.coop/smartmaps/japan-geotiff-dem/10/FG-GML-6341-67-dem10b-20161001.tif,341176,4bd7b87372d097992af8d8c181301274
https://data.source.coop/smartmaps/japan-geotiff-dem/10/FG-GML-6341-70-dem10b-20161001.tif,1228394,71f7558840f72d3249a2ca47497d72df
https://data.source.coop/smartmaps/japan-geotiff-dem/10/FG-GML-6341-71-dem10b-20161001.tif,1289925,c07d7e35e9011458775e8876ce37ba7c
https://data.source.coop/smartmaps/japan-geotiff-dem/10/FG-GML-6341-72-dem10b-20161001.tif,1289680,fb4b65c9ef884308cf0129bf7c0c6576
https://data.source.coop/smartmaps/japan-geotiff-dem/10/FG-GML-6341-73-dem10b-20161001.tif,993305,27c4e5fed6894142d90d10d3fb081717
https://data.source.coop/smartmaps/japan-geotiff-dem/10/FG-GML-6341-74-dem10b-20161001.tif,500208,cddb025d9a597c6d9292a5ac1942d6a8
https://data.source.coop/smartmaps/japan-geotiff-dem/10/FG-GML-6341-75-dem10b-20161001.tif,187067,006ed32bc9c61438623cefc419193952
https://data.source.coop/smartmaps/japan-geotiff-dem/10/FG-GML-6341-76-dem10b-20161001.tif,435610,0c341675b42bf0a30c655588bba14f91
https://data.source.coop/smartmaps/japan-geotiff-dem/10/FG-GML-6341-77-dem10b-20161001.tif,960452,44d70013fcd6adb5a9a3f028392bc577
https://data.source.coop/smartmaps/japan-geotiff-dem/10/FG-GML-6342-16-dem10b-20161001.tif,273626,a84ddce63b34bc8c05c3ddf7646b0b78
https://data.source.coop/smartmaps/japan-geotiff-dem/10/FG-GML-6342-17-dem10b-20161001.tif,748288,29630515f01eb2953ddcad6fc625c410
https://data.source.coop/smartmaps/japan-geotiff-dem/10/FG-GML-6342-24-dem10b-20161001.tif,122026,ed200dc8539a532503dd963fb0b3b9ab
https://data.source.coop/smartmaps/japan-geotiff-dem/10/FG-GML-6342-25-dem10b-20161001.tif,808208,3b097072c9b222775bee033257601f52
https://data.source.coop/smartmaps/japan-geotiff-dem/10/FG-GML-6342-26-dem10b-20161001.tif,1228851,3920ce1dbc9b1232f8f5cc1a10abd417
https://data.source.coop/smartmaps/japan-geotiff-dem/10/FG-GML-6342-27-dem10b-20161001.tif,1272478,3beac6774301a1aa788131e69e1d06a0
https://data.source.coop/smartmaps/japan-geotiff-dem/10/FG-GML-6342-32-dem10b-20161001.tif,12204,3c2f659a536ee5e69eadb10414bf559c
https://data.source.coop/smartmaps/japan-geotiff-dem/10/FG-GML-6342-33-dem10b-20161001.tif,596464,e5ade058a3460052d8ef90f0ea5fb8d8
https://data.source.coop/smartmaps/japan-geotiff-dem/10/FG-GML-6342-34-dem10b-20161001.tif,1229485,9a41f80a32efbc01aeed18578168eeef
https://data.source.coop/smartmaps/japan-geotiff-dem/10/FG-GML-6342-35-dem10b-20161001.tif,1235979,200499ff11a11314f42b274b9f5e4f40
https://data.source.coop/smartmaps/japan-geotiff-dem/10/FG-GML-6342-36-dem10b-20161001.tif,1328964,5d090f40b9d4b0435a70b69418439ca7
https://data.source.coop/smartmaps/japan-geotiff-dem/10/FG-GML-6342-37-dem10b-20161001.tif,1390645,3bc079bc1cb910dbc55427206d96d3ac
https://data.source.coop/smartmaps/japan-geotiff-dem/10/FG-GML-6342-41-dem10b-20161001.tif,23967,3d2b97b710313a3f2284da4cd49933fc
https://data.source.coop/smartmaps/japan-geotiff-dem/10/FG-GML-6342-42-dem10b-20161001.tif,777444,d04d0d263267728d7732f1e832fe3166
https://data.source.coop/smartmaps/japan-geotiff-dem/10/FG-GML-6342-43-dem10b-20161001.tif,1033114,5747e32ef78b74bf4b17714863f20eed
https://data.source.coop/smartmaps/japan-geotiff-dem/10/FG-GML-6342-44-dem10b-20161001.tif,1320304,b0a0dd57f9c790f3e28b80e25cdf5420
https://data.source.coop/smartmaps/japan-geotiff-dem/10/FG-GML-6342-45-dem10b-20161001.tif,1353645,ea535e4482d19d96b3f5587f1f433668
https://data.source.coop/smartmaps/japan-geotiff-dem/10/FG-GML-6342-46-dem10b-20161001.tif,1394729,acfcd8562c45f04787b6bbf7a3a019b2
https://data.source.coop/smartmaps/japan-geotiff-dem/10/FG-GML-6342-47-dem10b-20161001.tif,1399644,3b972c3e030ada59f34de872eb32f650
https://data.source.coop/smartmaps/japan-geotiff-dem/10/FG-GML-6342-50-dem10b-20161001.tif,260303,ac0459d93504d95a85ddec9806ab8650
https://data.source.coop/smartmaps/japan-geotiff-dem/10/FG-GML-6342-51-dem10b-20161001.tif,758009,02cbf409548b00a1b409f8e530dd7add
https://data.source.coop/smartmaps/japan-geotiff-dem/10/FG-GML-6342-52-dem10b-20161001.tif,1316598,d62123dd56333e098112291baa1758cd
https://data.source.coop/smartmaps/japan-geotiff-dem/10/FG-GML-6342-53-dem10b-20161001.tif,1158149,8ca1503d1fb94cd973ef69aa5ad39b15
https://data.source.coop/smartmaps/japan-geotiff-dem/10/FG-GML-6342-54-dem10b-20161001.tif,1336832,6e622f4777a0a99965507702d999746e
https://data.source.coop/smartmaps/japan-geotiff-dem/10/FG-GML-6342-55-dem10b-20161001.tif,1299612,7505955f66461314ca94503f746a0b2b
https://data.source.coop/smartmaps/japan-geotiff-dem/10/FG-GML-6342-56-dem10b-20161001.tif,1379483,e2ec7220ab6fa3bab61c32aea0bc9dd3
https://data.source.coop/smartmaps/japan-geotiff-dem/10/FG-GML-6342-57-dem10b-20161001.tif,1407188,5c4d125d5d241e4082da9667b91e1a30
https://data.source.coop/smartmaps/japan-geotiff-dem/10/FG-GML-6342-60-dem10b-20161001.tif,1000885,af52ba551cb5fcf3e6182f887765749d
https://data.source.coop/smartmaps/japan-geotiff-dem/10/FG-GML-6342-61-dem10b-20161001.tif,1240456,c68193c7c5703a2df8ba860705e1f2ff
https://data.source.coop/smartmaps/japan-geotiff-dem/10/FG-GML-6342-62-dem10b-20161001.tif,1321863,994eb909c4be90bde12e199fac2f8377
https://data.source.coop/smartmaps/japan-geotiff-dem/10/FG-GML-6342-63-dem10b-20161001.tif,1286081,74bc5cde694fd0590dfcc2e72dc8b480
https://data.source.coop/smartmaps/japan-geotiff-dem/10/FG-GML-6342-64-dem10b-20161001.tif,1372084,ca624f9bd0bb1433076d402a96eb8fc2
https://data.source.coop/smartmaps/japan-geotiff-dem/10/FG-GML-6342-65-dem10b-20161001.tif,1399187,8f176f71253e553b052c72460543ae57
https://data.source.coop/smartmaps/japan-geotiff-dem/10/FG-GML-6342-66-dem10b-20161001.tif,1399206,4e6637e03721a77688def40cf759b467
https://data.source.coop/smartmaps/japan-geotiff-dem/10/FG-GML-6342-67-dem10b-20161001.tif,1405049,4d0ba34f42b7dce50ab0fed0ee3a4605
https://data.source.coop/smartmaps/japan-geotiff-dem/10/FG-GML-6342-70-dem10b-20161001.tif,1234678,8bc04b00039b54a9ae45e12155b5195b
https://data.source.coop/smartmaps/japan-geotiff-dem/10/FG-GML-6342-71-dem10b-20161001.tif,1289419,5e5cd4ab30baa4d1b3369422e1d2acb2
https://data.source.coop/smartmaps/japan-geotiff-dem/10/FG-GML-6342-72-dem10b-20161001.tif,1278309,651a1c81ed0b86657ab2926a9ee02472
https://data.source.coop/smartmaps/japan-geotiff-dem/10/FG-GML-6342-73-dem10b-20161001.tif,1332440,1e4149ad29e1906c66f8c78ddbf5741a
https://data.source.coop/smartmaps/japan-geotiff-dem/10/FG-GML-6342-74-dem10b-20161001.tif,1342004,8349a56c75071559d243d761ac6f4108
https://data.source.coop/smartmaps/japan-geotiff-dem/10/FG-GML-6342-75-dem10b-20161001.tif,1398315,86bc0b1f5fb92da405d935366f20990a
https://data.source.coop/smartmaps/japan-geotiff-dem/10/FG-GML-6342-76-dem10b-20161001.tif,1396650,f17cd1fa134e53a31ce795a825081207
https://data.source.coop/smartmaps/japan-geotiff-dem/10/FG-GML-6342-77-dem10b-20161001.tif,1345019,8454203e99ae4dd7b55e15e5ff9d8419
https://data.source.coop/smartmaps/japan-geotiff-dem/10/FG-GML-6343-00-dem10b-20161001.tif,374680,5b3f9d55544a80c6b5a46cce05e7f811
https://data.source.coop/smartmaps/japan-geotiff-dem/10/FG-GML-6343-01-dem10b-20161001.tif,1227989,a2d6d7de8d5b1074001f6cad403b4ed8
https://data.source.coop/smartmaps/japan-geotiff-dem/10/FG-GML-6343-02-dem10b-20161001.tif,455783,d701708f946f346bbcc55e18da7dde94
https://data.source.coop/smartmaps/japan-geotiff-dem/10/FG-GML-6343-10-dem10b-20161001.tif,1359534,ae9f08a8ee3a4fa5e1c555d262811cb5
https://data.source.coop/smartmaps/japan-geotiff-dem/10/FG-GML-6343-11-dem10b-20161001.tif,1382402,9c0529a578aaac8e8de900e9a3401a0c
https://data.source.coop/smartmaps/japan-geotiff-dem/10/FG-GML-6343-12-dem10b-20161001.tif,778995,554523cdc78519c1c47178d433ceb408
https://data.source.coop/smartmaps/japan-geotiff-dem/10/FG-GML-6343-20-dem10b-20161001.tif,1362475,6b9f021fddd06d74632113b1ef20db26
https://data.source.coop/smartmaps/japan-geotiff-dem/10/FG-GML-6343-21-dem10b-20161001.tif,1363534,27a0015c76fb4c011ee9a1ff692ea3da
https://data.source.coop/smartmaps/japan-geotiff-dem/10/FG-GML-6343-22-dem10b-20161001.tif,809330,3c380282c00a347b295136ad5a2146ec
https://data.source.coop/smartmaps/japan-geotiff-dem/10/FG-GML-6343-30-dem10b-20161001.tif,1391787,519f02065d65fdf8ec67832760e0d7db
https://data.source.coop/smartmaps/japan-geotiff-dem/10/FG-GML-6343-31-dem10b-20161001.tif,1312184,5ce870e53908e7794210eaa7c3a0b7f9
https://data.source.coop/smartmaps/japan-geotiff-dem/10/FG-GML-6343-32-dem10b-20161001.tif,697382,fafb4f2934e5d1e033efbcb1a0bfd386
https://data.source.coop/smartmaps/japan-geotiff-dem/10/FG-GML-6343-40-dem10b-20161001.tif,1384275,9d1fc82e90c718e355d04e3ae0af3339
https://data.source.coop/smartmaps/japan-geotiff-dem/10/FG-GML-6343-41-dem10b-20161001.tif,1244828,6db3bb223ffe2d6b4f726d25b43c0686
https://data.source.coop/smartmaps/japan-geotiff-dem/10/FG-GML-6343-42-dem10b-20161001.tif,702786,8bdea98d6a9fee2ec9b54ce44f2fa69a
https://data.source.coop/smartmaps/japan-geotiff-dem/10/FG-GML-6343-43-dem10b-20161001.tif,20091,0925316bc95a6533bc930eea2715926f
https://data.source.coop/smartmaps/japan-geotiff-dem/10/FG-GML-6343-50-dem10b-20161001.tif,1382073,742bb596a55afb0eb405d0a356d9acca
https://data.source.coop/smartmaps/japan-geotiff-dem/10/FG-GML-6343-51-dem10b-20161001.tif,1229896,559ba0426ec2dd5664281f7b6ee2a809
https://data.source.coop/smartmaps/japan-geotiff-dem/10/FG-GML-6343-52-dem10b-20161001.tif,644509,b08aadd00d6a94bd11444d1c624da58f
https://data.source.coop/smartmaps/japan-geotiff-dem/10/FG-GML-6343-53-dem10b-20161001.tif,279852,7278455c18c3aebc07a8408f085fcf63
https://data.source.coop/smartmaps/japan-geotiff-dem/10/FG-GML-6343-60-dem10b-20161001.tif,1322986,0fd56e93d1b72e29d77cc152aed9f0c6
https://data.source.coop/smartmaps/japan-geotiff-dem/10/FG-GML-6343-61-dem10b-20161001.tif,839401,27802b3ca0a27311959c6de80d2dd25c
https://data.source.coop/smartmaps/japan-geotiff-dem/10/FG-GML-6343-62-dem10b-20161001.tif,821983,ad8297bb8be1ee99404c430d0b15276f
https://data.source.coop/smartmaps/japan-geotiff-dem/10/FG-GML-6343-63-dem10b-20161001.tif,890664,1882116f885fbe4f6b264838adac02e8
https://data.source.coop/smartmaps/japan-geotiff-dem/10/FG-GML-6343-64-dem10b-20161001.tif,76321,3784758dc3a5a7f26c95780e63abcc38
https://data.source.coop/smartmaps/japan-geotiff-dem/10/FG-GML-6343-70-dem10b-20161001.tif,1025950,f3ce04f9f1ee7a632b7fc5e4cfbe7940
https://data.source.coop/smartmaps/japan-geotiff-dem/10/FG-GML-6343-71-dem10b-20161001.tif,604385,66d41b6582634a51c2e49195038f3edb
https://data.source.coop/smartmaps/japan-geotiff-dem/10/FG-GML-6343-72-dem10b-20161001.tif,985507,41bb7c3fb49b6f63d997b998b65d446f
https://data.source.coop/smartmaps/japan-geotiff-dem/10/FG-GML-6343-73-dem10b-20161001.tif,1290156,8aee8f079d9087f1b067358404e714a0
https://data.source.coop/smartmaps/japan-geotiff-dem/10/FG-GML-6343-74-dem10b-20161001.tif,748356,52c328b5925cfe293caf7d177778ebaa
https://data.source.coop/smartmaps/japan-geotiff-dem/10/FG-GML-6343-75-dem10b-20161001.tif,2127,eadbe0e6877ba7677c1c618ca7fae0ab
https://data.source.coop/smartmaps/japan-geotiff-dem/10/FG-GML-6439-06-dem10b-20161001.tif,1275,7fb11a37f61e19841dd675f517d1e4f2
https://data.source.coop/smartmaps/japan-geotiff-dem/10/FG-GML-6439-07-dem10b-20161001.tif,310020,900ceac588f60a54e241b3d1282a0347
https://data.source.coop/smartmaps/japan-geotiff-dem/10/FG-GML-6440-00-dem10b-20161001.tif,776639,390dcd05547f55572e7dd58f972c2b42
https://data.source.coop/smartmaps/japan-geotiff-dem/10/FG-GML-6440-01-dem10b-20161001.tif,1317599,bb98f523228221eef79394f0405e8e6a
https://data.source.coop/smartmaps/japan-geotiff-dem/10/FG-GML-6440-02-dem10b-20161001.tif,1198824,6b1dd6ce34aa6db34dd577fb0139e772
https://data.source.coop/smartmaps/japan-geotiff-dem/10/FG-GML-6440-03-dem10b-20161001.tif,1245684,046acdd069f769d0a6b49334d5d86238
https://data.source.coop/smartmaps/japan-geotiff-dem/10/FG-GML-6440-04-dem10b-20161001.tif,1255253,2ffbe088c781ca4d1270e4fa25b56335
https://data.source.coop/smartmaps/japan-geotiff-dem/10/FG-GML-6440-05-dem10b-20161001.tif,1249871,ea25170c42bc74413af980d880d89057
https://data.source.coop/smartmaps/japan-geotiff-dem/10/FG-GML-6440-06-dem10b-20161001.tif,1176082,1145933533619f726699d448334ae086
https://data.source.coop/smartmaps/japan-geotiff-dem/10/FG-GML-6440-07-dem10b-20161001.tif,1246946,0dbc3cb7e4f48d705176f2d323cbcfd9
https://data.source.coop/smartmaps/japan-geotiff-dem/10/FG-GML-6440-11-dem10b-20161001.tif,665843,882b79ca20a9f8b3999652dd373e4e89
https://data.source.coop/smartmaps/japan-geotiff-dem/10/FG-GML-6440-12-dem10b-20161001.tif,856824,e40633ccb013b35d5aa688ea0e010c97
https://data.source.coop/smartmaps/japan-geotiff-dem/10/FG-GML-6440-13-dem10b-20161001.tif,1195528,b22126740bdea4a2b48cc8bab3d73bee
https://data.source.coop/smartmaps/japan-geotiff-dem/10/FG-GML-6440-14-dem10b-20161001.tif,1189512,e45a5deec3afdb38d12a32272d36ebf1
https://data.source.coop/smartmaps/japan-geotiff-dem/10/FG-GML-6440-15-dem10b-20161001.tif,1114541,cfaca646c054329b6fe6c115f5f7d364
https://data.source.coop/smartmaps/japan-geotiff-dem/10/FG-GML-6440-16-DEM10B-20161001.tif,1127646,d3d714e794c30efe091f5b5dcd89b08a
https://data.source.coop/smartmaps/japan-geotiff-dem/10/FG-GML-6440-17-dem10b-20161001.tif,1146710,3e9ff59481e4e0a83a643c1f50d91c5b
https://data.source.coop/smartmaps/japan-geotiff-dem/10/FG-GML-6440-22-dem10b-20161001.tif,227306,72617c19d70ab4a8157e8dcc76cff756
https://data.source.coop/smartmaps/japan-geotiff-dem/10/FG-GML-6440-23-dem10b-20161001.tif,1210165,3430cf68786af8e57e8d194a26efeefa
https://data.source.coop/smartmaps/japan-geotiff-dem/10/FG-GML-6440-24-dem10b-20161001.tif,1238081,eacdda01b428d8a707583caa10431085
https://data.source.coop/smartmaps/japan-geotiff-dem/10/FG-GML-6440-25-dem10b-20161001.tif,1149532,a0e33312b58d8eb6bc6510be50b598ba
https://data.source.coop/smartmaps/japan-geotiff-dem/10/FG-GML-6440-26-dem10b-20161001.tif,1028304,3ea4fd367ddb8add98d51aeb294db5b7
https://data.source.coop/smartmaps/japan-geotiff-dem/10/FG-GML-6440-27-dem10b-20161001.tif,1202373,1990625d8805a67eb781e67147226fd0
https://data.source.coop/smartmaps/japan-geotiff-dem/10/FG-GML-6440-33-dem10b-20161001.tif,524720,8f44dc14bc2968146b7b70067ecab1ab
https://data.source.coop/smartmaps/japan-geotiff-dem/10/FG-GML-6440-34-dem10b-20161001.tif,1080377,c6c5447259bb6c3513eb0401d232b8ae
https://data.source.coop/smartmaps/japan-geotiff-dem/10/FG-GML-6440-35-dem10b-20161001.tif,1214234,5f0fba34150781d783eaea3e5cfb53ae
https://data.source.coop/smartmaps/japan-geotiff-dem/10/FG-GML-6440-36-dem10b-20161001.tif,1175340,0a83e868fca6d50059ab3903a85737e0
https://data.source.coop/smartmaps/japan-geotiff-dem/10/FG-GML-6440-37-dem10b-20161001.tif,1272739,a47f54a35a7ce58bdfa9f7289e00e174
https://data.source.coop/smartmaps/japan-geotiff-dem/10/FG-GML-6440-43-dem10b-20161001.tif,55460,311048b4bb8034b8be250a0497a37e0e
https://data.source.coop/smartmaps/japan-geotiff-dem/10/FG-GML-6440-44-dem10b-20161001.tif,985337,8579fa7eac9103a351894398e8236b1c
https://data.source.coop/smartmaps/japan-geotiff-dem/10/FG-GML-6440-45-dem10b-20161001.tif,1274677,5057853b4f2dc0bfbf3797638de09bcd
https://data.source.coop/smartmaps/japan-geotiff-dem/10/FG-GML-6440-46-dem10b-20161001.tif,1227191,c6adfa12aa83cc8a6c34e56f48494aa3
https://data.source.coop/smartmaps/japan-geotiff-dem/10/FG-GML-6440-47-dem10b-20161001.tif,1280263,ee7b5335ed45a0799afd107dc8ae7e6b
https://data.source.coop/smartmaps/japan-geotiff-dem/10/FG-GML-6440-53-dem10b-20161001.tif,733526,2778337964a149766345e0c91dd0d9fd
https://data.source.coop/smartmaps/japan-geotiff-dem/10/FG-GML-6440-54-dem10b-20161001.tif,1340236,a2e2313ce7323223544670776931a1e6
https://data.source.coop/smartmaps/japan-geotiff-dem/10/FG-GML-6440-55-dem10b-20161001.tif,1321662,75076a1bee13c274201e2d6b4a18c379
https://data.source.coop/smartmaps/japan-geotiff-dem/10/FG-GML-6440-56-dem10b-20161001.tif,1187596,f83e2f0a1754c2cd5c2be12a657b22ec
https://data.source.coop/smartmaps/japan-geotiff-dem/10/FG-GML-6440-57-dem10b-20161001.tif,1287623,cdb4292ca11fe2fc810ae49b8ec21a90
https://data.source.coop/smartmaps/japan-geotiff-dem/10/FG-GML-6440-62-dem10b-20161001.tif,393944,d6333aefac35954ad5f5c022eaa5e77e
https://data.source.coop/smartmaps/japan-geotiff-dem/10/FG-GML-6440-63-dem10b-20161001.tif,1357653,c708e3954e1208455f5e499102ef1657
https://data.source.coop/smartmaps/japan-geotiff-dem/10/FG-GML-6440-64-dem10b-20161001.tif,1313851,19d41eafca0398c15ab25b0ff195ecdc
https://data.source.coop/smartmaps/japan-geotiff-dem/10/FG-GML-6440-65-dem10b-20161001.tif,1273687,aa0df345fe083c718f2895f8170c302f
https://data.source.coop/smartmaps/japan-geotiff-dem/10/FG-GML-6440-66-dem10b-20161001.tif,532172,eb9d50e4edb187c7347c779830e811a7
https://data.source.coop/smartmaps/japan-geotiff-dem/10/FG-GML-6440-67-dem10b-20161001.tif,865283,2a79dd0d56a00b33dab335fc2c7a29c7
https://data.source.coop/smartmaps/japan-geotiff-dem/10/FG-GML-6440-72-dem10b-20161001.tif,341909,5943d220fa89c0ca4aabc2509f6947c9
https://data.source.coop/smartmaps/japan-geotiff-dem/10/FG-GML-6440-73-dem10b-20161001.tif,1288129,7ffc1ff9cd06476d76a61965db7636c6
https://data.source.coop/smartmaps/japan-geotiff-dem/10/FG-GML-6440-74-dem10b-20161001.tif,1065603,3ee72e9029e861fa628b6d52a96f1fb8
https://data.source.coop/smartmaps/japan-geotiff-dem/10/FG-GML-6440-75-dem10b-20161001.tif,158981,38b283a4a06f06d67eaf7f2cd8ae7dce
https://data.source.coop/smartmaps/japan-geotiff-dem/10/FG-GML-6441-00-dem10b-20161001.tif,1252096,16f5affa6305c166b4c52cafa715c037
https://data.source.coop/smartmaps/japan-geotiff-dem/10/FG-GML-6441-01-dem10b-20161001.tif,1287011,af871d42d59a5847e1c711de219b3929
https://data.source.coop/smartmaps/japan-geotiff-dem/10/FG-GML-6441-02-dem10b-20161001.tif,838156,7fdf4fa2381042a8248714dd003addd6
https://data.source.coop/smartmaps/japan-geotiff-dem/10/FG-GML-6441-03-dem10b-20161001.tif,1010451,2bb477d9bfbe33b98798dfa005834f58
https://data.source.coop/smartmaps/japan-geotiff-dem/10/FG-GML-6441-04-dem10b-20161001.tif,962458,6c8c0a6ef8bd805ab3f35a055fb7d09e
https://data.source.coop/smartmaps/japan-geotiff-dem/10/FG-GML-6441-05-dem10b-20161001.tif,800680,c9b56076874d38f352522e6aeb41bba9
https://data.source.coop/smartmaps/japan-geotiff-dem/10/FG-GML-6441-06-dem10b-20161001.tif,841265,63af3acf42af1d369c7c37606761c5f4
https://data.source.coop/smartmaps/japan-geotiff-dem/10/FG-GML-6441-07-dem10b-20161001.tif,1234625,63492a1af2b8ef7e4c7a6176ff6c9e02
https://data.source.coop/smartmaps/japan-geotiff-dem/10/FG-GML-6441-10-dem10b-20161001.tif,1234592,2d3eeffa9868f5b871198f277853f8ef
https://data.source.coop/smartmaps/japan-geotiff-dem/10/FG-GML-6441-11-dem10b-20161001.tif,1220210,1e0a5c0844fac2a81eb3b79de91a6dc9
https://data.source.coop/smartmaps/japan-geotiff-dem/10/FG-GML-6441-12-dem10b-20161001.tif,794758,ce693c1f6fcb4bb12011ada34f14d09e
https://data.source.coop/smartmaps/japan-geotiff-dem/10/FG-GML-6441-13-dem10b-20161001.tif,980999,c387c101cd88a9ddc79a8e04daba47a5
https://data.source.coop/smartmaps/japan-geotiff-dem/10/FG-GML-6441-14-dem10b-20161001.tif,861768,87a07d1200e3fb7e5732e10470aa25e1
https://data.source.coop/smartmaps/japan-geotiff-dem/10/FG-GML-6441-15-dem10b-20161001.tif,749514,6004598ee8cffb684d9fa5e721ac1778
https://data.source.coop/smartmaps/japan-geotiff-dem/10/FG-GML-6441-16-dem10b-20161001.tif,995417,8a8d16f035588ce55ef5c71b65df0ce0
https://data.source.coop/smartmaps/japan-geotiff-dem/10/FG-GML-6441-17-dem10b-20161001.tif,1269463,669bda054b988e44efb5bb9172b9070f
https://data.source.coop/smartmaps/japan-geotiff-dem/10/FG-GML-6441-20-dem10b-20161001.tif,1222013,6f458df177a41d3a7037bc61254760e0
https://data.source.coop/smartmaps/japan-geotiff-dem/10/FG-GML-6441-21-dem10b-20161001.tif,1288695,2b3ef54025e290551dfa89de6ea44341
https://data.source.coop/smartmaps/japan-geotiff-dem/10/FG-GML-6441-22-dem10b-20161001.tif,1287742,9288b03d57f53bcbee37dd0805007620
https://data.source.coop/smartmaps/japan-geotiff-dem/10/FG-GML-6441-23-dem10b-20161001.tif,1211343,f4700294debd8f3514b156b3d81c4d46
https://data.source.coop/smartmaps/japan-geotiff-dem/10/FG-GML-6441-24-dem10b-20161001.tif,805812,4434361e8ac86d0f007fbc77d0faf8a7
https://data.source.coop/smartmaps/japan-geotiff-dem/10/FG-GML-6441-25-dem10b-20161001.tif,673488,b800f30d25293e7ee508f7199813dc1c
https://data.source.coop/smartmaps/japan-geotiff-dem/10/FG-GML-6441-26-dem10b-20161001.tif,1048377,9497805117a3ce1f7eec732cb470808b
https://data.source.coop/smartmaps/japan-geotiff-dem/10/FG-GML-6441-27-dem10b-20161001.tif,1269201,4bae19ca6f28c783c4be4d1e5cf1b7b8
https://data.source.coop/smartmaps/japan-geotiff-dem/10/FG-GML-6441-30-dem10b-20161001.tif,1308490,20e86c06e8bdb1536c29a98d4aa54c22
https://data.source.coop/smartmaps/japan-geotiff-dem/10/FG-GML-6441-31-dem10b-20161001.tif,1312231,1fc30c20c18da7dc758fd25d536d5485
https://data.source.coop/smartmaps/japan-geotiff-dem/10/FG-GML-6441-32-dem10b-20161001.tif,1196239,a947991a0f8ad07eb79bec7925aa894f
https://data.source.coop/smartmaps/japan-geotiff-dem/10/FG-GML-6441-33-dem10b-20161001.tif,1114814,c8d8b0377b65ad81ab1fd772d02968f8
https://data.source.coop/smartmaps/japan-geotiff-dem/10/FG-GML-6441-34-dem10b-20161001.tif,774454,e9bcad03e644bcd1b05769fb13b60e1b
https://data.source.coop/smartmaps/japan-geotiff-dem/10/FG-GML-6441-35-dem10b-20161001.tif,582509,4112b2c82b1339e25d8544d20b072d81
https://data.source.coop/smartmaps/japan-geotiff-dem/10/FG-GML-6441-36-dem10b-20161001.tif,707490,3b216fe5fdb22365e0727b2d66f13c3e
https://data.source.coop/smartmaps/japan-geotiff-dem/10/FG-GML-6441-37-dem10b-20161001.tif,1247754,460f1db69db1480f78374efe4e624fca
https://data.source.coop/smartmaps/japan-geotiff-dem/10/FG-GML-6441-40-dem10b-20161001.tif,1316770,d982ecae54c6df9cdda8be747b34b000
https://data.source.coop/smartmaps/japan-geotiff-dem/10/FG-GML-6441-41-dem10b-20161001.tif,1316813,416c28341ed966937cbab372a1789dfd
https://data.source.coop/smartmaps/japan-geotiff-dem/10/FG-GML-6441-42-dem10b-20161001.tif,972479,ad8ee5f2ed45198c78ff1e227f9a7c45
https://data.source.coop/smartmaps/japan-geotiff-dem/10/FG-GML-6441-43-dem10b-20161001.tif,768473,de54be4c6b0f00360952a711f41b4bd4
https://data.source.coop/smartmaps/japan-geotiff-dem/10/FG-GML-6441-44-dem10b-20161001.tif,620801,f361a50059634296058136ffe9a70536
https://data.source.coop/smartmaps/japan-geotiff-dem/10/FG-GML-6441-45-dem10b-20161001.tif,531123,41f5f595806d48a807de99f20cceb28f
https://data.source.coop/smartmaps/japan-geotiff-dem/10/FG-GML-6441-46-dem10b-20161001.tif,813690,7180dc0ca379f46fafc6308a57f0914a
https://data.source.coop/smartmaps/japan-geotiff-dem/10/FG-GML-6441-47-dem10b-20161001.tif,1287717,d122f4727778f82f191550d30b88996e
https://data.source.coop/smartmaps/japan-geotiff-dem/10/FG-GML-6441-50-dem10b-20161001.tif,1259680,b8b2bf978cba44c6e85da275b6a8befe
https://data.source.coop/smartmaps/japan-geotiff-dem/10/FG-GML-6441-51-dem10b-20161001.tif,945002,d14449bf4c05ac89dcca057a06d89857
https://data.source.coop/smartmaps/japan-geotiff-dem/10/FG-GML-6441-52-dem10b-20161001.tif,421303,0773db3f462058962fc7750414a5d69e
https://data.source.coop/smartmaps/japan-geotiff-dem/10/FG-GML-6441-53-dem10b-20161001.tif,294970,99fe985410612a78b361bde143a0483d
https://data.source.coop/smartmaps/japan-geotiff-dem/10/FG-GML-6441-54-dem10b-20161001.tif,415213,9bfcf03a5eab1ec81142107c50b9516f
https://data.source.coop/smartmaps/japan-geotiff-dem/10/FG-GML-6441-55-dem10b-20161001.tif,417688,661fef03ccf0d917bcd54dc56d8006dd
https://data.source.coop/smartmaps/japan-geotiff-dem/10/FG-GML-6441-56-dem10b-20161001.tif,1109588,0f7769bf84f12c2bafeac39eda78bbab
https://data.source.coop/smartmaps/japan-geotiff-dem/10/FG-GML-6441-57-dem10b-20161001.tif,1297579,9e999f28ad15133e95afd202771bad49
https://data.source.coop/smartmaps/japan-geotiff-dem/10/FG-GML-6441-60-dem10b-20161001.tif,243079,5ebaa4d30fbc6ff797f024029b3a57c1
https://data.source.coop/smartmaps/japan-geotiff-dem/10/FG-GML-6441-61-dem10b-20161001.tif,9480,41c4528dfa541d927d6b620c444325a4
https://data.source.coop/smartmaps/japan-geotiff-dem/10/FG-GML-6441-62-dem10b-20161001.tif,280101,98708820f5ac7c9047ae330427aa86ac
https://data.source.coop/smartmaps/japan-geotiff-dem/10/FG-GML-6441-63-dem10b-20161001.tif,643981,61df08c9a66c1ca7a2b094bb9bc7bf9f
https://data.source.coop/smartmaps/japan-geotiff-dem/10/FG-GML-6441-64-dem10b-20161001.tif,445120,1b8f13c6e45fb3fa169d92236dc9a8ec
https://data.source.coop/smartmaps/japan-geotiff-dem/10/FG-GML-6441-65-dem10b-20161001.tif,428328,8859a71d67604d0c442edf4ad968ca7f
https://data.source.coop/smartmaps/japan-geotiff-dem/10/FG-GML-6441-66-dem10b-20161001.tif,930644,380b0c674f5ea2789e214d3d7ab9df25
https://data.source.coop/smartmaps/japan-geotiff-dem/10/FG-GML-6441-67-dem10b-20161001.tif,1313940,73c369cfd25405da3d47b2c925c2cf47
https://data.source.coop/smartmaps/japan-geotiff-dem/10/FG-GML-6441-72-dem10b-20161001.tif,29047,1abfba4f155ef8e319cb9181a4c5ba8f
https://data.source.coop/smartmaps/japan-geotiff-dem/10/FG-GML-6441-73-dem10b-20161001.tif,1001336,a187f2eec19332046e51d4540e0929e8
https://data.source.coop/smartmaps/japan-geotiff-dem/10/FG-GML-6441-74-dem10b-20161001.tif,1077668,24865f8500b946d5a2f9c424c5cb4d08
https://data.source.coop/smartmaps/japan-geotiff-dem/10/FG-GML-6441-75-dem10b-20161001.tif,425289,eb2c9c83f815cdcc8ab3e795d70b36e7
https://data.source.coop/smartmaps/japan-geotiff-dem/10/FG-GML-6441-76-dem10b-20161001.tif,594284,12e7131ae7fe064b142c1bc4f63773c6
https://data.source.coop/smartmaps/japan-geotiff-dem/10/FG-GML-6441-77-dem10b-20161001.tif,1275374,dc2da1f6ab21f70586c6fa1b39ccedcf
https://data.source.coop/smartmaps/japan-geotiff-dem/10/FG-GML-6442-00-dem10b-20161001.tif,1312160,a2595ec79930597dcd8d81bad5a6f909
https://data.source.coop/smartmaps/japan-geotiff-dem/10/FG-GML-6442-01-dem10B-20161001.tif,1318107,3f0a281ba4ff39a39ab2dfbfe5c3a5d1
https://data.source.coop/smartmaps/japan-geotiff-dem/10/FG-GML-6442-02-dem10b-20161001.tif,1229247,d5dc3a863c8289f30079b29426db8fab
https://data.source.coop/smartmaps/japan-geotiff-dem/10/FG-GML-6442-03-dem10b-20161001.tif,1313882,8d45293a265bf9df602ac7d1e831e003
https://data.source.coop/smartmaps/japan-geotiff-dem/10/FG-GML-6442-04-dem10b-20161001.tif,1365236,1001bd4464a7ca21eee9c6994be542b3
https://data.source.coop/smartmaps/japan-geotiff-dem/10/FG-GML-6442-05-dem10b-20161001.tif,1382701,f7a3ae145c5a6a8f55d19accf4199a8b
https://data.source.coop/smartmaps/japan-geotiff-dem/10/FG-GML-6442-06-dem10b-20161001.tif,1356651,78ed4c331a5192229e8f4d6f3892ad62
https://data.source.coop/smartmaps/japan-geotiff-dem/10/FG-GML-6442-07-dem10b-20161001.tif,1215427,625fa35718b3872c53a0c03174043fef
https://data.source.coop/smartmaps/japan-geotiff-dem/10/FG-GML-6442-10-dem10b-20161001.tif,1367083,17ef4435bbfc8eb9877a5ea561339c05
https://data.source.coop/smartmaps/japan-geotiff-dem/10/FG-GML-6442-11-dem10b-20161001.tif,1226531,10ab637e380bdc0f7589e88492fc4d6e
https://data.source.coop/smartmaps/japan-geotiff-dem/10/FG-GML-6442-12-dem10b-20161001.tif,1331797,66ac90f6211be18a5f2d5790a52b488c
https://data.source.coop/smartmaps/japan-geotiff-dem/10/FG-GML-6442-13-dem10b-20161001.tif,1312810,20ddd5110b654c20ceb9f69582278046
https://data.source.coop/smartmaps/japan-geotiff-dem/10/FG-GML-6442-14-dem10b-20161001.tif,1363277,477d18c7642442931ffdefa7fc3f1d9b
https://data.source.coop/smartmaps/japan-geotiff-dem/10/FG-GML-6442-15-dem10b-20161001.tif,1379946,76c2260b45ca0fdff07c70682b8abe7a
https://data.source.coop/smartmaps/japan-geotiff-dem/10/FG-GML-6442-16-dem10b-20161001.tif,1348605,8f8d9c2f52e8f4069efb5777a59308d3
https://data.source.coop/smartmaps/japan-geotiff-dem/10/FG-GML-6442-17-dem10b-20161001.tif,1013349,a43d1fa2f25d6389c4541d1319e49209
https://data.source.coop/smartmaps/japan-geotiff-dem/10/FG-GML-6442-20-dem10b-20161001.tif,1325811,1f793f374f9ec671f32b5705c6e9c97c
https://data.source.coop/smartmaps/japan-geotiff-dem/10/FG-GML-6442-21-dem10b-20161001.tif,1292238,76ce862f95e332a9f9a2f0b04ec3260c
https://data.source.coop/smartmaps/japan-geotiff-dem/10/FG-GML-6442-22-dem10b-20161001.tif,1327619,af7a0762ade7312c76cc9bc159e7dca6
https://data.source.coop/smartmaps/japan-geotiff-dem/10/FG-GML-6442-23-dem10b-20161001.tif,1305678,abc9b5ccc0822f3de169c67ecedde7b8
https://data.source.coop/smartmaps/japan-geotiff-dem/10/FG-GML-6442-24-dem10b-20161001.tif,1352507,8009f2b71fe56aa79ec9465328444712
https://data.source.coop/smartmaps/japan-geotiff-dem/10/FG-GML-6442-25-dem10b-20161001.tif,1365918,3b9c5e64a436b5fbae20cc89b9933503
https://data.source.coop/smartmaps/japan-geotiff-dem/10/FG-GML-6442-26-dem10b-20161001.tif,1313330,64b2998976877e5a58a1cdf3daf6e376
https://data.source.coop/smartmaps/japan-geotiff-dem/10/FG-GML-6442-27-dem10b-20161001.tif,983808,64d9037c8931c1b5893da1182168f4cc
https://data.source.coop/smartmaps/japan-geotiff-dem/10/FG-GML-6442-30-dem10b-20161001.tif,1273716,45b74f0607cd64927185c71d131da21b
https://data.source.coop/smartmaps/japan-geotiff-dem/10/FG-GML-6442-31-dem10b-20161001.tif,1292937,e2e49d279c51e9a5e1a4416bf94596a7
https://data.source.coop/smartmaps/japan-geotiff-dem/10/FG-GML-6442-32-dem10b-20161001.tif,1315574,9c2904067166c8354a4152fa24b013ea
https://data.source.coop/smartmaps/japan-geotiff-dem/10/FG-GML-6442-33-dem10b-20161001.tif,1302601,5b49102d3d5a9b2dd6e624b34b24aa5a
https://data.source.coop/smartmaps/japan-geotiff-dem/10/FG-GML-6442-34-dem10b-20161001.tif,1359124,2b92e9d9529c9b208e8cbce340fbebb9
https://data.source.coop/smartmaps/japan-geotiff-dem/10/FG-GML-6442-35-dem10b-20161001.tif,1313695,8b9232dd9c6d61aa38359d300a83edd9
https://data.source.coop/smartmaps/japan-geotiff-dem/10/FG-GML-6442-36-dem10b-20161001.tif,1207410,a3973aab134a896c0ea9225c56f01e6e
https://data.source.coop/smartmaps/japan-geotiff-dem/10/FG-GML-6442-37-dem10b-20161001.tif,673328,715b9e417e31373c78e4d1a51149d4c9
https://data.source.coop/smartmaps/japan-geotiff-dem/10/FG-GML-6442-40-dem10b-20161001.tif,1270884,c730d955aa5cba25c4e6b05ba80c964e
https://data.source.coop/smartmaps/japan-geotiff-dem/10/FG-GML-6442-41-dem10b-20161001.tif,1309606,388dff23b9f6fef46ee0f45a9fa027b1
https://data.source.coop/smartmaps/japan-geotiff-dem/10/FG-GML-6442-42-dem10b-20161001.tif,1329436,3be36de8ad2e730ba2a22ace9d1fca32
https://data.source.coop/smartmaps/japan-geotiff-dem/10/FG-GML-6442-43-dem10b-20161001.tif,1334298,986317550c743f62a6fe43b5f8ba6957
https://data.source.coop/smartmaps/japan-geotiff-dem/10/FG-GML-6442-44-dem10b-20161001.tif,1301689,1fff2f07e991b6afbbfb23101570c107
https://data.source.coop/smartmaps/japan-geotiff-dem/10/FG-GML-6442-45-dem10b-20161001.tif,1229633,1c0562d6b15b68bb91266931919d12cb
https://data.source.coop/smartmaps/japan-geotiff-dem/10/FG-GML-6442-46-dem10b-20161001.tif,1039890,98889c0d2243f7d0a31f018cc5fb5189
https://data.source.coop/smartmaps/japan-geotiff-dem/10/FG-GML-6442-47-dem10b-20161001.tif,741212,bb60f41cdf9ac0b82a2735415db55de2
https://data.source.coop/smartmaps/japan-geotiff-dem/10/FG-GML-6442-50-dem10b-20161001.tif,1311817,db9f36ecfbff579e97688ece6178158e
https://data.source.coop/smartmaps/japan-geotiff-dem/10/FG-GML-6442-51-dem10b-20161001.tif,1361630,ab4b7dad1005bb11e2cf42eecba20983
https://data.source.coop/smartmaps/japan-geotiff-dem/10/FG-GML-6442-52-dem10b-20161001.tif,1351134,63fe6bd574f3fa13e15f64c7cfbf031d
https://data.source.coop/smartmaps/japan-geotiff-dem/10/FG-GML-6442-53-dem10b-20161001.tif,1253904,3906e8cde0883911e32bd07b870fb235
https://data.source.coop/smartmaps/japan-geotiff-dem/10/FG-GML-6442-54-dem10b-20161001.tif,1219756,35ddf201b2eaee2c89601d27665c2ad5
https://data.source.coop/smartmaps/japan-geotiff-dem/10/FG-GML-6442-55-dem10b-20161001.tif,1251633,82d799fcb9668bc2bf7a512063146cdf
https://data.source.coop/smartmaps/japan-geotiff-dem/10/FG-GML-6442-56-dem10b-20161001.tif,1043863,80c16552186627b7b5abf670daf3b458
https://data.source.coop/smartmaps/japan-geotiff-dem/10/FG-GML-6442-57-dem10b-20161001.tif,821672,e82ed381eb8d69cdf2f939770d4d5588
https://data.source.coop/smartmaps/japan-geotiff-dem/10/FG-GML-6442-60-dem10b-20161001.tif,1237800,0fad9b4f02b971f25d87083441a73b4b
https://data.source.coop/smartmaps/japan-geotiff-dem/10/FG-GML-6442-61-dem10b-20161001.tif,1328262,1b6e111f729b545283eefd4042565cb9
https://data.source.coop/smartmaps/japan-geotiff-dem/10/FG-GML-6442-62-dem10b-20161001.tif,1278120,c1167cd5abb79a593253f8fb143dfe41
https://data.source.coop/smartmaps/japan-geotiff-dem/10/FG-GML-6442-63-dem10b-20161001.tif,1158082,e006b81df2a4d00e72d4a38db13fffee
https://data.source.coop/smartmaps/japan-geotiff-dem/10/FG-GML-6442-64-dem10b-20161001.tif,1173477,441d47f6917de9e86e9cb37e0c3236ed
https://data.source.coop/smartmaps/japan-geotiff-dem/10/FG-GML-6442-65-dem10b-20161001.tif,1104753,66d7a0fca004c0717015a74d4bb7f26f
https://data.source.coop/smartmaps/japan-geotiff-dem/10/FG-GML-6442-66-dem10b-20161001.tif,1233862,916d3079130135329e423735b14006be
https://data.source.coop/smartmaps/japan-geotiff-dem/10/FG-GML-6442-67-dem10b-20161001.tif,1206378,18885ba40f262d5415c41fdee4cc217a
https://data.source.coop/smartmaps/japan-geotiff-dem/10/FG-GML-6442-70-dem10b-20161001.tif,1323844,6a656e30a4ce5e23f0623f839da8ce39
https://data.source.coop/smartmaps/japan-geotiff-dem/10/FG-GML-6442-71-dem10b-20161001.tif,1322313,b71d6fa64895432764e2bbda5f991677
https://data.source.coop/smartmaps/japan-geotiff-dem/10/FG-GML-6442-72-dem10b-20161001.tif,1274309,59042baa0c8529a33f59e0d515e41b56
https://data.source.coop/smartmaps/japan-geotiff-dem/10/FG-GML-6442-73-dem10b-20161001.tif,1035088,37f176f4de93975d20e08a866b745ad4
https://data.source.coop/smartmaps/japan-geotiff-dem/10/FG-GML-6442-74-dem10b-20161001.tif,1032895,77a368038244ce2042b83ad4ca6b3249
https://data.source.coop/smartmaps/japan-geotiff-dem/10/FG-GML-6442-75-dem10b-20161001.tif,1106354,73bcdd5b1629aeaa12c272c1d1375e5a
https://data.source.coop/smartmaps/japan-geotiff-dem/10/FG-GML-6442-76-dem10b-20161001.tif,1275299,af32113abbac144d0705196c811b3347
https://data.source.coop/smartmaps/japan-geotiff-dem/10/FG-GML-6442-77-dem10b-20161001.tif,1304160,3622fa1ef0317abaac8efca5295fdeb9
https://data.source.coop/smartmaps/japan-geotiff-dem/10/FG-GML-6443-00-dem10b-20161001.tif,785685,9292202e10a5a86031726e28e55a915f
https://data.source.coop/smartmaps/japan-geotiff-dem/10/FG-GML-6443-01-dem10b-20161001.tif,518965,74fe2353946967419edc24f67d413eff
https://data.source.coop/smartmaps/japan-geotiff-dem/10/FG-GML-6443-02-dem10b-20161001.tif,986647,81d9c3fe441567a5d12a9c5f670138a4
https://data.source.coop/smartmaps/japan-geotiff-dem/10/FG-GML-6443-03-dem10b-20161001.tif,1184589,48dfb0088a0c68fa77f30a33a344147e
https://data.source.coop/smartmaps/japan-geotiff-dem/10/FG-GML-6443-04-dem10b-20161001.tif,1076090,6792770f30393a1ab764901ae0acb23c
https://data.source.coop/smartmaps/japan-geotiff-dem/10/FG-GML-6443-05-dem10b-20161001.tif,291278,9dbaadea05d53c6cc0853b61b478fad0
https://data.source.coop/smartmaps/japan-geotiff-dem/10/FG-GML-6443-10-dem10b-20161001.tif,624354,85f6b601659f42bd714203c9125b6cdc
https://data.source.coop/smartmaps/japan-geotiff-dem/10/FG-GML-6443-11-dem10b-20161001.tif,672788,0a85d484c299d10bf3d30cf30ee05dc8
https://data.source.coop/smartmaps/japan-geotiff-dem/10/FG-GML-6443-12-dem10b-20161001.tif,1022725,3f114ae096888b38efd7da59accafe55
https://data.source.coop/smartmaps/japan-geotiff-dem/10/FG-GML-6443-13-dem10b-20161001.tif,1056130,3584345051babe24cd070ac2538e1ff3
https://data.source.coop/smartmaps/japan-geotiff-dem/10/FG-GML-6443-14-dem10b-20161001.tif,754264,e33a1ebbba42b63273577f827a4e2444
https://data.source.coop/smartmaps/japan-geotiff-dem/10/FG-GML-6443-15-dem10b-20161001.tif,1128220,99218230ea62f8bf546782ebf5ed5c43
https://data.source.coop/smartmaps/japan-geotiff-dem/10/FG-GML-6443-16-dem10b-20161001.tif,553301,fd6f68f00786aed240bc15942ab80f21
https://data.source.coop/smartmaps/japan-geotiff-dem/10/FG-GML-6443-20-dem10b-20161001.tif,619395,ec1cf29b7148e6d5456366295c8dcc19
https://data.source.coop/smartmaps/japan-geotiff-dem/10/FG-GML-6443-21-dem10b-20161001.tif,609921,310ca6bfc872e055097ea8406330db21
https://data.source.coop/smartmaps/japan-geotiff-dem/10/FG-GML-6443-22-dem10b-20161001.tif,953113,6066de58a4052ddbc510ba422529322b
https://data.source.coop/smartmaps/japan-geotiff-dem/10/FG-GML-6443-23-dem10b-20161001.tif,745953,7d4fe1ca33b28c4cc291acc464c96020
https://data.source.coop/smartmaps/japan-geotiff-dem/10/FG-GML-6443-24-dem10b-20161001.tif,1182590,e97291b146ebc222e50ac9ea98f3172d
https://data.source.coop/smartmaps/japan-geotiff-dem/10/FG-GML-6443-25-dem10b-20161001.tif,1315093,510f7b9156f0c622642f9dc7995c9c0c
https://data.source.coop/smartmaps/japan-geotiff-dem/10/FG-GML-6443-26-dem10b-20161001.tif,1251125,f7c989b862fee515faf4e68d3e19dd7a
https://data.source.coop/smartmaps/japan-geotiff-dem/10/FG-GML-6443-27-dem10b-20161001.tif,449337,ef92de4d6eb376304b06c47601965890
https://data.source.coop/smartmaps/japan-geotiff-dem/10/FG-GML-6443-30-dem10b-20161001.tif,784901,d9e7209042ec54aa39e4621b6702de9f
https://data.source.coop/smartmaps/japan-geotiff-dem/10/FG-GML-6443-31-dem10b-20161001.tif,597315,b5cd78dc275bf29ec7c77fadc2bece17
https://data.source.coop/smartmaps/japan-geotiff-dem/10/FG-GML-6443-32-dem10b-20161001.tif,1005173,c48f185792ca0ead038cd9692a060736
https://data.source.coop/smartmaps/japan-geotiff-dem/10/FG-GML-6443-33-dem10b-20161001.tif,1031480,eea66c74064608d0f9933c4b0a61a8f4
https://data.source.coop/smartmaps/japan-geotiff-dem/10/FG-GML-6443-34-dem10b-20161001.tif,1256487,d3f408149dd5b2c7e46f4ebc2366186e
https://data.source.coop/smartmaps/japan-geotiff-dem/10/FG-GML-6443-35-dem10b-20161001.tif,1334575,5fd375209e8093b374762225ac5b75de
https://data.source.coop/smartmaps/japan-geotiff-dem/10/FG-GML-6443-36-dem10b-20161001.tif,1371527,21fb6df4332e782e3dabc2148d8c9b60
https://data.source.coop/smartmaps/japan-geotiff-dem/10/FG-GML-6443-37-dem10b-20161001.tif,1173287,8d2f5177f208d3eae22d63417a0758af
https://data.source.coop/smartmaps/japan-geotiff-dem/10/FG-GML-6443-40-dem10b-20161001.tif,835097,a15112d4db97ab78a9991dc8a189b76d
https://data.source.coop/smartmaps/japan-geotiff-dem/10/FG-GML-6443-41-dem10b-20161001.tif,471125,10900cf7bf9c64467a6d0d4f3f1a0982
https://data.source.coop/smartmaps/japan-geotiff-dem/10/FG-GML-6443-42-dem10b-20161001.tif,1031854,659929bcdb6b86ef7141d86f89d7bb6f
https://data.source.coop/smartmaps/japan-geotiff-dem/10/FG-GML-6443-43-dem10b-20161001.tif,1100355,251f4c4a57766c7c5fba24d12852ecfe
https://data.source.coop/smartmaps/japan-geotiff-dem/10/FG-GML-6443-44-dem10b-20161001.tif,1162459,14533f97a03fe945cac5d03e494dea59
https://data.source.coop/smartmaps/japan-geotiff-dem/10/FG-GML-6443-45-dem10b-20161001.tif,1282365,a989d4f1527d04c5032dba0ea2c891b9
https://data.source.coop/smartmaps/japan-geotiff-dem/10/FG-GML-6443-46-dem10b-20161001.tif,1335965,faa48380b4278cf37a898bfc2141668e
https://data.source.coop/smartmaps/japan-geotiff-dem/10/FG-GML-6443-47-dem10b-20161001.tif,1303602,48c9fa4f8c387be32efe0027f7004418
https://data.source.coop/smartmaps/japan-geotiff-dem/10/FG-GML-6443-50-dem10b-20161001.tif,688432,aa386dc096af7c4d231d604003333c9c
https://data.source.coop/smartmaps/japan-geotiff-dem/10/FG-GML-6443-51-dem10b-20161001.tif,550194,74d91ff44a9912419dc9a9d6b6297ab5
https://data.source.coop/smartmaps/japan-geotiff-dem/10/FG-GML-6443-52-dem10b-20161001.tif,794279,336f5c55999ebd92340b106e9e0bf4be
https://data.source.coop/smartmaps/japan-geotiff-dem/10/FG-GML-6443-53-dem10b-20161001.tif,1125749,6485f5c799128cee780629966e45d8ff
https://data.source.coop/smartmaps/japan-geotiff-dem/10/FG-GML-6443-54-dem10b-20161001.tif,936539,29371753c9d39e2ac4ab31d4d342c95c
https://data.source.coop/smartmaps/japan-geotiff-dem/10/FG-GML-6443-55-dem10b-20161001.tif,1300349,847954c4bdb67d68b6be245d7c1123d3
https://data.source.coop/smartmaps/japan-geotiff-dem/10/FG-GML-6443-56-dem10b-20161001.tif,1341208,e8c74f103f176676c7073daa20843caf
https://data.source.coop/smartmaps/japan-geotiff-dem/10/FG-GML-6443-57-dem10b-20161001.tif,1324707,a20ead509ae1fc9df0d62ef250e9b16b
https://data.source.coop/smartmaps/japan-geotiff-dem/10/FG-GML-6443-60-dem10b-20161001.tif,1000946,d7dfcdd787fbbd391ef816925f11d5d1
https://data.source.coop/smartmaps/japan-geotiff-dem/10/FG-GML-6443-61-dem10b-20161001.tif,829612,a7a39f2b4c0eafb7c78f0e88ee4709ed
https://data.source.coop/smartmaps/japan-geotiff-dem/10/FG-GML-6443-62-dem10b-20161001.tif,668442,f30505e2d3ae7e5aa9d70eb8a65c9883
https://data.source.coop/smartmaps/japan-geotiff-dem/10/FG-GML-6443-63-dem10b-20161001.tif,1124907,15cad239ef49091732e849ba1afd7492
https://data.source.coop/smartmaps/japan-geotiff-dem/10/FG-GML-6443-64-dem10b-20161001.tif,1024555,463d02f1b8cc7141f8da935adbb9705f
https://data.source.coop/smartmaps/japan-geotiff-dem/10/FG-GML-6443-65-dem10b-20161001.tif,1289967,108b4a24389b4eb2307be9a83a39ea22
https://data.source.coop/smartmaps/japan-geotiff-dem/10/FG-GML-6443-66-dem10b-20161001.tif,1324206,8b7125654ba2cb982e086f10523851a0
https://data.source.coop/smartmaps/japan-geotiff-dem/10/FG-GML-6443-67-dem10b-20161001.tif,1299373,2713d641c4e22b5ef803dc431b6a9d8b
https://data.source.coop/smartmaps/japan-geotiff-dem/10/FG-GML-6443-70-dem10b-20161001.tif,1263051,520913219ee91d5ff24d47be2c91588f
https://data.source.coop/smartmaps/japan-geotiff-dem/10/FG-GML-6443-71-dem10b-20161001.tif,1224731,e200dab365033c124f733fbe29685139
https://data.source.coop/smartmaps/japan-geotiff-dem/10/FG-GML-6443-72-dem10b-20161001.tif,944465,25466776246357122024d48f1dc9ef18
https://data.source.coop/smartmaps/japan-geotiff-dem/10/FG-GML-6443-73-dem10b-20161001.tif,1097436,7db91bbe9d0d9336331355ed0680d08f
https://data.source.coop/smartmaps/japan-geotiff-dem/10/FG-GML-6443-74-dem10b-20161001.tif,1163253,faa07d867ea7469bf8f958b373fe083c
https://data.source.coop/smartmaps/japan-geotiff-dem/10/FG-GML-6443-75-dem10b-20161001.tif,1239434,183e237d5fb2310add53283810807cce
https://data.source.coop/smartmaps/japan-geotiff-dem/10/FG-GML-6443-76-dem10b-20161001.tif,1301139,8a320757f4374264132455c0b8bb99cd
https://data.source.coop/smartmaps/japan-geotiff-dem/10/FG-GML-6443-77-dem10b-20161001.tif,1350643,8444762088144172fda522dfe9e047c1
https://data.source.coop/smartmaps/japan-geotiff-dem/10/FG-GML-6444-30-dem10b-20161001.tif,813104,e6a25479cc9cf0c139b2e9aaea783fd4
https://data.source.coop/smartmaps/japan-geotiff-dem/10/FG-GML-6444-31-dem10b-20161001.tif,122393,28d3ab4fd5670d4b79dc8e6270fffa61
https://data.source.coop/smartmaps/japan-geotiff-dem/10/FG-GML-6444-32-dem10b-20161001.tif,40247,4b00be6887206af6424f8e593d53da51
https://data.source.coop/smartmaps/japan-geotiff-dem/10/FG-GML-6444-33-dem10b-20161001.tif,672059,2aca404df894651df6be9be23ba19e13
https://data.source.coop/smartmaps/japan-geotiff-dem/10/FG-GML-6444-34-dem10b-20161001.tif,784097,2310f8874bb14d72c3448000c2ed619d
https://data.source.coop/smartmaps/japan-geotiff-dem/10/FG-GML-6444-35-dem10b-20161001.tif,825844,2e2ac0c7f7e16619e2318e34e9dfa678
https://data.source.coop/smartmaps/japan-geotiff-dem/10/FG-GML-6444-36-dem10b-20161001.tif,98307,430bdb0feb7c7a95e1287bc768f1343d
https://data.source.coop/smartmaps/japan-geotiff-dem/10/FG-GML-6444-37-dem10b-20161001.tif,228948,72a37825b20e8e19e45254fda05f15d0
https://data.source.coop/smartmaps/japan-geotiff-dem/10/FG-GML-6444-40-dem10b-20161001.tif,1295225,76593abf8a2d320776d85da44289abee
https://data.source.coop/smartmaps/japan-geotiff-dem/10/FG-GML-6444-41-dem10b-20161001.tif,993514,94d249150d414f234087114ff4a3a914
https://data.source.coop/smartmaps/japan-geotiff-dem/10/FG-GML-6444-42-dem10b-20161001.tif,471630,d47e2f30a080003028d56c4fe57611cf
https://data.source.coop/smartmaps/japan-geotiff-dem/10/FG-GML-6444-43-dem10b-20161001.tif,731645,ab0ee86b42147a9b74e379787cd72e7d
https://data.source.coop/smartmaps/japan-geotiff-dem/10/FG-GML-6444-44-dem10b-20161001.tif,1133932,7b15422006541c3cce73f0139e4a49c0
https://data.source.coop/smartmaps/japan-geotiff-dem/10/FG-GML-6444-45-dem10b-20161001.tif,1069608,5f7d6d2446bcfb74ab12cdedc5ac7f82
https://data.source.coop/smartmaps/japan-geotiff-dem/10/FG-GML-6444-46-dem10b-20161001.tif,549650,ca9d60dba78d65bf0266ca56a92b290d
https://data.source.coop/smartmaps/japan-geotiff-dem/10/FG-GML-6444-47-dem10b-20161001.tif,969160,4b850ddbb124d320a98a6c2e7cfaa69a
https://data.source.coop/smartmaps/japan-geotiff-dem/10/FG-GML-6444-50-dem10b-20161001.tif,1325159,70ba4e61d8defa08ba62e4aeb00f6a81
https://data.source.coop/smartmaps/japan-geotiff-dem/10/FG-GML-6444-51-dem10b-20161001.tif,1113456,8381331b11e42df8ef186b997ec00a39
https://data.source.coop/smartmaps/japan-geotiff-dem/10/FG-GML-6444-52-dem10b-20161001.tif,940859,cccc379537a35fcd6e3ed020a0804942
https://data.source.coop/smartmaps/japan-geotiff-dem/10/FG-GML-6444-53-dem10b-20161001.tif,663097,87a1c35c67a5405d760b799afc5561b7
https://data.source.coop/smartmaps/japan-geotiff-dem/10/FG-GML-6444-54-dem10b-20161001.tif,1173565,065dae26700aeb957ea6d1cfa4ec3a97
https://data.source.coop/smartmaps/japan-geotiff-dem/10/FG-GML-6444-55-dem10b-20161001.tif,1123709,164cda22c86602dcf5e9b5cfe5c9ff4e
https://data.source.coop/smartmaps/japan-geotiff-dem/10/FG-GML-6444-56-dem10b-20161001.tif,1106765,3c23ffb119abb8f6a2854b8bf217a114
https://data.source.coop/smartmaps/japan-geotiff-dem/10/FG-GML-6444-57-dem10b-20161001.tif,1040280,6633ba57cdbf4b46ddbb2ceb04136666
https://data.source.coop/smartmaps/japan-geotiff-dem/10/FG-GML-6444-60-dem10b-20161001.tif,1299719,b3bd7518a1ce0467d46b493fd715230e
https://data.source.coop/smartmaps/japan-geotiff-dem/10/FG-GML-6444-61-dem10b-20161001.tif,1114769,1e8757ed101429f87aff2bdc61056a4d
https://data.source.coop/smartmaps/japan-geotiff-dem/10/FG-GML-6444-62-dem10b-20161001.tif,1033794,7c605b84ba9ab8db0a3e0f84b426221d
https://data.source.coop/smartmaps/japan-geotiff-dem/10/FG-GML-6444-63-dem10b-20161001.tif,964392,6a62e17f4e01d5c2b8d9fabe9ba84e4b
https://data.source.coop/smartmaps/japan-geotiff-dem/10/FG-GML-6444-64-dem10b-20161001.tif,1158275,7cb51b1cbceb882b2e28521d8c4004b5
https://data.source.coop/smartmaps/japan-geotiff-dem/10/FG-GML-6444-65-dem10b-20161001.tif,1202585,321031c37a88f106868f3493ce1a6493
https://data.source.coop/smartmaps/japan-geotiff-dem/10/FG-GML-6444-66-dem10b-20161001.tif,1198028,cb68e9d6724874b07bec751709d06857
https://data.source.coop/smartmaps/japan-geotiff-dem/10/FG-GML-6444-67-dem10b-20161001.tif,1076711,c844e47e2107d5da87c39daf90b543ff
https://data.source.coop/smartmaps/japan-geotiff-dem/10/FG-GML-6444-70-dem10b-20161001.tif,1306421,27ddeec2b958e5c47649045a5ceca9e9
https://data.source.coop/smartmaps/japan-geotiff-dem/10/FG-GML-6444-71-dem10b-20161001.tif,1189871,6e01019a3f36dfb6c610b5f28d5939b1
https://data.source.coop/smartmaps/japan-geotiff-dem/10/FG-GML-6444-72-dem10b-20161001.tif,1135275,eb997514172a904ca3888a0777ae31b7
https://data.source.coop/smartmaps/japan-geotiff-dem/10/FG-GML-6444-73-dem10b-20161001.tif,1119161,13b0ee68ea519a57ad9b2352dca2e69f
https://data.source.coop/smartmaps/japan-geotiff-dem/10/FG-GML-6444-74-dem10b-20161001.tif,1067786,59efdaf38f095fd03411f6f8053bdb23
https://data.source.coop/smartmaps/japan-geotiff-dem/10/FG-GML-6444-75-dem10b-20161001.tif,1131398,7d0c69542e2471c503d1acb47dc4ba28
https://data.source.coop/smartmaps/japan-geotiff-dem/10/FG-GML-6444-76-dem10b-20161001.tif,1064709,97d9683085aef3bc38fdc303f44f9e0f
https://data.source.coop/smartmaps/japan-geotiff-dem/10/FG-GML-6444-77-dem10b-20161001.tif,1029804,26ca633644c21c28d80c43dc4cc7aec9
https://data.source.coop/smartmaps/japan-geotiff-dem/10/FG-GML-6445-30-dem10b-20161001.tif,18431,f4b45e2ec4b6252157a1a0388e01e731
https://data.source.coop/smartmaps/japan-geotiff-dem/10/FG-GML-6445-40-dem10b-20161001.tif,501804,3ac4eed13e1f5cd0390075c5aebb3d87
https://data.source.coop/smartmaps/japan-geotiff-dem/10/FG-GML-6445-41-dem10b-20161001.tif,57485,12181691b9254d99153fe5a06cbf0550
https://data.source.coop/smartmaps/japan-geotiff-dem/10/FG-GML-6445-50-dem10b-20161001.tif,898615,6aa20778620486141a5b39c768de60b3
https://data.source.coop/smartmaps/japan-geotiff-dem/10/FG-GML-6445-51-dem10b-20161001.tif,345282,73056f8f95030c4a998f116b7e86fc48
https://data.source.coop/smartmaps/japan-geotiff-dem/10/FG-GML-6445-52-dem10b-20161001.tif,16304,bfa5cf9bdcba8bda043e82a0534ae371
https://data.source.coop/smartmaps/japan-geotiff-dem/10/FG-GML-6445-53-dem10b-20161001.tif,7503,9324dfd0be5d7656156c5b6e07872328
https://data.source.coop/smartmaps/japan-geotiff-dem/10/FG-GML-6445-54-dem10b-20161001.tif,12545,b5656a08ee713a2e5acd48eb0466b0f9
https://data.source.coop/smartmaps/japan-geotiff-dem/10/FG-GML-6445-60-dem10b-20161001.tif,1009467,b1a049f851d4be542b1fb8b02a67e715
https://data.source.coop/smartmaps/japan-geotiff-dem/10/FG-GML-6445-61-dem10b-20161001.tif,981091,a1edbbcac6c63f8a232c7a2c5e62399e
https://data.source.coop/smartmaps/japan-geotiff-dem/10/FG-GML-6445-62-dem10b-20161001.tif,954003,0ad50089b1e01b86449f5d055079ed08
https://data.source.coop/smartmaps/japan-geotiff-dem/10/FG-GML-6445-63-dem10b-20161001.tif,863101,da2d7575fda0255a213af13455e9cc02
https://data.source.coop/smartmaps/japan-geotiff-dem/10/FG-GML-6445-64-dem10b-20161001.tif,354347,5a8f92b44cbb5733cd147379ab8c79f7
https://data.source.coop/smartmaps/japan-geotiff-dem/10/FG-GML-6445-70-dem10b-20161001.tif,1087187,21e789bf415db697ed9734f1c92d0a05
https://data.source.coop/smartmaps/japan-geotiff-dem/10/FG-GML-6445-71-dem10b-20161001.tif,978671,228048f811725f08be22f4036475052f
https://data.source.coop/smartmaps/japan-geotiff-dem/10/FG-GML-6445-72-dem10b-20161001.tif,602894,727c65a30b63f675b200abef5ac4a881
https://data.source.coop/smartmaps/japan-geotiff-dem/10/FG-GML-6445-73-dem10b-20161001.tif,239418,d542485f9646ead2be68c782ba62f9f8
https://data.source.coop/smartmaps/japan-geotiff-dem/10/FG-GML-6445-74-dem10b-20161001.tif,642089,c49474108e217725a45731d645e7892a
https://data.source.coop/smartmaps/japan-geotiff-dem/10/FG-GML-6445-75-dem10b-20161001.tif,111757,9c3bbc70f2cee161a13b6576c69786b2
https://data.source.coop/smartmaps/japan-geotiff-dem/10/FG-GML-6445-76-dem10b-20161001.tif,1431,868c08ccca93b9ad33e66a83393a38a2
https://data.source.coop/smartmaps/japan-geotiff-dem/10/FG-GML-6540-02-dem10b-20161001.tif,2623,872030f71bab7085e612ef169ae0395d
https://data.source.coop/smartmaps/japan-geotiff-dem/10/FG-GML-6540-03-dem10b-20161001.tif,240116,2d7b2aafcd201c8bd73695a3f4b221bb
https://data.source.coop/smartmaps/japan-geotiff-dem/10/FG-GML-6540-04-dem10b-20161001.tif,142655,d49df2b471e8e5dd1425550817cf44db
https://data.source.coop/smartmaps/japan-geotiff-dem/10/FG-GML-6541-03-dem10b-20161001.tif,768039,63a36fef8d144642987f9ac81e0c6932
https://data.source.coop/smartmaps/japan-geotiff-dem/10/FG-GML-6541-04-dem10b-20161001.tif,1299860,fa1b8a35b6a48d00352e550fe4b13577
https://data.source.coop/smartmaps/japan-geotiff-dem/10/FG-GML-6541-05-dem10b-20161001.tif,1148296,38cdb58e6567d9dcce689a178ed3e14a
https://data.source.coop/smartmaps/japan-geotiff-dem/10/FG-GML-6541-06-dem10b-20161001.tif,556433,ad066948c54dbf7b05b4de7ae074c3bd
https://data.source.coop/smartmaps/japan-geotiff-dem/10/FG-GML-6541-07-dem10b-20161001.tif,1227243,e88292ecce71333e32df1ed92d17dc17
https://data.source.coop/smartmaps/japan-geotiff-dem/10/FG-GML-6541-12-dem10b-20161001.tif,6290,fee4df3a880eca88d7617d40f8f51064
https://data.source.coop/smartmaps/japan-geotiff-dem/10/FG-GML-6541-13-dem10b-20161001.tif,1083889,f13330eb1da7f42f48dbc474c6c6a32c
https://data.source.coop/smartmaps/japan-geotiff-dem/10/FG-GML-6541-14-dem10b-20161001.tif,1286878,a5982411056ddf8e8d6987b8610f1f4b
https://data.source.coop/smartmaps/japan-geotiff-dem/10/FG-GML-6541-15-dem10b-20161001.tif,1346964,f25d220a183208b05435a96d2a79df29
https://data.source.coop/smartmaps/japan-geotiff-dem/10/FG-GML-6541-16-dem10b-20161001.tif,984234,928ffb79d3419fab600c08fa3399860f
https://data.source.coop/smartmaps/japan-geotiff-dem/10/FG-GML-6541-17-dem10b-20161001.tif,1054220,dee6786f253fc8be5cb24e907e016853
https://data.source.coop/smartmaps/japan-geotiff-dem/10/FG-GML-6541-22-dem10b-20161001.tif,105499,7a4068c2a75c1abeb04f8bf02b229fd5
https://data.source.coop/smartmaps/japan-geotiff-dem/10/FG-GML-6541-23-dem10b-20161001.tif,1300355,7b2c2990e40e9d03ddcb0ca47c21cb4a
https://data.source.coop/smartmaps/japan-geotiff-dem/10/FG-GML-6541-24-dem10b-20161001.tif,1299973,b5e58872416fe2855ccbea2ef427de3b
https://data.source.coop/smartmaps/japan-geotiff-dem/10/FG-GML-6541-25-dem10b-20161001.tif,1267335,6746bdf06ef1fe1332ac7634566a767f
https://data.source.coop/smartmaps/japan-geotiff-dem/10/FG-GML-6541-26-dem10b-20161001.tif,1087334,8217b20f06635a95ba100a62627a7f2f
https://data.source.coop/smartmaps/japan-geotiff-dem/10/FG-GML-6541-27-dem10b-20161001.tif,834967,14d215e04644d11d190298d485bb8fa0
https://data.source.coop/smartmaps/japan-geotiff-dem/10/FG-GML-6541-32-dem10b-20161001.tif,139942,1aed69a45a302a7f8b23b6c65c6ba9f4
https://data.source.coop/smartmaps/japan-geotiff-dem/10/FG-GML-6541-33-dem10b-20161001.tif,1290044,09d9d627724f2f9546caee4dd0ba0c57
https://data.source.coop/smartmaps/japan-geotiff-dem/10/FG-GML-6541-34-dem10b-20161001.tif,1275815,f2751949aad7c342b684c3f56ce1c798
https://data.source.coop/smartmaps/japan-geotiff-dem/10/FG-GML-6541-35-dem10b-20161001.tif,1267763,6356efbe37f6bbb85e82871f836c79f1
https://data.source.coop/smartmaps/japan-geotiff-dem/10/FG-GML-6541-36-dem10b-20161001.tif,1154915,faa1168b3df5274be9c5f4d56779b920
https://data.source.coop/smartmaps/japan-geotiff-dem/10/FG-GML-6541-37-dem10b-20161001.tif,683539,44e2883da0fbba976a40eb08a221a4aa
https://data.source.coop/smartmaps/japan-geotiff-dem/10/FG-GML-6541-42-dem10b-20161001.tif,437380,5931d6932dab5cf8a9079ca42ef6afa5
https://data.source.coop/smartmaps/japan-geotiff-dem/10/FG-GML-6541-43-dem10b-20161001.tif,1321154,b011b10de53eef3087f601dfef54c072
https://data.source.coop/smartmaps/japan-geotiff-dem/10/FG-GML-6541-44-dem10b-20161001.tif,1266562,6933889d6a394b9598197e9a75ab6e4d
https://data.source.coop/smartmaps/japan-geotiff-dem/10/FG-GML-6541-45-dem10b-20161001.tif,1290748,b80a31025910406d7411873ba2a7cbda
https://data.source.coop/smartmaps/japan-geotiff-dem/10/FG-GML-6541-46-dem10b-20161001.tif,1179002,ff53fe7870498db5dd1633c4e6d1d857
https://data.source.coop/smartmaps/japan-geotiff-dem/10/FG-GML-6541-47-dem10b-20161001.tif,423056,98bcdfe301284aa81f9fd55c7e95ca2c
https://data.source.coop/smartmaps/japan-geotiff-dem/10/FG-GML-6541-52-dem10b-20161001.tif,79467,5a7fedc1290c7f669fc64ca91a8b0bf4
https://data.source.coop/smartmaps/japan-geotiff-dem/10/FG-GML-6541-53-dem10b-20161001.tif,1157253,0951ebace3c912ec5aea5d4a1c2792c2
https://data.source.coop/smartmaps/japan-geotiff-dem/10/FG-GML-6541-54-dem10b-20161001.tif,1230423,b0161096ba7e8b5ac10fda5ef833801f
https://data.source.coop/smartmaps/japan-geotiff-dem/10/FG-GML-6541-55-dem10b-20161001.tif,1303936,00b37d8f88e96ae099a0d19d5d95f4c4
https://data.source.coop/smartmaps/japan-geotiff-dem/10/FG-GML-6541-56-dem10b-20161001.tif,1198176,f867b4d7d71ec70510d45bbd418927be
https://data.source.coop/smartmaps/japan-geotiff-dem/10/FG-GML-6541-57-dem10b-20161001.tif,689952,d5579f44463cc1a3f3241aa10afd91f0
https://data.source.coop/smartmaps/japan-geotiff-dem/10/FG-GML-6541-63-dem10b-20161001.tif,18410,b33a423c4595ca8ada591c3e016bdca4
https://data.source.coop/smartmaps/japan-geotiff-dem/10/FG-GML-6541-64-dem10b-20161001.tif,584650,865e808e3c5680fd4c5b910f0b326781
https://data.source.coop/smartmaps/japan-geotiff-dem/10/FG-GML-6541-65-dem10b-20161001.tif,1339112,9ff129759542ac05c62de041ddd34539
https://data.source.coop/smartmaps/japan-geotiff-dem/10/FG-GML-6541-66-dem10b-20161001.tif,1244344,1dd872d8d8e062bdeee9a469eb596591
https://data.source.coop/smartmaps/japan-geotiff-dem/10/FG-GML-6541-67-dem10b-20161001.tif,1213167,82e2946350edaf339b47302148c1477d
https://data.source.coop/smartmaps/japan-geotiff-dem/10/FG-GML-6541-74-dem10b-20161001.tif,4092,66738aa92ec4122e4fd8266f9b3c959e
https://data.source.coop/smartmaps/japan-geotiff-dem/10/FG-GML-6541-75-dem10b-20161001.tif,1183914,5733252610e8e0a43d31c90e6b3f46bf
https://data.source.coop/smartmaps/japan-geotiff-dem/10/FG-GML-6541-76-dem10b-20161001.tif,1320229,40ee23102f10e6b50dad34d06dc7dda7
https://data.source.coop/smartmaps/japan-geotiff-dem/10/FG-GML-6541-77-dem10b-20161001.tif,1261278,0dba879cc7f9d5af4c8a784091a7ead5
https://data.source.coop/smartmaps/japan-geotiff-dem/10/FG-GML-6542-00-dem10b-20161001.tif,1353635,202afe3cc8227831df9f7c5ebc860bcf
https://data.source.coop/smartmaps/japan-geotiff-dem/10/FG-GML-6542-01-dem10b-20161001.tif,1323980,f2aed751cddedab5885e914a68129db5
https://data.source.coop/smartmaps/japan-geotiff-dem/10/FG-GML-6542-02-dem10b-20161001.tif,1283102,b6f7cf228fbea35a1c73ec6ab1cbfb78
https://data.source.coop/smartmaps/japan-geotiff-dem/10/FG-GML-6542-03-dem10b-20161001.tif,664448,e92a0f7ab38551bb40ecd080c78eafda
https://data.source.coop/smartmaps/japan-geotiff-dem/10/FG-GML-6542-04-dem10b-20161001.tif,1079838,2823a05ac0830ddffdd75d8c6434fa7b
https://data.source.coop/smartmaps/japan-geotiff-dem/10/FG-GML-6542-05-dem10b-20161001.tif,1213907,56a2f991d57e17a921f8327d43a7d0eb
https://data.source.coop/smartmaps/japan-geotiff-dem/10/FG-GML-6542-06-dem10b-20161001.tif,1244661,543476da350cd72b9c94197141959e59
https://data.source.coop/smartmaps/japan-geotiff-dem/10/FG-GML-6542-07-dem10b-20161001.tif,1318258,fc4785db064c5ed4d6bd2724aba6ab50
https://data.source.coop/smartmaps/japan-geotiff-dem/10/FG-GML-6542-10-dem10b-20161001.tif,1318323,cd84a9b2c51fdbcfcec9146157c20d2b
https://data.source.coop/smartmaps/japan-geotiff-dem/10/FG-GML-6542-11-dem10b-20161001.tif,1243113,54ec62d8f946179033da0b2387bc620c
https://data.source.coop/smartmaps/japan-geotiff-dem/10/FG-GML-6542-12-dem10b-20161001.tif,1240461,4fd3c061a95082a2c194f448aadeadc0
https://data.source.coop/smartmaps/japan-geotiff-dem/10/FG-GML-6542-13-dem10b-20161001.tif,983253,da540f61119001116bbfbb51db4d1cfd
https://data.source.coop/smartmaps/japan-geotiff-dem/10/FG-GML-6542-14-dem10b-20161001.tif,1124373,bf4546acf9eed1bafb080a3962b04eaf
https://data.source.coop/smartmaps/japan-geotiff-dem/10/FG-GML-6542-15-dem10b-20161001.tif,1228276,e9f895ebee533a33453a645e89c19268
https://data.source.coop/smartmaps/japan-geotiff-dem/10/FG-GML-6542-16-dem10b-20161001.tif,1225975,6b08aede1968a3aea4820aef2861d1f1
https://data.source.coop/smartmaps/japan-geotiff-dem/10/FG-GML-6542-17-dem10b-20161001.tif,1342181,a97eb4aeaf575f426bc6072452b0331b
https://data.source.coop/smartmaps/japan-geotiff-dem/10/FG-GML-6542-20-dem10b-20161001.tif,1218568,c9944a4028b3c935205bc15c8284443e
https://data.source.coop/smartmaps/japan-geotiff-dem/10/FG-GML-6542-21-dem10b-20161001.tif,1182238,03145ac2fbee60e5cae3aa470c7a3c97
https://data.source.coop/smartmaps/japan-geotiff-dem/10/FG-GML-6542-22-dem10b-20161001.tif,1301418,6ab4a6c0185dcd2d707b0804ec023d4b
https://data.source.coop/smartmaps/japan-geotiff-dem/10/FG-GML-6542-23-dem10b-20161001.tif,1115202,7dd4c70203c2d24e164ed491af9650fe
https://data.source.coop/smartmaps/japan-geotiff-dem/10/FG-GML-6542-24-dem10b-20161001.tif,1114435,0b0bae6ddb3e6ec04df4a038d785fe1b
https://data.source.coop/smartmaps/japan-geotiff-dem/10/FG-GML-6542-25-dem10b-20161001.tif,1203325,a1459543cfb1fbd7822762633e2b029c
https://data.source.coop/smartmaps/japan-geotiff-dem/10/FG-GML-6542-26-dem10b-20161001.tif,1314490,64975caa6fcee1ef84ddcf9faacef8e2
https://data.source.coop/smartmaps/japan-geotiff-dem/10/FG-GML-6542-27-dem10b-20161001.tif,1264509,3b282304fa02af8ceb768acad76ab283
https://data.source.coop/smartmaps/japan-geotiff-dem/10/FG-GML-6542-30-dem10b-20161001.tif,1210276,91dc5622778197ee92031d121ee0c3b6
https://data.source.coop/smartmaps/japan-geotiff-dem/10/FG-GML-6542-31-dem10b-20161001.tif,1186895,5f802b244178a19e50cbe2723da43481
https://data.source.coop/smartmaps/japan-geotiff-dem/10/FG-GML-6542-32-dem10b-20161001.tif,1285326,5c98db4dd8aa1464f39f575edb81adcf
https://data.source.coop/smartmaps/japan-geotiff-dem/10/FG-GML-6542-33-dem10b-20161001.tif,1023164,2e4f574ba5ed1b6d40b1cf4965abdd59
https://data.source.coop/smartmaps/japan-geotiff-dem/10/FG-GML-6542-34-dem10b-20161001.tif,1063891,8314c322f87eff6c708fa34ff5662d97
https://data.source.coop/smartmaps/japan-geotiff-dem/10/FG-GML-6542-35-dem10b-20161001.tif,1180574,d031f1d80100a271b5f941479c6d4165
https://data.source.coop/smartmaps/japan-geotiff-dem/10/FG-GML-6542-36-dem10b-20161001.tif,1315645,ef2e1122d417080c9d27b471de3621e8
https://data.source.coop/smartmaps/japan-geotiff-dem/10/FG-GML-6542-37-dem10b-20161001.tif,1262965,da0990eaa25ce8394b08cf72fc964bca
https://data.source.coop/smartmaps/japan-geotiff-dem/10/FG-GML-6542-40-dem10b-20161001.tif,708304,0a537714e0bf249e7844d5504688d35c
https://data.source.coop/smartmaps/japan-geotiff-dem/10/FG-GML-6542-41-dem10b-20161001.tif,1118861,a38eba2ff6f8549340bb105997df4890
https://data.source.coop/smartmaps/japan-geotiff-dem/10/FG-GML-6542-42-dem10b-20161001.tif,1144579,047357e6150284c74f95437b00e0c2ae
https://data.source.coop/smartmaps/japan-geotiff-dem/10/FG-GML-6542-43-dem10b-20161001.tif,626316,006b7e5452373f89c3844338d8f9d655
https://data.source.coop/smartmaps/japan-geotiff-dem/10/FG-GML-6542-44-dem10b-20161001.tif,948756,f1df02c1bb9be5112e52e214d2013f4b
https://data.source.coop/smartmaps/japan-geotiff-dem/10/FG-GML-6542-45-dem10b-20161001.tif,1214043,d52d7b397a8d4aed105574d0e5afcac5
https://data.source.coop/smartmaps/japan-geotiff-dem/10/FG-GML-6542-46-dem10b-20161001.tif,1275458,50099fb9183ff9d2054f4423269e69b5
https://data.source.coop/smartmaps/japan-geotiff-dem/10/FG-GML-6542-47-dem10b-20161001.tif,1325862,0059c8d675942e1b1f99b61abb2490b2
https://data.source.coop/smartmaps/japan-geotiff-dem/10/FG-GML-6542-50-dem10b-20161001.tif,1070006,91e90470991dfff43b248a6d2425228d
https://data.source.coop/smartmaps/japan-geotiff-dem/10/FG-GML-6542-51-dem10b-20161001.tif,1239641,7d8fb61759637bcfe3340bb549d4a00c
https://data.source.coop/smartmaps/japan-geotiff-dem/10/FG-GML-6542-52-dem10b-20161001.tif,868028,6fb0ab4a4518c316dc3d7526a91ae80d
https://data.source.coop/smartmaps/japan-geotiff-dem/10/FG-GML-6542-53-dem10b-20161001.tif,490951,2d56befcfe0296106c90cf1abe951ae0
https://data.source.coop/smartmaps/japan-geotiff-dem/10/FG-GML-6542-54-dem10b-20161001.tif,1032830,f5ac46209730c5d97c0352b1a8e0bc1c
https://data.source.coop/smartmaps/japan-geotiff-dem/10/FG-GML-6542-55-dem10b-20161001.tif,1213241,89c9673a5ccfd5937b5bb46ef242df48
https://data.source.coop/smartmaps/japan-geotiff-dem/10/FG-GML-6542-56-dem10b-20161001.tif,1190467,5a8e6c879a1575c38b6ca232440181fa
https://data.source.coop/smartmaps/japan-geotiff-dem/10/FG-GML-6542-57-dem10b-20161001.tif,1267296,639e44c02b54f277e1395c4f19d05cf4
https://data.source.coop/smartmaps/japan-geotiff-dem/10/FG-GML-6542-60-dem10b-20161001.tif,1193109,bcb6034f8a9640f0096851f79c0326ed
https://data.source.coop/smartmaps/japan-geotiff-dem/10/FG-GML-6542-61-dem10b-20161001.tif,1213797,c19c97a57b888482e43295430c302737
https://data.source.coop/smartmaps/japan-geotiff-dem/10/FG-GML-6542-62-dem10b-20161001.tif,927065,771b7348a29a9abb7bab9a9db6d4b474
https://data.source.coop/smartmaps/japan-geotiff-dem/10/FG-GML-6542-63-dem10b-20161001.tif,744669,c372e00e6a8229e4641ba65be2f82c6d
https://data.source.coop/smartmaps/japan-geotiff-dem/10/FG-GML-6542-64-dem10b-20161001.tif,913918,4b1f0a756d7b5ee0c8202492f85b94a7
https://data.source.coop/smartmaps/japan-geotiff-dem/10/FG-GML-6542-65-dem10b-20161001.tif,1161423,af886836bc280dd9d51181b12153e236
https://data.source.coop/smartmaps/japan-geotiff-dem/10/FG-GML-6542-66-dem10b-20161001.tif,1241966,dcf985e745bf46b57bc4613f63532896
https://data.source.coop/smartmaps/japan-geotiff-dem/10/FG-GML-6542-67-dem10b-20161001.tif,1267888,d87242c1e7b5a59a1a62b6d0a45c0e8d
https://data.source.coop/smartmaps/japan-geotiff-dem/10/FG-GML-6542-70-dem10b-20161001.tif,1269140,dd7136457b97671da6d7011cfb2f2917
https://data.source.coop/smartmaps/japan-geotiff-dem/10/FG-GML-6542-71-dem10b-20161001.tif,1076416,524149aa0e3f6c87a7149a26006d4a0c
https://data.source.coop/smartmaps/japan-geotiff-dem/10/FG-GML-6542-72-dem10b-20161001.tif,1180741,cfe6237ff12f7d8c9d891c51969716ce
https://data.source.coop/smartmaps/japan-geotiff-dem/10/FG-GML-6542-73-dem10b-20161001.tif,1109007,03f998b2fb53fe26072dcc33cccb8599
https://data.source.coop/smartmaps/japan-geotiff-dem/10/FG-GML-6542-74-dem10b-20161001.tif,1182578,21466f972939c91056b2018ab61cf5e8
https://data.source.coop/smartmaps/japan-geotiff-dem/10/FG-GML-6542-75-dem10b-20161001.tif,1265008,fc4bf8d6f96c4bac5745d04c728db063
https://data.source.coop/smartmaps/japan-geotiff-dem/10/FG-GML-6542-76-dem10b-20161001.tif,1305251,6e17a605ecfa9d2844fe595832e265b4
https://data.source.coop/smartmaps/japan-geotiff-dem/10/FG-GML-6542-77-dem10b-20161001.tif,1305953,a220c1264af1f0b00fc8c9a3985c002a
https://data.source.coop/smartmaps/japan-geotiff-dem/10/FG-GML-6543-00-dem10b-20161001.tif,1363291,37bb8c2a7cc382dd1126c43ed26d163b
https://data.source.coop/smartmaps/japan-geotiff-dem/10/FG-GML-6543-01-dem10b-20161001.tif,1200624,30b7e39a43fec78f89c9cc6036824e57
https://data.source.coop/smartmaps/japan-geotiff-dem/10/FG-GML-6543-02-dem10b-20161001.tif,1233375,4c336425380d7c47d44fa9d3dfa4fdde
https://data.source.coop/smartmaps/japan-geotiff-dem/10/FG-GML-6543-03-dem10b-20161001.tif,1155211,18e928936313ecf544e521720759e4f4
https://data.source.coop/smartmaps/japan-geotiff-dem/10/FG-GML-6543-04-dem10b-20161001.tif,1180541,df991b62174d0cb1f7974cf25e0b5072
https://data.source.coop/smartmaps/japan-geotiff-dem/10/FG-GML-6543-05-dem10b-20161001.tif,1219505,6617cd7582aa406d8c87b73decb1e2fc
https://data.source.coop/smartmaps/japan-geotiff-dem/10/FG-GML-6543-06-dem10b-20161001.tif,1250325,41f017fe52f5b61156ea29e7370d4c4a
https://data.source.coop/smartmaps/japan-geotiff-dem/10/FG-GML-6543-07-dem10a-20161001.tif,441113,c18d053219b291710bd4f9deff5db61e
https://data.source.coop/smartmaps/japan-geotiff-dem/10/FG-GML-6543-07-dem10b-20161001.tif,1259391,7e60c20f62457a56a2b2bb99f50c1c8e
https://data.source.coop/smartmaps/japan-geotiff-dem/10/FG-GML-6543-10-dem10b-20161001.tif,1343811,5390109bcfa1ca2097db6c8e2c0629cd
https://data.source.coop/smartmaps/japan-geotiff-dem/10/FG-GML-6543-11-dem10b-20161001.tif,1283849,9006f7945c7160d2898c68f018539614
https://data.source.coop/smartmaps/japan-geotiff-dem/10/FG-GML-6543-12-dem10b-20161001.tif,1286778,8b063b077a2160585ee18d7622cc926c
https://data.source.coop/smartmaps/japan-geotiff-dem/10/FG-GML-6543-13-dem10b-20161001.tif,1290335,88208660653822fa049554d3d03550d7
https://data.source.coop/smartmaps/japan-geotiff-dem/10/FG-GML-6543-14-dem10b-20161001.tif,1114299,c21864f5a3358198641ae3075c9820f1
https://data.source.coop/smartmaps/japan-geotiff-dem/10/FG-GML-6543-15-dem10b-20161001.tif,1060794,61a1de8f4f36206192eeee15d681ec75
https://data.source.coop/smartmaps/japan-geotiff-dem/10/FG-GML-6543-16-dem10b-20161001.tif,1228673,1c5214d75e8fc7f0c88a9e74657976f0
https://data.source.coop/smartmaps/japan-geotiff-dem/10/FG-GML-6543-17-dem10a-20161001.tif,3933,aeb7f56572ae63937b0cd4dea0f38bdf
https://data.source.coop/smartmaps/japan-geotiff-dem/10/FG-GML-6543-17-dem10b-20161001.tif,1236574,3e2631346c1b80442c2629803103d51c
https://data.source.coop/smartmaps/japan-geotiff-dem/10/FG-GML-6543-20-dem10b-20161001.tif,1302109,2cbab7b3782353ffb9ba5e31efc18c96
https://data.source.coop/smartmaps/japan-geotiff-dem/10/FG-GML-6543-21-dem10b-20161001.tif,1223157,bd3180750a21d5c37711a9adbe59384c
https://data.source.coop/smartmaps/japan-geotiff-dem/10/FG-GML-6543-22-dem10b-20161001.tif,1272759,e9cdbd962e80fb33fb860e5584ee0f2a
https://data.source.coop/smartmaps/japan-geotiff-dem/10/FG-GML-6543-23-dem10b-20161001.tif,1257799,3612c64ef9732893917a99f4abcf5a2c
https://data.source.coop/smartmaps/japan-geotiff-dem/10/FG-GML-6543-24-dem10b-20161001.tif,1164575,29a61b454ce0b47ff3f20263221b81b3
https://data.source.coop/smartmaps/japan-geotiff-dem/10/FG-GML-6543-25-dem10b-20161001.tif,1130275,c86bb75e794d64f625288bede4dd9d28
https://data.source.coop/smartmaps/japan-geotiff-dem/10/FG-GML-6543-26-dem10b-20161001.tif,1189061,551164c80be5eda21a68f57b2b44afd6
https://data.source.coop/smartmaps/japan-geotiff-dem/10/FG-GML-6543-27-dem10b-20161001.tif,1233517,f96f63c27967451473229dcd85b02c72
https://data.source.coop/smartmaps/japan-geotiff-dem/10/FG-GML-6543-30-dem10b-20161001.tif,1285927,22b568f89c192ae3fb915aa9551d3f64
https://data.source.coop/smartmaps/japan-geotiff-dem/10/FG-GML-6543-31-dem10b-20161001.tif,1325250,c7f16b634845c8aad06d82f22ff94402
https://data.source.coop/smartmaps/japan-geotiff-dem/10/FG-GML-6543-32-dem10b-20161001.tif,1214523,853d8978236698e349d79b46b4fa7f5b
https://data.source.coop/smartmaps/japan-geotiff-dem/10/FG-GML-6543-33-dem10b-20161001.tif,1218331,77d7018abdbde863db2f0725711f4f1b
https://data.source.coop/smartmaps/japan-geotiff-dem/10/FG-GML-6543-34-dem10b-20161001.tif,1088768,f24dbe1ec1021d55b3629036e490d6e7
https://data.source.coop/smartmaps/japan-geotiff-dem/10/FG-GML-6543-35-dem10b-20161001.tif,1143570,ce1b97c4eaf8fdf4310bee45d2b18b62
https://data.source.coop/smartmaps/japan-geotiff-dem/10/FG-GML-6543-36-dem10b-20161001.tif,1237712,053a715e3e68f3c8f9ca484b9bc66216
https://data.source.coop/smartmaps/japan-geotiff-dem/10/FG-GML-6543-37-dem10b-20161001.tif,1233837,e7e3e8020a8566a65f53718489ce227a
https://data.source.coop/smartmaps/japan-geotiff-dem/10/FG-GML-6543-40-dem10b-20161001.tif,1331976,443acc70e4c43ad55e495f3c25602255
https://data.source.coop/smartmaps/japan-geotiff-dem/10/FG-GML-6543-41-dem10b-20161001.tif,1336206,1331154138baad683a1e7c6b820bec16
https://data.source.coop/smartmaps/japan-geotiff-dem/10/FG-GML-6543-42-dem10b-20161001.tif,1289780,033b3619f3691f0b9f21d26c10b36802
https://data.source.coop/smartmaps/japan-geotiff-dem/10/FG-GML-6543-43-dem10b-20161001.tif,1158344,3ce598eb10775173962b52d7cf042eff
https://data.source.coop/smartmaps/japan-geotiff-dem/10/FG-GML-6543-44-dem10b-20161001.tif,1129165,740fba78f783d4dd51abe8863a7a4795
https://data.source.coop/smartmaps/japan-geotiff-dem/10/FG-GML-6543-45-dem10b-20161001.tif,939674,edf51bc27376d8fecabf0085a960fd75
https://data.source.coop/smartmaps/japan-geotiff-dem/10/FG-GML-6543-46-dem10b-20161001.tif,1103977,a0338e321c37fb9cddaee0138e331c3e
https://data.source.coop/smartmaps/japan-geotiff-dem/10/FG-GML-6543-47-dem10b-20161001.tif,1261187,4790041b27a7f59e01fbb6e4d77d5d60
https://data.source.coop/smartmaps/japan-geotiff-dem/10/FG-GML-6543-50-dem10b-20161001.tif,1301878,477b940c34d405455071744024a68679
https://data.source.coop/smartmaps/japan-geotiff-dem/10/FG-GML-6543-51-dem10b-20161001.tif,1337905,7afe867a6126811b9c9ab7fc08f98913
https://data.source.coop/smartmaps/japan-geotiff-dem/10/FG-GML-6543-52-dem10b-20161001.tif,1260848,5b646d0cee2a96d69941048f2b96b6fd
https://data.source.coop/smartmaps/japan-geotiff-dem/10/FG-GML-6543-53-dem10b-20161001.tif,1219056,36de7b5d6c853e07ec7d8dbbe47013d7
https://data.source.coop/smartmaps/japan-geotiff-dem/10/FG-GML-6543-54-dem10b-20161001.tif,1067256,86e7b47a08e01afd5661c04a3f062a66
https://data.source.coop/smartmaps/japan-geotiff-dem/10/FG-GML-6543-55-dem10b-20161001.tif,1087918,3344615239183f35c6fe2069432affdb
https://data.source.coop/smartmaps/japan-geotiff-dem/10/FG-GML-6543-56-dem10b-20161001.tif,832497,54bb5714f1d6e1094c6556c6172dfea5
https://data.source.coop/smartmaps/japan-geotiff-dem/10/FG-GML-6543-57-dem10b-20161001.tif,1062964,710a92decb03cb2e23fd3ac9d118b536
https://data.source.coop/smartmaps/japan-geotiff-dem/10/FG-GML-6543-60-dem10b-20161001.tif,1253242,3b1a2655f1b3e73da2a30775d78221a0
https://data.source.coop/smartmaps/japan-geotiff-dem/10/FG-GML-6543-61-dem10b-20161001.tif,1254572,d11a17b5979c74efc45759b0a817fd9f
https://data.source.coop/smartmaps/japan-geotiff-dem/10/FG-GML-6543-62-dem10b-20161001.tif,1281819,0149660c030f175b11902e80e005dc0f
https://data.source.coop/smartmaps/japan-geotiff-dem/10/FG-GML-6543-63-dem10b-20161001.tif,1262082,47b994c319bc2b4cf3a791c709d5f0d2
https://data.source.coop/smartmaps/japan-geotiff-dem/10/FG-GML-6543-64-dem10b-20161001.tif,1191845,f47732d5d2d08c678726c90ae5c08785
https://data.source.coop/smartmaps/japan-geotiff-dem/10/FG-GML-6543-65-dem10b-20161001.tif,1259748,f55546b9b90adfef4d5aea66efb04458
https://data.source.coop/smartmaps/japan-geotiff-dem/10/FG-GML-6543-66-dem10b-20161001.tif,1180753,7d8ade5d784f0c39535ee1b4d2eea9f7
https://data.source.coop/smartmaps/japan-geotiff-dem/10/FG-GML-6543-67-dem10b-20161001.tif,1009085,0a1f238e1c97cd773b58e27c109f96fc
https://data.source.coop/smartmaps/japan-geotiff-dem/10/FG-GML-6543-70-dem10b-20161001.tif,1362938,78d3875ff34f3ed128b007c382890443
https://data.source.coop/smartmaps/japan-geotiff-dem/10/FG-GML-6543-71-dem10b-20161001.tif,1310450,b45c6372e49b96c61a9c05db877cd274
https://data.source.coop/smartmaps/japan-geotiff-dem/10/FG-GML-6543-72-dem10b-20161001.tif,1264661,e1825298b890e53237bea3deca18d6db
https://data.source.coop/smartmaps/japan-geotiff-dem/10/FG-GML-6543-73-dem10b-20161001.tif,1269697,00c70c066c0ab810616354a7098b2bf2
https://data.source.coop/smartmaps/japan-geotiff-dem/10/FG-GML-6543-74-dem10b-20161001.tif,1170196,58974ca45ba50e37bc7b3f4c90718d94
https://data.source.coop/smartmaps/japan-geotiff-dem/10/FG-GML-6543-75-dem10b-20161001.tif,1090186,0b657154606c7e649d550745165a3031
https://data.source.coop/smartmaps/japan-geotiff-dem/10/FG-GML-6543-76-dem10b-20161001.tif,1279062,1553539a3ceab39c83ab859d30649acb
https://data.source.coop/smartmaps/japan-geotiff-dem/10/FG-GML-6543-77-dem10b-20161001.tif,1234097,834643b2e19f707124ec957a4c916c34
https://data.source.coop/smartmaps/japan-geotiff-dem/10/FG-GML-6544-00-dem10a-20161001.tif,433749,0a7e6751edd75ae298058f643286a062
https://data.source.coop/smartmaps/japan-geotiff-dem/10/FG-GML-6544-00-dem10b-20161001.tif,1251291,c8a7b273aba118dd3e56686a9e502b43
https://data.source.coop/smartmaps/japan-geotiff-dem/10/FG-GML-6544-01-dem10b-20161001.tif,1241369,420a786c54b891bfb0f07e98f3fbf23d
https://data.source.coop/smartmaps/japan-geotiff-dem/10/FG-GML-6544-02-dem10b-20161001.tif,1161611,d5a7921e0aa14a98f8881765b91c1ed9
https://data.source.coop/smartmaps/japan-geotiff-dem/10/FG-GML-6544-03-dem10b-20161001.tif,1106551,da775e703c3b7d98fceffca88fe7cbb7
https://data.source.coop/smartmaps/japan-geotiff-dem/10/FG-GML-6544-04-dem10b-20161001.tif,1023496,9b72b5a76ecf12c597c39bf2fecb517d
https://data.source.coop/smartmaps/japan-geotiff-dem/10/FG-GML-6544-05-dem10b-20161001.tif,991495,39531dfbb2a73d1d267484c192be1ba3
https://data.source.coop/smartmaps/japan-geotiff-dem/10/FG-GML-6544-06-dem10b-20161001.tif,789002,42e5603b901551a393c59ec2eb2b316d
https://data.source.coop/smartmaps/japan-geotiff-dem/10/FG-GML-6544-07-dem10b-20161001.tif,839121,392433d80cd16099b7185231d8b26079
https://data.source.coop/smartmaps/japan-geotiff-dem/10/FG-GML-6544-10-dem10a-20161001.tif,4641,33e023bb1d78e5529f91877200e5cff6
https://data.source.coop/smartmaps/japan-geotiff-dem/10/FG-GML-6544-10-dem10b-20161001.tif,1016737,db6024ee956ab1c1d01a35b6d4558275
https://data.source.coop/smartmaps/japan-geotiff-dem/10/FG-GML-6544-11-dem10b-20161001.tif,1194080,2607f167c2345b087cd0e895b6e7863a
https://data.source.coop/smartmaps/japan-geotiff-dem/10/FG-GML-6544-12-dem10b-20161001.tif,1245203,fa7de5e989ca0d073db87ec0387d7525
https://data.source.coop/smartmaps/japan-geotiff-dem/10/FG-GML-6544-13-dem10b-20161001.tif,1033431,a58609b2dfb39ed2c9ba0a4fb96d6eb4
https://data.source.coop/smartmaps/japan-geotiff-dem/10/FG-GML-6544-14-dem10b-20161001.tif,1083966,3ea9d8d1e79136e8884abe2fed0f2aee
https://data.source.coop/smartmaps/japan-geotiff-dem/10/FG-GML-6544-15-dem10b-20161001.tif,860928,e7969a9011fee147feccf4eace774950
https://data.source.coop/smartmaps/japan-geotiff-dem/10/FG-GML-6544-16-dem10b-20161001.tif,783464,0a79ca9221da4658191b153cab39ae18
https://data.source.coop/smartmaps/japan-geotiff-dem/10/FG-GML-6544-17-dem10b-20161001.tif,905461,5ae87f8aefb6cc47f40c68548ca0b1bb
https://data.source.coop/smartmaps/japan-geotiff-dem/10/FG-GML-6544-20-dem10b-20161001.tif,1198166,9bbe14f3c823e05baf19e64e8343ea4b
https://data.source.coop/smartmaps/japan-geotiff-dem/10/FG-GML-6544-21-dem10b-20161001.tif,1194414,3251450d8fa2fbf6d5e6188f0de67d29
https://data.source.coop/smartmaps/japan-geotiff-dem/10/FG-GML-6544-22-dem10b-20161001.tif,1138489,39204f2b2ff475fc9027e3752be8e2e9
https://data.source.coop/smartmaps/japan-geotiff-dem/10/FG-GML-6544-23-dem10b-20161001.tif,971170,0f8712fb9f6884bc8c7a980569aac979
https://data.source.coop/smartmaps/japan-geotiff-dem/10/FG-GML-6544-24-dem10b-20161001.tif,1060890,42e2a2c70b6a572cae40f150edfd9948
https://data.source.coop/smartmaps/japan-geotiff-dem/10/FG-GML-6544-25-dem10b-20161001.tif,882103,84fd1fd50cf99d1795e70ffe2e6a7f24
https://data.source.coop/smartmaps/japan-geotiff-dem/10/FG-GML-6544-26-dem10b-20161001.tif,867742,bd4c2d6808bc20febf12f705c56f597a
https://data.source.coop/smartmaps/japan-geotiff-dem/10/FG-GML-6544-27-dem10b-20161001.tif,911438,1538cd60cf0024f7fc274cb9bf44371e
https://data.source.coop/smartmaps/japan-geotiff-dem/10/FG-GML-6544-30-dem10b-20161001.tif,1225455,b418bbf58374922e356f12225cdab4a5
https://data.source.coop/smartmaps/japan-geotiff-dem/10/FG-GML-6544-31-dem10b-20161001.tif,1199852,cd5e14e0f512cb9b4617f28e91599d68
https://data.source.coop/smartmaps/japan-geotiff-dem/10/FG-GML-6544-32-dem10b-20161001.tif,422984,294afe629ebadc08ea3f4aba18867943
https://data.source.coop/smartmaps/japan-geotiff-dem/10/FG-GML-6544-33-dem10b-20161001.tif,914769,9ac53030afd82c2f493aa6fd65030ccf
https://data.source.coop/smartmaps/japan-geotiff-dem/10/FG-GML-6544-34-dem10b-20161001.tif,1141348,c38643f3c83c08b6061f235357fa2712
https://data.source.coop/smartmaps/japan-geotiff-dem/10/FG-GML-6544-35-dem10b-20161001.tif,1248393,06638f68f1600c684bdfc5cdaf30412e
https://data.source.coop/smartmaps/japan-geotiff-dem/10/FG-GML-6544-36-dem10b-20161001.tif,1120183,1ff6cd2cccdb04a1576b705d6d6f4757
https://data.source.coop/smartmaps/japan-geotiff-dem/10/FG-GML-6544-37-dem10b-20161001.tif,893585,9ac33a23745037d7bc245e9b40ced5b8
https://data.source.coop/smartmaps/japan-geotiff-dem/10/FG-GML-6544-40-dem10b-20161001.tif,1132641,c17b0baa07d171f1488254ed620efd8a
https://data.source.coop/smartmaps/japan-geotiff-dem/10/FG-GML-6544-41-dem10b-20161001.tif,1244780,6371dbb42f50e6bb1ce6e303ada7ffd6
https://data.source.coop/smartmaps/japan-geotiff-dem/10/FG-GML-6544-42-dem10b-20161001.tif,1140306,e3ca64fee0d1f850f4893d3991be47fd
https://data.source.coop/smartmaps/japan-geotiff-dem/10/FG-GML-6544-43-dem10b-20161001.tif,1193625,f6447f74d16c862ae6f19725b1ba0073
https://data.source.coop/smartmaps/japan-geotiff-dem/10/FG-GML-6544-44-dem10b-20161001.tif,1196330,55a59f0a6a3039ffdc6c1641018c27ef
https://data.source.coop/smartmaps/japan-geotiff-dem/10/FG-GML-6544-45-dem10b-20161001.tif,1224469,05382d044cc428f29aa54b915088e463
https://data.source.coop/smartmaps/japan-geotiff-dem/10/FG-GML-6544-46-dem10b-20161001.tif,1256770,88d47398d1db3c895b0a78022dd8aba8
https://data.source.coop/smartmaps/japan-geotiff-dem/10/FG-GML-6544-47-dem10b-20161001.tif,1080596,b4d473709d6229f15e4e5fd364afd884
https://data.source.coop/smartmaps/japan-geotiff-dem/10/FG-GML-6544-50-dem10b-20161001.tif,1091646,66b01cef663392667a870b1096ded5c9
https://data.source.coop/smartmaps/japan-geotiff-dem/10/FG-GML-6544-51-dem10b-20161001.tif,1012921,25ef289fae71844b91423b28b4b4089b
https://data.source.coop/smartmaps/japan-geotiff-dem/10/FG-GML-6544-52-dem10b-20161001.tif,1140849,b1bb311c629c5b7a86ae6c6fd0a46592
https://data.source.coop/smartmaps/japan-geotiff-dem/10/FG-GML-6544-53-dem10b-20161001.tif,1180328,12ec47c4564901a7cc821e9f4ea54c4f
https://data.source.coop/smartmaps/japan-geotiff-dem/10/FG-GML-6544-54-dem10b-20161001.tif,960360,afdec983dbdbe7490cc455a96471b717
https://data.source.coop/smartmaps/japan-geotiff-dem/10/FG-GML-6544-55-dem10b-20161001.tif,1143328,45658ecd153a062523c7bd0b59332de1
https://data.source.coop/smartmaps/japan-geotiff-dem/10/FG-GML-6544-56-dem10b-20161001.tif,1233442,e4e51cf7f68ff1ecfc6a889442d4599b
https://data.source.coop/smartmaps/japan-geotiff-dem/10/FG-GML-6544-57-dem10b-20161001.tif,1205792,d23e31ee8135a355e1b7fdeebd6c515a
https://data.source.coop/smartmaps/japan-geotiff-dem/10/FG-GML-6544-60-dem10b-20161001.tif,1071688,afd57edaf0b0d135b8fc58213ac4b710
https://data.source.coop/smartmaps/japan-geotiff-dem/10/FG-GML-6544-61-dem10b-20161001.tif,903898,5c37bc3a2a1c9fd0feb17c3c85f793f4
https://data.source.coop/smartmaps/japan-geotiff-dem/10/FG-GML-6544-62-dem10b-20161001.tif,1052922,b69848786c446b13ad51644fe706eaca
https://data.source.coop/smartmaps/japan-geotiff-dem/10/FG-GML-6544-63-dem10b-20161001.tif,983517,64caccb911839366104dc9c07ea17228
https://data.source.coop/smartmaps/japan-geotiff-dem/10/FG-GML-6544-64-dem10b-20161001.tif,781407,3efc85b03a24eae944309740633f1dbf
https://data.source.coop/smartmaps/japan-geotiff-dem/10/FG-GML-6544-65-dem10b-20161001.tif,752530,8a1206dfe5357f0d11c87eb96d69669c
https://data.source.coop/smartmaps/japan-geotiff-dem/10/FG-GML-6544-66-dem10b-20161001.tif,1171665,30eec4141907136f95104751b7a48b78
https://data.source.coop/smartmaps/japan-geotiff-dem/10/FG-GML-6544-67-dem10b-20161001.tif,1302079,e3d27e0ba59df2c0cbe611d7ff6aae4a
https://data.source.coop/smartmaps/japan-geotiff-dem/10/FG-GML-6544-70-dem10b-20161001.tif,1239206,8f3a9c1c70f87a204b8faf6ca6669535
https://data.source.coop/smartmaps/japan-geotiff-dem/10/FG-GML-6544-71-dem10b-20161001.tif,703843,42cae0df74d5dec975cef7eb57709636
https://data.source.coop/smartmaps/japan-geotiff-dem/10/FG-GML-6544-72-dem10b-20161001.tif,764257,e5493dbeade2763c3dfd76ddb7e426fb
https://data.source.coop/smartmaps/japan-geotiff-dem/10/FG-GML-6544-73-dem10b-20161001.tif,182861,7896f6e40e90592c24f38e4592042dca
https://data.source.coop/smartmaps/japan-geotiff-dem/10/FG-GML-6544-74-dem10b-20161001.tif,63928,961c24b84b20836017f9ff607b3df565
https://data.source.coop/smartmaps/japan-geotiff-dem/10/FG-GML-6544-75-dem10b-20161001.tif,31397,2527d177ec33d59311c089060a41001d
https://data.source.coop/smartmaps/japan-geotiff-dem/10/FG-GML-6544-76-dem10b-20161001.tif,446073,9245a6bffb1d6419dd2e412325ee0390
https://data.source.coop/smartmaps/japan-geotiff-dem/10/FG-GML-6544-77-dem10b-20161001.tif,1280090,dd49ba7de866639ffcd870817b4c1ad5
https://data.source.coop/smartmaps/japan-geotiff-dem/10/FG-GML-6545-00-dem10b-20161001.tif,968412,a7785818fc1cf5a63aa477848432f87e
https://data.source.coop/smartmaps/japan-geotiff-dem/10/FG-GML-6545-01-dem10b-20161001.tif,877958,b3e3ef61000b381b2940f0269db3fb19
https://data.source.coop/smartmaps/japan-geotiff-dem/10/FG-GML-6545-02-dem10b-20161001.tif,164197,9be34c98d9cb1363629cc09755709b0b
https://data.source.coop/smartmaps/japan-geotiff-dem/10/FG-GML-6545-04-dem10b-20161001.tif,118418,4e947be45c7057c5cda6bb4c787c3984
https://data.source.coop/smartmaps/japan-geotiff-dem/10/FG-GML-6545-05-dem10b-20161001.tif,642024,03689155a0a9365a6e0a1f3af0166cee
https://data.source.coop/smartmaps/japan-geotiff-dem/10/FG-GML-6545-06-DEM10B-20161001.tif,242250,13b000302e16b891777e60561e27c3f7
https://data.source.coop/smartmaps/japan-geotiff-dem/10/FG-GML-6545-07-DEM10B-20161001.tif,21752,fe7fd21c8406246bc89755a40e18e6e5
https://data.source.coop/smartmaps/japan-geotiff-dem/10/FG-GML-6545-10-dem10b-20161001.tif,1019920,a7d37e8bc12d21437446401efecae3c8
https://data.source.coop/smartmaps/japan-geotiff-dem/10/FG-GML-6545-11-dem10b-20161001.tif,1015082,c1ab11b624a13949617324f5ca5f5013
https://data.source.coop/smartmaps/japan-geotiff-dem/10/FG-GML-6545-12-dem10b-20161001.tif,87271,cec75c0e76dbec474c42048169a367d7
https://data.source.coop/smartmaps/japan-geotiff-dem/10/FG-GML-6545-16-DEM10B-20161001.tif,9293,2e652eeb6d2ee9904b8113d8aa6ba5d2
https://data.source.coop/smartmaps/japan-geotiff-dem/10/FG-GML-6545-17-DEM10B-20161001.tif,145701,3a73ecc0644169aede2f305b5da31f38
https://data.source.coop/smartmaps/japan-geotiff-dem/10/FG-GML-6545-20-dem10b-20161001.tif,985787,209e2f46bcc50e94a240d8ac159e3b57
https://data.source.coop/smartmaps/japan-geotiff-dem/10/FG-GML-6545-21-dem10b-20161001.tif,909991,31188fb2084a6e775e13834f30c459b6
https://data.source.coop/smartmaps/japan-geotiff-dem/10/FG-GML-6545-22-dem10b-20161001.tif,64363,8e9de7472984898b71559710ae5d126e
https://data.source.coop/smartmaps/japan-geotiff-dem/10/FG-GML-6545-30-dem10b-20161001.tif,796187,590409f9d4102969ea393107c562b8b5
https://data.source.coop/smartmaps/japan-geotiff-dem/10/FG-GML-6545-31-dem10b-20161001.tif,448571,1c348e066afc1c015820e5d231ecae42
https://data.source.coop/smartmaps/japan-geotiff-dem/10/FG-GML-6545-32-dem10b-20161001.tif,63232,eb233611995fb020565c7db33a7e14dd
https://data.source.coop/smartmaps/japan-geotiff-dem/10/FG-GML-6545-34-DEM10B-20161001.tif,9532,62bf3c9bbd54a4e45c8934fdfe9ec33b
https://data.source.coop/smartmaps/japan-geotiff-dem/10/FG-GML-6545-40-dem10b-20161001.tif,584219,c6b724506a5026a50f5fd5adf8806950
https://data.source.coop/smartmaps/japan-geotiff-dem/10/FG-GML-6545-41-dem10b-20161001.tif,8122,36596bf5b09a19d428beac61ed20f894
https://data.source.coop/smartmaps/japan-geotiff-dem/10/FG-GML-6545-43-DEM10B-20161001.tif,211483,fa82f64ab5e933fff17ad9a699ac84de
https://data.source.coop/smartmaps/japan-geotiff-dem/10/FG-GML-6545-44-DEM10B-20161001.tif,130201,954be6f1353d57fa862abd43885fad70
https://data.source.coop/smartmaps/japan-geotiff-dem/10/FG-GML-6545-50-dem10b-20161001.tif,419303,1a43d0dd7538acbe726451e885d87e49
https://data.source.coop/smartmaps/japan-geotiff-dem/10/FG-GML-6545-53-DEM10B-20161001.tif,742133,dcc57bf2af0ce68cc2460845aa4e373d
https://data.source.coop/smartmaps/japan-geotiff-dem/10/FG-GML-6545-54-DEM10B-20161001.tif,601453,e6153f8cc137a7128428436e9392a352
https://data.source.coop/smartmaps/japan-geotiff-dem/10/FG-GML-6545-60-dem10b-20161001.tif,855291,d30b76b02ae296e3448e4ce7c639a963
https://data.source.coop/smartmaps/japan-geotiff-dem/10/FG-GML-6545-63-DEM10B-20161001.tif,466059,dcdb1b5754491924ded3bd0bed18bfc1
https://data.source.coop/smartmaps/japan-geotiff-dem/10/FG-GML-6545-64-DEM10B-20161001.tif,917398,c7df6625cae929577b84c6460ce5472b
https://data.source.coop/smartmaps/japan-geotiff-dem/10/FG-GML-6545-65-DEM10B-20161001.tif,115850,2782a317627ad99271d36c5d832cceee
https://data.source.coop/smartmaps/japan-geotiff-dem/10/FG-GML-6545-70-dem10b-20161001.tif,1230850,2a862bdf68a947ccb3b3f90c4a286d79
https://data.source.coop/smartmaps/japan-geotiff-dem/10/FG-GML-6545-71-dem10b-20161001.tif,187701,c9741390a6c9cae6d2075cb3b945c5d5
https://data.source.coop/smartmaps/japan-geotiff-dem/10/FG-GML-6545-74-DEM10B-20161001.tif,355200,f98b279d9a7db35ba2d29d3a3658fda7
https://data.source.coop/smartmaps/japan-geotiff-dem/10/FG-GML-6545-75-DEM10B-20161001.tif,1037500,98d09084c85d2268e26ff93970a5c40f
https://data.source.coop/smartmaps/japan-geotiff-dem/10/FG-GML-6545-76-DEM10B-20161001.tif,312234,16a070aa40b0e442f409540d0aa50733
https://data.source.coop/smartmaps/japan-geotiff-dem/10/FG-GML-6546-00-DEM10B-20161001.tif,89087,1cb873de0ccb4ca6ce6cd7b8a7e86a9c
https://data.source.coop/smartmaps/japan-geotiff-dem/10/FG-GML-6546-01-DEM10B-20161001.tif,13870,4c726d583cf77f741e5d4cb66c95c32e
https://data.source.coop/smartmaps/japan-geotiff-dem/10/FG-GML-6546-10-DEM10B-20161001.tif,203766,d67ee2c88a7c1dce7175c27ca7bf0121
https://data.source.coop/smartmaps/japan-geotiff-dem/10/FG-GML-6546-11-DEM10B-20161001.tif,177970,449537e6ba1cfb95e81370944773616f
https://data.source.coop/smartmaps/japan-geotiff-dem/10/FG-GML-6546-20-DEM10B-20161001.tif,167967,9257c15bfd92c3984c88a247c88897c3
https://data.source.coop/smartmaps/japan-geotiff-dem/10/FG-GML-6546-21-DEM10B-20161001.tif,210560,cbb6c422ca317bada2798d570c43b684
https://data.source.coop/smartmaps/japan-geotiff-dem/10/FG-GML-6546-23-DEM10B-20161001.tif,11036,44b7f501f8d67f6f13f154227a32336e
https://data.source.coop/smartmaps/japan-geotiff-dem/10/FG-GML-6546-32-DEM10B-20161001.tif,138736,4a932bcb2657b187a93067179a066bb9
https://data.source.coop/smartmaps/japan-geotiff-dem/10/FG-GML-6546-33-DEM10B-20161001.tif,2310,44537ca2eeecc9d3d8f5bb96731c5fc0
https://data.source.coop/smartmaps/japan-geotiff-dem/10/FG-GML-6546-44-DEM10B-20161001.tif,56570,8b0a7b5b37fdd7d8ba927395095d03b1
https://data.source.coop/smartmaps/japan-geotiff-dem/10/FG-GML-6546-45-DEM10B-20161001.tif,365719,9345d63ed983b959b491c7cb4d9d3927
https://data.source.coop/smartmaps/japan-geotiff-dem/10/FG-GML-6546-46-DEM10B-20161001.tif,9630,c662070cb39ad89fbbaae0bf13bc35c4
https://data.source.coop/smartmaps/japan-geotiff-dem/10/FG-GML-6546-54-DEM10B-20161001.tif,263129,ede01b9cb9f80e1d61c1b255bd0e46a7
https://data.source.coop/smartmaps/japan-geotiff-dem/10/FG-GML-6546-55-DEM10B-20161001.tif,1122731,4c0089b1f0a981dcf6965aad48c8e416
https://data.source.coop/smartmaps/japan-geotiff-dem/10/FG-GML-6546-56-DEM10B-20161001.tif,787561,1b10fb685384f18414a61c76a82a67e8
https://data.source.coop/smartmaps/japan-geotiff-dem/10/FG-GML-6546-57-DEM10B-20161001.tif,98104,04fdf188cb0cda69088f7189eef1d926
https://data.source.coop/smartmaps/japan-geotiff-dem/10/FG-GML-6546-65-DEM10B-20161001.tif,78164,781b5016c232f13ce3f64b9cb5f9c2fa
https://data.source.coop/smartmaps/japan-geotiff-dem/10/FG-GML-6546-66-DEM10B-20161001.tif,656947,c2f3b00a39b522fe7af1f499672312b3
https://data.source.coop/smartmaps/japan-geotiff-dem/10/FG-GML-6546-67-DEM10B-20161001.tif,92399,d548729e0f8b7599badec2b65fec1d87
https://data.source.coop/smartmaps/japan-geotiff-dem/10/FG-GML-6641-05-dem10b-20161001.tif,959669,244ab21ed71dd7dbbc7c544d4a919b9f
https://data.source.coop/smartmaps/japan-geotiff-dem/10/FG-GML-6641-06-dem10b-20161001.tif,1300710,4de763f61e32161ec2c15b9f3422b6bc
https://data.source.coop/smartmaps/japan-geotiff-dem/10/FG-GML-6641-07-dem10b-20161001.tif,1281171,6c04553b125167c6643f9a3adf7f1703
https://data.source.coop/smartmaps/japan-geotiff-dem/10/FG-GML-6641-15-dem10b-20161001.tif,1057777,090b2391ef4fe2b3b4a22a6f8f41e9d2
https://data.source.coop/smartmaps/japan-geotiff-dem/10/FG-GML-6641-16-dem10b-20161001.tif,1343012,88da19d0375f4bf3ed8d39c300f76e1d
https://data.source.coop/smartmaps/japan-geotiff-dem/10/FG-GML-6641-17-dem10b-20161001.tif,1332780,14eef2a003d4f0ef9722f237389e39d1
https://data.source.coop/smartmaps/japan-geotiff-dem/10/FG-GML-6641-25-dem10b-20161001.tif,1000613,f914004be669a7aa6c359a0d2981da21
https://data.source.coop/smartmaps/japan-geotiff-dem/10/FG-GML-6641-26-dem10b-20161001.tif,1343287,1c1c530c72ec01f99d7f180aa1f753ec
https://data.source.coop/smartmaps/japan-geotiff-dem/10/FG-GML-6641-27-dem10b-20161001.tif,1312596,823d1b822d827fe58509fdffef5412c2
https://data.source.coop/smartmaps/japan-geotiff-dem/10/FG-GML-6641-35-dem10b-20161001.tif,902982,8235baea8a2a7d3e29e685fc4ed4dd81
https://data.source.coop/smartmaps/japan-geotiff-dem/10/FG-GML-6641-36-dem10b-20161001.tif,1321863,f3001c8784736fd7e8e7f4e3a84759b9
https://data.source.coop/smartmaps/japan-geotiff-dem/10/FG-GML-6641-37-dem10b-20161001.tif,1314834,1861c717b6362b530d9fafcadda45f6f
https://data.source.coop/smartmaps/japan-geotiff-dem/10/FG-GML-6641-42-dem10b-20161001.tif,12489,1e526a0efcf655d2eb31a88726920537
https://data.source.coop/smartmaps/japan-geotiff-dem/10/FG-GML-6641-45-dem10b-20161001.tif,418833,1b39d996629527651a0b49850ffbd5e8
https://data.source.coop/smartmaps/japan-geotiff-dem/10/FG-GML-6641-46-dem10b-20161001.tif,1287146,2b0a2c0e702df9810825c97ba869f098
https://data.source.coop/smartmaps/japan-geotiff-dem/10/FG-GML-6641-47-dem10b-20161001.tif,1319401,16955f19b2c85c4f61618226d50e0c80
https://data.source.coop/smartmaps/japan-geotiff-dem/10/FG-GML-6641-52-dem10b-20161001.tif,76000,1f4ae9f628fad7f65a923a071430d3ca
https://data.source.coop/smartmaps/japan-geotiff-dem/10/FG-GML-6641-53-dem10b-20161001.tif,78060,89066ee10bf0af76679e3ec90287ab4b
https://data.source.coop/smartmaps/japan-geotiff-dem/10/FG-GML-6641-55-dem10b-20161001.tif,20638,8712d5e758e9d6f180acf2e1e1a6dbd6
https://data.source.coop/smartmaps/japan-geotiff-dem/10/FG-GML-6641-56-dem10b-20161001.tif,1258128,939d353e86696413c452ba82295bfeab
https://data.source.coop/smartmaps/japan-geotiff-dem/10/FG-GML-6641-57-dem10b-20161001.tif,1341566,049aaedfd5b8985f497ee1e6a8cb332a
https://data.source.coop/smartmaps/japan-geotiff-dem/10/FG-GML-6641-66-dem10b-20161001.tif,1084552,49f44121ad0108fba4a020af7429da95
https://data.source.coop/smartmaps/japan-geotiff-dem/10/FG-GML-6641-67-dem10b-20161001.tif,1335670,0303f052a61475793dd2a434c5fce760
https://data.source.coop/smartmaps/japan-geotiff-dem/10/FG-GML-6641-76-dem10b-20161001.tif,890637,e2a7cebc5bd113435872caddd148537f
https://data.source.coop/smartmaps/japan-geotiff-dem/10/FG-GML-6641-77-dem10b-20161001.tif,1290910,aeb4510f2cb6dcdbc75968f42ea4cef2
https://data.source.coop/smartmaps/japan-geotiff-dem/10/FG-GML-6642-00-dem10b-20161001.tif,1286127,2781fcf0e41afdaad82e1187547475d0
https://data.source.coop/smartmaps/japan-geotiff-dem/10/FG-GML-6642-01-dem10b-20161001.tif,1138857,e1252d28817264fbf27f1b3d9f850e3c
https://data.source.coop/smartmaps/japan-geotiff-dem/10/FG-GML-6642-02-dem10b-20161001.tif,1013292,c643388b5c599d808770eb6e017c9c29
https://data.source.coop/smartmaps/japan-geotiff-dem/10/FG-GML-6642-03-dem10b-20161001.tif,1001082,6971ea958f10cf559ba434a9d865f199
https://data.source.coop/smartmaps/japan-geotiff-dem/10/FG-GML-6642-04-dem10b-20161001.tif,1219789,a744dc6a81e4c4000db156b818803c46
https://data.source.coop/smartmaps/japan-geotiff-dem/10/FG-GML-6642-05-dem10b-20161001.tif,1251789,3ec4df3fb815060b742f9bfd5de920a2
https://data.source.coop/smartmaps/japan-geotiff-dem/10/FG-GML-6642-06-dem10b-20161001.tif,1290996,33301ed64cef12f6f7ef8deda8930a8f
https://data.source.coop/smartmaps/japan-geotiff-dem/10/FG-GML-6642-07-dem10b-20161001.tif,1308372,5e5d122d5e7e8b7df72f454dec0e55f1
https://data.source.coop/smartmaps/japan-geotiff-dem/10/FG-GML-6642-10-dem10b-20161001.tif,1308671,8fae128dd30010c53eca752f83c0aab9
https://data.source.coop/smartmaps/japan-geotiff-dem/10/FG-GML-6642-11-dem10b-20161001.tif,1164413,dbe7216e28b95090930d97e87539f69a
https://data.source.coop/smartmaps/japan-geotiff-dem/10/FG-GML-6642-12-dem10b-20161001.tif,864524,c482de01ef96a4cb0104300dcb93c2fe
https://data.source.coop/smartmaps/japan-geotiff-dem/10/FG-GML-6642-13-dem10b-20161001.tif,912225,6b39154cceb89edfcaa22fe1310173fd
https://data.source.coop/smartmaps/japan-geotiff-dem/10/FG-GML-6642-14-dem10b-20161001.tif,1133107,4c8b25b02cbdc13db6924a7571fa981e
https://data.source.coop/smartmaps/japan-geotiff-dem/10/FG-GML-6642-15-dem10b-20161001.tif,1206163,f6113b511c504bc4431acd880023765e
https://data.source.coop/smartmaps/japan-geotiff-dem/10/FG-GML-6642-16-dem10b-20161001.tif,1296638,7e171867a20246694ede602a59a9bef5
https://data.source.coop/smartmaps/japan-geotiff-dem/10/FG-GML-6642-17-dem10b-20161001.tif,1274005,52d09042e571b3e6bd1697a1e1b664f9
https://data.source.coop/smartmaps/japan-geotiff-dem/10/FG-GML-6642-20-dem10b-20161001.tif,1270699,07fd7478b8e209e61c87e62fd3d0a2a6
https://data.source.coop/smartmaps/japan-geotiff-dem/10/FG-GML-6642-21-dem10b-20161001.tif,1175045,05a841483c3d92eca0254b6f7c683c98
https://data.source.coop/smartmaps/japan-geotiff-dem/10/FG-GML-6642-22-dem10b-20161001.tif,1054986,64444bb3285d98730728693dce5820b1
https://data.source.coop/smartmaps/japan-geotiff-dem/10/FG-GML-6642-23-dem10b-20161001.tif,763968,91424e8b4ed9227fc44268e15034072a
https://data.source.coop/smartmaps/japan-geotiff-dem/10/FG-GML-6642-24-dem10b-20161001.tif,1200689,2784055a06ff9b7cca806c69ed7b3aad
https://data.source.coop/smartmaps/japan-geotiff-dem/10/FG-GML-6642-25-dem10b-20161001.tif,1318292,39b37bc0e29119012947f903ac6f3d74
https://data.source.coop/smartmaps/japan-geotiff-dem/10/FG-GML-6642-26-dem10b-20161001.tif,1341486,4ba39f3d08c3a83b396dc670f34337eb
https://data.source.coop/smartmaps/japan-geotiff-dem/10/FG-GML-6642-27-dem10b-20161001.tif,1299991,ad20956070f94ae4c81ebaa18822085e
https://data.source.coop/smartmaps/japan-geotiff-dem/10/FG-GML-6642-30-dem10b-20161001.tif,1258277,a0d8b5fe01fe84a1d616accada9f345e
https://data.source.coop/smartmaps/japan-geotiff-dem/10/FG-GML-6642-31-dem10b-20161001.tif,993817,6a8639d1d6d69bdfe2cb6ad98e72280f
https://data.source.coop/smartmaps/japan-geotiff-dem/10/FG-GML-6642-32-dem10b-20161001.tif,1112126,69941208672dd9433558d15b18270580
https://data.source.coop/smartmaps/japan-geotiff-dem/10/FG-GML-6642-33-dem10b-20161001.tif,686305,d4326d169143020ad7bdf09c9f346477
https://data.source.coop/smartmaps/japan-geotiff-dem/10/FG-GML-6642-34-dem10b-20161001.tif,1072157,76d8a4d1685c319e5b361e7dca6c117c
https://data.source.coop/smartmaps/japan-geotiff-dem/10/FG-GML-6642-35-dem10b-20161001.tif,1166019,c1a0fba08287e3e1db6ae9cdd19d3de3
https://data.source.coop/smartmaps/japan-geotiff-dem/10/FG-GML-6642-36-dem10b-20161001.tif,1284908,14fcf712b317e7ba5e683649dab223ed
https://data.source.coop/smartmaps/japan-geotiff-dem/10/FG-GML-6642-37-dem10b-20161001.tif,1272310,d90c253812340a68c13913c387625551
https://data.source.coop/smartmaps/japan-geotiff-dem/10/FG-GML-6642-40-dem10b-20161001.tif,1283266,2524ac2d1a6c6615b3ffa2efb9729900
https://data.source.coop/smartmaps/japan-geotiff-dem/10/FG-GML-6642-41-dem10b-20161001.tif,1036331,52b8151724208389ce08d13da661217a
https://data.source.coop/smartmaps/japan-geotiff-dem/10/FG-GML-6642-42-dem10b-20161001.tif,1182376,38e184a9f4ff3cb6d8962673af4965ee
https://data.source.coop/smartmaps/japan-geotiff-dem/10/FG-GML-6642-43-dem10b-20161001.tif,949176,cec0ebbc8d177098145ee8bf1c8e8b53
https://data.source.coop/smartmaps/japan-geotiff-dem/10/FG-GML-6642-44-dem10b-20161001.tif,1201291,638d1b487c4a5f73b485145a77ed55d7
https://data.source.coop/smartmaps/japan-geotiff-dem/10/FG-GML-6642-45-dem10b-20161001.tif,1189285,bc8f2e7c2eb09a06e8bd6692b48306a3
https://data.source.coop/smartmaps/japan-geotiff-dem/10/FG-GML-6642-46-dem10b-20161001.tif,1216157,239f3f0897994011d34500543a6fa118
https://data.source.coop/smartmaps/japan-geotiff-dem/10/FG-GML-6642-47-dem10b-20161001.tif,1258925,6002368e93bd65e1e934d82f4483c979
https://data.source.coop/smartmaps/japan-geotiff-dem/10/FG-GML-6642-50-dem10b-20161001.tif,1327077,4fd7b38d61c78683ef8d78ffbd01729f
https://data.source.coop/smartmaps/japan-geotiff-dem/10/FG-GML-6642-51-dem10b-20161001.tif,1219296,b5ef591bef1c8c7f56f823aca597dd27
https://data.source.coop/smartmaps/japan-geotiff-dem/10/FG-GML-6642-52-dem10b-20161001.tif,1073947,515199e95b3c48abccdd80953991e6ca
https://data.source.coop/smartmaps/japan-geotiff-dem/10/FG-GML-6642-53-dem10b-20161001.tif,995865,c8e880d368ae10fb74e0c90c6edf78d3
https://data.source.coop/smartmaps/japan-geotiff-dem/10/FG-GML-6642-54-dem10b-20161001.tif,1181465,22bf3d03deb9fc1b25bbc001c193188c
https://data.source.coop/smartmaps/japan-geotiff-dem/10/FG-GML-6642-55-dem10b-20161001.tif,1181417,4126ded4c6671d1a32814e08fabd6692
https://data.source.coop/smartmaps/japan-geotiff-dem/10/FG-GML-6642-56-dem10b-20161001.tif,1225928,477ed0c7d6fef9e46165c7cd005656c6
https://data.source.coop/smartmaps/japan-geotiff-dem/10/FG-GML-6642-57-dem10b-20161001.tif,1174394,70d500d29d8e038672cd5c9bd8548801
https://data.source.coop/smartmaps/japan-geotiff-dem/10/FG-GML-6642-60-dem10b-20161001.tif,1315770,6e786cc259bbe8eb032685798ecfd4a0
https://data.source.coop/smartmaps/japan-geotiff-dem/10/FG-GML-6642-61-dem10b-20161001.tif,1282799,0f6a04bb3de23d452600fe06fb5ab221
https://data.source.coop/smartmaps/japan-geotiff-dem/10/FG-GML-6642-62-dem10b-20161001.tif,1111217,ae10914d16d77abf16f80b6112126d25
https://data.source.coop/smartmaps/japan-geotiff-dem/10/FG-GML-6642-63-dem10b-20161001.tif,1154366,b6aaad1ed862fea92f7e79bfcf7bff7f
https://data.source.coop/smartmaps/japan-geotiff-dem/10/FG-GML-6642-64-dem10b-20161001.tif,1123338,bc921cf733170b8d0a9fad14f9e41a26
https://data.source.coop/smartmaps/japan-geotiff-dem/10/FG-GML-6642-65-dem10b-20161001.tif,1228372,424e4eda0d8e3cd3378c0d9fd1e797e0
https://data.source.coop/smartmaps/japan-geotiff-dem/10/FG-GML-6642-66-dem10b-20161001.tif,1181098,c9107a107018a0c6f9f6b9b670bffe0a
https://data.source.coop/smartmaps/japan-geotiff-dem/10/FG-GML-6642-67-dem10b-20161001.tif,993188,da8c79b9c615825e56ed329accaeb8bb
https://data.source.coop/smartmaps/japan-geotiff-dem/10/FG-GML-6642-70-dem10b-20161001.tif,1274268,e803a0b19b99538021137576a3797361
https://data.source.coop/smartmaps/japan-geotiff-dem/10/FG-GML-6642-71-dem10b-20161001.tif,1300699,3307d44fbb7965725f52385e4b2db0ec
https://data.source.coop/smartmaps/japan-geotiff-dem/10/FG-GML-6642-72-dem10b-20161001.tif,1147599,b680f5fb27fb05433a3b1f7fe7ac8ade
https://data.source.coop/smartmaps/japan-geotiff-dem/10/FG-GML-6642-73-dem10b-20161001.tif,1188182,379a98516a4ded127902128736d68f27
https://data.source.coop/smartmaps/japan-geotiff-dem/10/FG-GML-6642-74-dem10b-20161001.tif,1193087,21c634790f648b3d20a2291930b06b50
https://data.source.coop/smartmaps/japan-geotiff-dem/10/FG-GML-6642-75-dem10b-20161001.tif,1294984,64a65e257ee47317f7dbe22c22ad37c9
https://data.source.coop/smartmaps/japan-geotiff-dem/10/FG-GML-6642-76-dem10b-20161001.tif,1147269,713e3552c85cd830078d1075d90dc74c
https://data.source.coop/smartmaps/japan-geotiff-dem/10/FG-GML-6642-77-dem10b-20161001.tif,403224,daf444dc1175b1fe0d377a12d9f113aa
https://data.source.coop/smartmaps/japan-geotiff-dem/10/FG-GML-6643-00-dem10b-20161001.tif,1341900,3c370b6341298b136e4eb5e9856d24c4
https://data.source.coop/smartmaps/japan-geotiff-dem/10/FG-GML-6643-01-dem10b-20161001.tif,1336346,e04e20a63a163fe70a7f229900ecc574
https://data.source.coop/smartmaps/japan-geotiff-dem/10/FG-GML-6643-02-dem10b-20161001.tif,1310274,1121739e0771a0c5eb680b2fe3b6ae32
https://data.source.coop/smartmaps/japan-geotiff-dem/10/FG-GML-6643-03-dem10b-20161001.tif,1128685,462c6ccaf4195cdf538ba8129f1ede78
https://data.source.coop/smartmaps/japan-geotiff-dem/10/FG-GML-6643-04-dem10b-20161001.tif,1129106,e4180f33ff35d8d76382b9cc378a4b57
https://data.source.coop/smartmaps/japan-geotiff-dem/10/FG-GML-6643-05-dem10b-20161001.tif,1186577,5977d24c81c1eff29d4aeb46610c6e34
https://data.source.coop/smartmaps/japan-geotiff-dem/10/FG-GML-6643-06-dem10b-20161001.tif,1187734,9c7b636d5389ac1fc6f9e5e6ca2fca42
https://data.source.coop/smartmaps/japan-geotiff-dem/10/FG-GML-6643-07-dem10b-20161001.tif,1225087,3f09605504ff3544ea331fa6ad6be95c
https://data.source.coop/smartmaps/japan-geotiff-dem/10/FG-GML-6643-10-dem10b-20161001.tif,1232596,3e409ccd543ff80f14bda3b788919666
https://data.source.coop/smartmaps/japan-geotiff-dem/10/FG-GML-6643-11-dem10b-20161001.tif,1297828,3a34ac7b147ab5f755f36e1ea3a0249d
https://data.source.coop/smartmaps/japan-geotiff-dem/10/FG-GML-6643-12-dem10b-20161001.tif,1265203,5c99e2f043125688cc6a99476b04601c
https://data.source.coop/smartmaps/japan-geotiff-dem/10/FG-GML-6643-13-dem10b-20161001.tif,1159531,e3cbea41bb9bfeaeafb1b5b333d5f63d
https://data.source.coop/smartmaps/japan-geotiff-dem/10/FG-GML-6643-14-dem10b-20161001.tif,1076809,a532ba349673e651b26efbe8e68e40fa
https://data.source.coop/smartmaps/japan-geotiff-dem/10/FG-GML-6643-15-dem10b-20161001.tif,974893,30bd13dc350ce05af0bf021b7c559256
https://data.source.coop/smartmaps/japan-geotiff-dem/10/FG-GML-6643-16-dem10b-20161001.tif,303727,e9c13466e0114dce8e2fd7e6111e43e8
https://data.source.coop/smartmaps/japan-geotiff-dem/10/FG-GML-6643-17-dem10b-20161001.tif,350396,2dc3461cb53ef2eff0fb5c18adcb6d9c
https://data.source.coop/smartmaps/japan-geotiff-dem/10/FG-GML-6643-20-dem10b-20161001.tif,1232765,cb55756fb8ce3f1dee847472f834ed00
https://data.source.coop/smartmaps/japan-geotiff-dem/10/FG-GML-6643-21-dem10b-20161001.tif,1193587,64f525388dfe52fa32301bc3bbd60056
https://data.source.coop/smartmaps/japan-geotiff-dem/10/FG-GML-6643-22-dem10b-20161001.tif,1231380,67729309226c4e4fa01e6aac1af5e98e
https://data.source.coop/smartmaps/japan-geotiff-dem/10/FG-GML-6643-23-dem10b-20161001.tif,1160804,9a511ba9d0c40451f3a8b2d5b7ff27e1
https://data.source.coop/smartmaps/japan-geotiff-dem/10/FG-GML-6643-24-dem10b-20161001.tif,791740,a5d13e579b9673d74b9d6202701497bb
https://data.source.coop/smartmaps/japan-geotiff-dem/10/FG-GML-6643-25-dem10b-20161001.tif,253556,56c9bfa9bfd69233524af8709deb2a8d
https://data.source.coop/smartmaps/japan-geotiff-dem/10/FG-GML-6643-26-dem10b-20161001.tif,27464,a927df8e6eeeacdee265d0f66eaadf23
https://data.source.coop/smartmaps/japan-geotiff-dem/10/FG-GML-6643-30-dem10b-20161001.tif,1306584,34f11d0ef86e0e373cd28ab8f824d6e9
https://data.source.coop/smartmaps/japan-geotiff-dem/10/FG-GML-6643-31-dem10b-20161001.tif,1268604,9893da78f280e56bb9ace0114f8e3166
https://data.source.coop/smartmaps/japan-geotiff-dem/10/FG-GML-6643-32-dem10b-20161001.tif,1095068,927621edac77b5bc695b5a90cdc91027
https://data.source.coop/smartmaps/japan-geotiff-dem/10/FG-GML-6643-33-dem10b-20161001.tif,622057,fd18bb224cc155091b25a469e1300ba5
https://data.source.coop/smartmaps/japan-geotiff-dem/10/FG-GML-6643-34-dem10b-20161001.tif,32941,6cd8e04aaa447e1fa38b7013fba4aff7
https://data.source.coop/smartmaps/japan-geotiff-dem/10/FG-GML-6643-40-dem10b-20161001.tif,1204729,883ee640e4bf92b84d17c6ee27474853
https://data.source.coop/smartmaps/japan-geotiff-dem/10/FG-GML-6643-41-dem10b-20161001.tif,1234687,f62f1e6c4a1baf7a844bcd5670281131
https://data.source.coop/smartmaps/japan-geotiff-dem/10/FG-GML-6643-42-dem10b-20161001.tif,648914,1a6df3a6c74cb541a861e5abf7024a8b
https://data.source.coop/smartmaps/japan-geotiff-dem/10/FG-GML-6643-43-dem10b-20161001.tif,1571,b3cfd8ed0cca5bc8e8ccd82ca55f3c12
https://data.source.coop/smartmaps/japan-geotiff-dem/10/FG-GML-6643-50-dem10b-20161001.tif,1050630,f4a74995391b83e9f589519ac318d816
https://data.source.coop/smartmaps/japan-geotiff-dem/10/FG-GML-6643-51-dem10b-20161001.tif,475736,29564d40a2063f387aa6a07e438ebdba
https://data.source.coop/smartmaps/japan-geotiff-dem/10/FG-GML-6643-60-dem10b-20161001.tif,287222,e7a91aef57ae55dda3e7c5c9d8de745e
https://data.source.coop/smartmaps/japan-geotiff-dem/10/FG-GML-6644-00-dem10b-20161001.tif,967995,884a66e32acb2f7702f19352345d8ea3
https://data.source.coop/smartmaps/japan-geotiff-dem/10/FG-GML-6644-01-dem10b-20161001.tif,704063,1989a2b1cbb6f5072db432afbefaaaa9
https://data.source.coop/smartmaps/japan-geotiff-dem/10/FG-GML-6644-02-dem10b-20161001.tif,167270,829fa4153ca49806dcbfae526a11aae9
https://data.source.coop/smartmaps/japan-geotiff-dem/10/FG-GML-6644-07-dem10b-20161001.tif,553046,2fc810b918b52551c2cc81b2961f6cdd
https://data.source.coop/smartmaps/japan-geotiff-dem/10/FG-GML-6644-10-dem10b-20161001.tif,412551,fc082413bef5b342d9649d4fdd6f6916
https://data.source.coop/smartmaps/japan-geotiff-dem/10/FG-GML-6644-11-dem10b-20161001.tif,242242,a603e87a5184d47607b1d37286fef123
https://data.source.coop/smartmaps/japan-geotiff-dem/10/FG-GML-6644-12-dem10b-20161001.tif,18844,d5689725e95e0de43406be048a4934b4
https://data.source.coop/smartmaps/japan-geotiff-dem/10/FG-GML-6645-00-dem10b-20161001.tif,1292794,09e2e4b3aea735be21693b489d4ec473
https://data.source.coop/smartmaps/japan-geotiff-dem/10/FG-GML-6645-01-dem10b-20161001.tif,997152,a48719ab81ebc5d1e8081d9d7e662d9c
https://data.source.coop/smartmaps/japan-geotiff-dem/10/FG-GML-6645-05-DEM10B-20161001.tif,364889,4f42ce0e00160109b397af933d39023c
https://data.source.coop/smartmaps/japan-geotiff-dem/10/FG-GML-6645-06-DEM10B-20161001.tif,697028,945dea552b420d31b7784b8ae58f82fd
https://data.source.coop/smartmaps/japan-geotiff-dem/10/FG-GML-6645-07-DEM10B-20161001.tif,10977,faa4c18e5b5f8b302edff0c3f4bc9c80
https://data.source.coop/smartmaps/japan-geotiff-dem/10/FG-GML-6645-10-dem10b-20161001.tif,642602,feb0bbf9a690a429d29f129fa3cc4b4c
https://data.source.coop/smartmaps/japan-geotiff-dem/10/FG-GML-6645-11-dem10b-20161001.tif,1302220,e1064293638f717820ededf1c76cf75b
https://data.source.coop/smartmaps/japan-geotiff-dem/10/FG-GML-6645-12-dem10b-20161001.tif,164367,4c61cf93948763e93d2d81d1b21dec6b
https://data.source.coop/smartmaps/japan-geotiff-dem/10/FG-GML-6645-15-DEM10B-20161001.tif,25438,3f1f11ce8a279ad0f6bdd7c1f5ffd2ff
https://data.source.coop/smartmaps/japan-geotiff-dem/10/FG-GML-6645-16-DEM10B-20161001.tif,975980,de573c0e7b75e40fe1cd8606f767cc96
https://data.source.coop/smartmaps/japan-geotiff-dem/10/FG-GML-6645-17-DEM10B-20161001.tif,433458,b27539aed97b0d7f369b6d120d9e0007
https://data.source.coop/smartmaps/japan-geotiff-dem/10/FG-GML-6645-21-dem10b-20161001.tif,629866,28e555705ef9ae948cd65eb961474129
https://data.source.coop/smartmaps/japan-geotiff-dem/10/FG-GML-6645-22-dem10b-20161001.tif,901288,0dbd8d45bd0d611102823560ed128e66
https://data.source.coop/smartmaps/japan-geotiff-dem/10/FG-GML-6645-26-DEM10B-20161001.tif,244691,e8a2f0d0239fa9f37b76fcf54018f619
https://data.source.coop/smartmaps/japan-geotiff-dem/10/FG-GML-6645-27-DEM10B-20161001.tif,1155308,cb76b50f19dcf0bbf3310283ba264114
https://data.source.coop/smartmaps/japan-geotiff-dem/10/FG-GML-6645-31-dem10b-20161001.tif,32478,b7e7ec67de8321cca48e7808285ea516
https://data.source.coop/smartmaps/japan-geotiff-dem/10/FG-GML-6645-32-dem10b-20161001.tif,835880,e2c3cb21a5040dab587bec971e3999f6
https://data.source.coop/smartmaps/japan-geotiff-dem/10/FG-GML-6645-37-DEM10B-20161001.tif,550953,a799921a6ca1e8e12e37538f772f0d2e
https://data.source.coop/smartmaps/japan-geotiff-dem/10/FG-GML-6645-42-dem10b-20161001.tif,33947,0d5d980a71fd5043b60b6764a071afae
https://data.source.coop/smartmaps/japan-geotiff-dem/10/FG-GML-6645-47-DEM10B-20161001.tif,2102,c2e2b94a3caace7c005fafa7ac4c869c
https://data.source.coop/smartmaps/japan-geotiff-dem/10/FG-GML-6646-20-DEM10B-20161001.tif,452782,e7d266f5a8675e5a2a38a254bf7e9068
https://data.source.coop/smartmaps/japan-geotiff-dem/10/FG-GML-6646-30-DEM10B-20161001.tif,1052893,50cbdb53f26f118a519b1b12080d8af7
https://data.source.coop/smartmaps/japan-geotiff-dem/10/FG-GML-6646-31-DEM10B-20161001.tif,655973,23a3235333d60395344473ee52748605
https://data.source.coop/smartmaps/japan-geotiff-dem/10/FG-GML-6646-32-DEM10B-20161001.tif,477190,79940a0f0fd3980fbbc1cd84f1db4b49
https://data.source.coop/smartmaps/japan-geotiff-dem/10/FG-GML-6646-40-DEM10B-20161001.tif,1127950,d2c1a2b3063596a941d3caf782449551
https://data.source.coop/smartmaps/japan-geotiff-dem/10/FG-GML-6646-41-DEM10B-20161001.tif,1128648,5ddc6f10a9d01fbd308484bcbd756379
https://data.source.coop/smartmaps/japan-geotiff-dem/10/FG-GML-6646-42-DEM10B-20161001.tif,1073767,3180cf30f3a0ebfaf50ea8904515d96e
https://data.source.coop/smartmaps/japan-geotiff-dem/10/FG-GML-6646-43-DEM10B-20161001.tif,605049,ed19d8ab8b544fcc6994d73468a11365
https://data.source.coop/smartmaps/japan-geotiff-dem/10/FG-GML-6646-44-DEM10B-20161001.tif,221072,080e3b42b5b9623466f63a749d742783
https://data.source.coop/smartmaps/japan-geotiff-dem/10/FG-GML-6646-50-DEM10B-20161001.tif,509689,06ac3c03d0549130efb9fe7b746cbc4b
https://data.source.coop/smartmaps/japan-geotiff-dem/10/FG-GML-6646-51-DEM10B-20161001.tif,1035920,c8c0c076eefbd3488b9047b80fa0aa9e
https://data.source.coop/smartmaps/japan-geotiff-dem/10/FG-GML-6646-52-DEM10B-20161001.tif,173095,3715cc100710f84a094b66c4b2a7487c
https://data.source.coop/smartmaps/japan-geotiff-dem/10/FG-GML-6646-53-DEM10B-20161001.tif,68122,d0cf067df8d3a0caf19972e9eba0dae9
https://data.source.coop/smartmaps/japan-geotiff-dem/10/FG-GML-6646-54-DEM10B-20161001.tif,125030,c41ca5d3296214e0b48f11b77388099c
https://data.source.coop/smartmaps/japan-geotiff-dem/10/FG-GML-6646-56-DEM10B-20161001.tif,75306,e2c5377595795eda59a92c9664d4293a
https://data.source.coop/smartmaps/japan-geotiff-dem/10/FG-GML-6646-57-DEM10B-20161001.tif,977778,d6404a7d9d587218c1c0e95234710f2c
https://data.source.coop/smartmaps/japan-geotiff-dem/10/FG-GML-6646-60-DEM10B-20161001.tif,2849,1f08a61367603c5f7557e5fb73dbf87e
https://data.source.coop/smartmaps/japan-geotiff-dem/10/FG-GML-6646-61-DEM10B-20161001.tif,86375,eec26078d87f6e814213b017d814eede
https://data.source.coop/smartmaps/japan-geotiff-dem/10/FG-GML-6646-67-DEM10B-20161001.tif,614290,68f5e4a0c001700fa38312971d484ef6
https://data.source.coop/smartmaps/japan-geotiff-dem/10/FG-GML-6646-77-DEM10B-20161001.tif,146675,70446ded617e95d067da3da4b3a00d50
https://data.source.coop/smartmaps/japan-geotiff-dem/10/FG-GML-6647-50-DEM10B-20161001.tif,23929,f83e4cb8d2205385a8f50e28792b37fd
https://data.source.coop/smartmaps/japan-geotiff-dem/10/FG-GML-6647-60-DEM10B-20161001.tif,510683,25b6e61438d45d257587de100466d38b
https://data.source.coop/smartmaps/japan-geotiff-dem/10/FG-GML-6647-61-DEM10B-20161001.tif,212039,cbaf634af583ee7126c0154a6444a55e
https://data.source.coop/smartmaps/japan-geotiff-dem/10/FG-GML-6647-70-DEM10B-20161001.tif,671833,bb4275bbce1541cbab3e73b98aec1635
https://data.source.coop/smartmaps/japan-geotiff-dem/10/FG-GML-6647-71-DEM10B-20161001.tif,1107992,0975e1ffad32e75cba0e792232d561fb
https://data.source.coop/smartmaps/japan-geotiff-dem/10/FG-GML-6647-72-DEM10B-20161001.tif,167630,7c31543dfbc245573c6475b3d8367ac5
https://data.source.coop/smartmaps/japan-geotiff-dem/10/FG-GML-6740-77-dem10b-20161001.tif,1305,3852ace51ebd90516787b93af66353e4
https://data.source.coop/smartmaps/japan-geotiff-dem/10/FG-GML-6741-06-dem10b-20161001.tif,870374,ad76b6a39ee98b69f6fe277b0f6b27dc
https://data.source.coop/smartmaps/japan-geotiff-dem/10/FG-GML-6741-07-dem10b-20161001.tif,1294497,14e51a88ffa5be62c0955f72bdb7abff
https://data.source.coop/smartmaps/japan-geotiff-dem/10/FG-GML-6741-16-dem10b-20161001.tif,1034528,80efa56ec94de203ca0d901a3b33ea05
https://data.source.coop/smartmaps/japan-geotiff-dem/10/FG-GML-6741-17-dem10b-20161001.tif,1299472,0a6be9e80c5c9867776c29e89ef8fe11
https://data.source.coop/smartmaps/japan-geotiff-dem/10/FG-GML-6741-25-dem10b-20161001.tif,89250,59dc49e383746dbc06fa5221dda49f63
https://data.source.coop/smartmaps/japan-geotiff-dem/10/FG-GML-6741-26-dem10b-20161001.tif,1116393,9205859967c61f5cc45b53b55e114848
https://data.source.coop/smartmaps/japan-geotiff-dem/10/FG-GML-6741-27-dem10b-20161001.tif,1077717,b3a8fc69c85dc7ca32afed3b6011dd17
https://data.source.coop/smartmaps/japan-geotiff-dem/10/FG-GML-6741-35-dem10b-20161001.tif,265431,af4e07aafe1590e8345c0f9031167a71
https://data.source.coop/smartmaps/japan-geotiff-dem/10/FG-GML-6741-36-dem10b-20161001.tif,868733,445a370dd8ab1a7789d3d5648805e28d
https://data.source.coop/smartmaps/japan-geotiff-dem/10/FG-GML-6741-37-dem10b-20161001.tif,1205950,a0beea3155c376219098da2bc4844d8b
https://data.source.coop/smartmaps/japan-geotiff-dem/10/FG-GML-6741-45-dem10b-20161001.tif,499031,898a83742955092fdbf33811c4424e1f
https://data.source.coop/smartmaps/japan-geotiff-dem/10/FG-GML-6741-46-dem10b-20161001.tif,1077892,805fe41288ff359c9177ea470efcf669
https://data.source.coop/smartmaps/japan-geotiff-dem/10/FG-GML-6741-47-dem10b-20161001.tif,1273246,86aa7151bfc79b2c919d64aa16e5deb0
https://data.source.coop/smartmaps/japan-geotiff-dem/10/FG-GML-6741-51-dem10b-20161001.tif,530233,e9c591120a61f3ec25775df277d3506a
https://data.source.coop/smartmaps/japan-geotiff-dem/10/FG-GML-6741-52-dem10b-20161001.tif,408460,55f21fc832817f9aac30a63221ee4143
https://data.source.coop/smartmaps/japan-geotiff-dem/10/FG-GML-6741-54-dem10b-20161001.tif,186852,74ccb0f3787f63c2fe08a5a8c92a5d9e
https://data.source.coop/smartmaps/japan-geotiff-dem/10/FG-GML-6741-55-dem10b-20161001.tif,580818,b75be346b920fcc43cb0f27df7c834d5
https://data.source.coop/smartmaps/japan-geotiff-dem/10/FG-GML-6741-56-dem10b-20161001.tif,1087693,70c866fd208b411e610612f8bd3bb646
https://data.source.coop/smartmaps/japan-geotiff-dem/10/FG-GML-6741-57-dem10b-20161001.tif,1215166,6ce5e6d53cde8d2582b056992eebb338
https://data.source.coop/smartmaps/japan-geotiff-dem/10/FG-GML-6741-61-dem10b-20161001.tif,926747,771fb406c2d6ab612189aebd6e7af5ca
https://data.source.coop/smartmaps/japan-geotiff-dem/10/FG-GML-6741-62-dem10b-20161001.tif,459656,a98ed7a6c10ceba476a86579dc71b856
https://data.source.coop/smartmaps/japan-geotiff-dem/10/FG-GML-6741-64-dem10b-20161001.tif,505995,1c84744e9bf6653984df765c8cc38681
https://data.source.coop/smartmaps/japan-geotiff-dem/10/FG-GML-6741-65-dem10b-20161001.tif,1004492,364a9b3235cef2c945dcdc75e2bdfdfb
https://data.source.coop/smartmaps/japan-geotiff-dem/10/FG-GML-6741-66-dem10b-20161001.tif,1111262,ac0de56c2601c51e3cb7ae2f4a8f0650
https://data.source.coop/smartmaps/japan-geotiff-dem/10/FG-GML-6741-67-dem10b-20161001.tif,1183837,f16d7c8a6df298e2d138a27d0b0bc366
https://data.source.coop/smartmaps/japan-geotiff-dem/10/FG-GML-6741-70-dem10b-20161001.tif,263542,28965640157e802cdbf76f4fea37cef8
https://data.source.coop/smartmaps/japan-geotiff-dem/10/FG-GML-6741-71-dem10b-20161001.tif,26014,36fd9458f3c55747cdddaae0f6698847
https://data.source.coop/smartmaps/japan-geotiff-dem/10/FG-GML-6741-74-dem10b-20161001.tif,124101,617a6b9735eb905a84a3fe56787ef88a
https://data.source.coop/smartmaps/japan-geotiff-dem/10/FG-GML-6741-75-dem10b-20161001.tif,1152338,671988716d73cb76e7e41eda3d952a7d
https://data.source.coop/smartmaps/japan-geotiff-dem/10/FG-GML-6741-76-dem10b-20161001.tif,1085275,ae2392369cc117964f59ec0d9bb39226
https://data.source.coop/smartmaps/japan-geotiff-dem/10/FG-GML-6741-77-dem10b-20161001.tif,1220121,4658f6cb7f79d324d63c2020841c23ac
https://data.source.coop/smartmaps/japan-geotiff-dem/10/FG-GML-6742-00-dem10b-20161001.tif,1283375,c4cb5f4d49fec735d775c54662b2e8b5
https://data.source.coop/smartmaps/japan-geotiff-dem/10/FG-GML-6742-01-dem10b-20161001.tif,1322668,2cdaf9aba0899e32f34ff875b76b673e
https://data.source.coop/smartmaps/japan-geotiff-dem/10/FG-GML-6742-02-dem10b-20161001.tif,1156104,843cd3c7d5f573313b261bf48945e311
https://data.source.coop/smartmaps/japan-geotiff-dem/10/FG-GML-6742-03-dem10b-20161001.tif,1253877,b86f04c8f2228273ea9c2b35df92c10f
https://data.source.coop/smartmaps/japan-geotiff-dem/10/FG-GML-6742-04-dem10b-20161001.tif,1179498,292fd7e610894815d66d219ddd59e454
https://data.source.coop/smartmaps/japan-geotiff-dem/10/FG-GML-6742-05-dem10b-20161001.tif,1206114,4388ca1e0d4b830148181c2bc9aec580
https://data.source.coop/smartmaps/japan-geotiff-dem/10/FG-GML-6742-06-dem10b-20161001.tif,522827,530e192a4998349bbcacffa823eacbf2
https://data.source.coop/smartmaps/japan-geotiff-dem/10/FG-GML-6742-10-dem10b-20161001.tif,1163013,861d72bceb14e6214014681cd03a6e01
https://data.source.coop/smartmaps/japan-geotiff-dem/10/FG-GML-6742-11-dem10b-20161001.tif,1302284,00c4652e238cf76a58a7998aedfd29ab
https://data.source.coop/smartmaps/japan-geotiff-dem/10/FG-GML-6742-12-dem10b-20161001.tif,1205755,060e41653850289acdc00f943fab2be9
https://data.source.coop/smartmaps/japan-geotiff-dem/10/FG-GML-6742-13-dem10b-20161001.tif,1125076,0627a710cc9b5d26185b1798342d0efe
https://data.source.coop/smartmaps/japan-geotiff-dem/10/FG-GML-6742-14-dem10b-20161001.tif,1176711,469a01c7a46ac08aa9b99559cae5cf0e
https://data.source.coop/smartmaps/japan-geotiff-dem/10/FG-GML-6742-15-dem10b-20161001.tif,777726,bbf828f62903c6cdfddb5f1cd48cede6
https://data.source.coop/smartmaps/japan-geotiff-dem/10/FG-GML-6742-16-dem10b-20161001.tif,2801,b97000ada7469cf1308a3453cfae7077
https://data.source.coop/smartmaps/japan-geotiff-dem/10/FG-GML-6742-20-dem10b-20161001.tif,1091790,59f0536fbca4cd4e272b713aa95eb51e
https://data.source.coop/smartmaps/japan-geotiff-dem/10/FG-GML-6742-21-dem10b-20161001.tif,1252132,2c1c307bfd0b0bbfeb0ddb0fc42e13b9
https://data.source.coop/smartmaps/japan-geotiff-dem/10/FG-GML-6742-22-dem10b-20161001.tif,1236907,8c49f111b12445181b82b38e84af6adc
https://data.source.coop/smartmaps/japan-geotiff-dem/10/FG-GML-6742-23-dem10b-20161001.tif,1216935,4c7debf0d548e7157e8cbf67cf96c59e
https://data.source.coop/smartmaps/japan-geotiff-dem/10/FG-GML-6742-24-dem10b-20161001.tif,1007187,96e88c2a72780fafb3fda10aab0d57c5
https://data.source.coop/smartmaps/japan-geotiff-dem/10/FG-GML-6742-25-dem10b-20161001.tif,140608,90eac8959a6666052859857f09cfad60
https://data.source.coop/smartmaps/japan-geotiff-dem/10/FG-GML-6742-30-dem10b-20161001.tif,1148102,d4680d832dd5d8aa285d6c651312ba2f
https://data.source.coop/smartmaps/japan-geotiff-dem/10/FG-GML-6742-31-dem10b-20161001.tif,1240980,7edcf915c4b37bdc93e5571f00dbb599
https://data.source.coop/smartmaps/japan-geotiff-dem/10/FG-GML-6742-32-dem10b-20161001.tif,1204659,e0627c0a4865cd47fdc001e31bd9268c
https://data.source.coop/smartmaps/japan-geotiff-dem/10/FG-GML-6742-33-dem10b-20161001.tif,1279101,0134eaf4657d6cac32b0a9d7403ffd40
https://data.source.coop/smartmaps/japan-geotiff-dem/10/FG-GML-6742-34-dem10b-20161001.tif,668168,17943e83ddbaddf39395c4ae72c34060
https://data.source.coop/smartmaps/japan-geotiff-dem/10/FG-GML-6742-40-dem10b-20161001.tif,1201960,67ac72151494d1721635e611899b391e
https://data.source.coop/smartmaps/japan-geotiff-dem/10/FG-GML-6742-41-dem10b-20161001.tif,1283192,e0e3e8150bcad793eaf2fd6a777180eb
https://data.source.coop/smartmaps/japan-geotiff-dem/10/FG-GML-6742-42-dem10b-20161001.tif,1138994,ea7742868027462d46537a977e5d7fd1
https://data.source.coop/smartmaps/japan-geotiff-dem/10/FG-GML-6742-43-dem10b-20161001.tif,1165560,afda9481ad720541b4e6a5099db740e7
https://data.source.coop/smartmaps/japan-geotiff-dem/10/FG-GML-6742-44-dem10b-20161001.tif,163438,4afb2b7535948206a5b02a406967cac4
https://data.source.coop/smartmaps/japan-geotiff-dem/10/FG-GML-6742-50-dem10b-20161001.tif,1236508,b89a5956aa8f1306c55501c08d62b74b
https://data.source.coop/smartmaps/japan-geotiff-dem/10/FG-GML-6742-51-dem10b-20161001.tif,1217823,d36d059f26f667a39f03080332a17ccd
https://data.source.coop/smartmaps/japan-geotiff-dem/10/FG-GML-6742-52-dem10b-20161001.tif,752728,200a477246584cf6b2e3278284df38fd
https://data.source.coop/smartmaps/japan-geotiff-dem/10/FG-GML-6742-53-dem10b-20161001.tif,195138,c496680194fe51048a2580a92310f1d2
https://data.source.coop/smartmaps/japan-geotiff-dem/10/FG-GML-6742-60-dem10b-20161001.tif,1269622,56bf28dcd100f755c33362f1a61d8b97
https://data.source.coop/smartmaps/japan-geotiff-dem/10/FG-GML-6742-61-dem10b-20161001.tif,1010634,869d7bc55a67ace6dc4299c9c0bbacac
https://data.source.coop/smartmaps/japan-geotiff-dem/10/FG-GML-6742-62-dem10b-20161001.tif,301041,05ffa81571c5a2dbed36969a83c1f02b
https://data.source.coop/smartmaps/japan-geotiff-dem/10/FG-GML-6742-70-dem10b-20161001.tif,1179050,3c0c2ecae207d322b07d5cdfdab642cb
https://data.source.coop/smartmaps/japan-geotiff-dem/10/FG-GML-6742-71-dem10b-20161001.tif,601747,53dea552388b3fc85ec28d04d8e7ea16
https://data.source.coop/smartmaps/japan-geotiff-dem/10/FG-GML-6742-72-dem10b-20161001.tif,6399,e2af6da6de3fe6b7dd741b0e175eed9c
https://data.source.coop/smartmaps/japan-geotiff-dem/10/FG-GML-6747-01-DEM10B-20161001.tif,534815,b9c14b2698968ffc6325e11662cb4731
https://data.source.coop/smartmaps/japan-geotiff-dem/10/FG-GML-6747-02-DEM10B-20161001.tif,767671,530feb58315fec8c97a7ff1176aab249
https://data.source.coop/smartmaps/japan-geotiff-dem/10/FG-GML-6747-03-DEM10B-20161001.tif,18763,b5c3a8d7775e1bf273ecfbaa71f468c7
https://data.source.coop/smartmaps/japan-geotiff-dem/10/FG-GML-6747-10-DEM10B-20161001.tif,133930,6928e1fcfef895d08d34bc37a38969a8
https://data.source.coop/smartmaps/japan-geotiff-dem/10/FG-GML-6747-11-DEM10B-20161001.tif,512397,b105d86727f7479a3d02c267e839e754
https://data.source.coop/smartmaps/japan-geotiff-dem/10/FG-GML-6747-12-DEM10B-20161001.tif,919596,0b9ec5a18e8844c4416f5f06312daa3a
https://data.source.coop/smartmaps/japan-geotiff-dem/10/FG-GML-6747-13-DEM10B-20161001.tif,812993,d93d03082b47a971d4ab659ecc36a3e0
https://data.source.coop/smartmaps/japan-geotiff-dem/10/FG-GML-6747-14-DEM10B-20161001.tif,130920,c4575d2a22d1c0524654e39567f810a4
https://data.source.coop/smartmaps/japan-geotiff-dem/10/FG-GML-6747-22-DEM10B-20161001.tif,741269,216cd5daf239fb28e5e64549d92bd0cb
https://data.source.coop/smartmaps/japan-geotiff-dem/10/FG-GML-6747-23-DEM10B-20161001.tif,1274961,686451be4c6644646a587d951bb37cd1
https://data.source.coop/smartmaps/japan-geotiff-dem/10/FG-GML-6747-24-DEM10B-20161001.tif,815243,7d9a1509f61da9099c6e46ef27ac4155
https://data.source.coop/smartmaps/japan-geotiff-dem/10/FG-GML-6747-25-DEM10B-20161001.tif,18650,364375a6478cc9628c93ae6dcccb36b7
https://data.source.coop/smartmaps/japan-geotiff-dem/10/FG-GML-6747-33-DEM10B-20161001.tif,623765,b1b447a66c081a95a8fc5ffe14604e3b
https://data.source.coop/smartmaps/japan-geotiff-dem/10/FG-GML-6747-34-DEM10B-20161001.tif,973810,972775338f81cef57709f53249d2ca43
https://data.source.coop/smartmaps/japan-geotiff-dem/10/FG-GML-6747-35-DEM10B-20161001.tif,147538,5737275cc89baedc4c18eaf91b1330f0
https://data.source.coop/smartmaps/japan-geotiff-dem/10/FG-GML-6747-36-DEM10B-20161001.tif,584197,67deb58204f242e8db34f37534e9117a
https://data.source.coop/smartmaps/japan-geotiff-dem/10/FG-GML-6747-37-DEM10B-20161001.tif,236172,f22b2e33c05dc7b803b6c0cbbf8c1d78
https://data.source.coop/smartmaps/japan-geotiff-dem/10/FG-GML-6747-44-DEM10B-20161001.tif,857510,c9291070bc5cc507568234b8991fa83b
https://data.source.coop/smartmaps/japan-geotiff-dem/10/FG-GML-6747-45-DEM10B-20161001.tif,964125,b2dff97efe78c0213c3b573922a04d28
https://data.source.coop/smartmaps/japan-geotiff-dem/10/FG-GML-6747-46-DEM10B-20161001.tif,1099820,5c5898517b32502ff4b4b4c87bd0bb51
https://data.source.coop/smartmaps/japan-geotiff-dem/10/FG-GML-6747-47-DEM10B-20161001.tif,1175068,3b715e8bc4fc626d4024547e3dd48b9a
https://data.source.coop/smartmaps/japan-geotiff-dem/10/FG-GML-6747-53-DEM10B-20161001.tif,4997,296af499ac2036b8d30dc9be304ca71b
https://data.source.coop/smartmaps/japan-geotiff-dem/10/FG-GML-6747-54-DEM10B-20161001.tif,153385,0933e7b6c7ef535645a43bea6411a6e9
https://data.source.coop/smartmaps/japan-geotiff-dem/10/FG-GML-6747-55-DEM10B-20161001.tif,489221,12beea08bf064e976cb6c8aca3f14c97
https://data.source.coop/smartmaps/japan-geotiff-dem/10/FG-GML-6747-56-DEM10B-20161001.tif,1137943,018082870818584227c8c6533ffe93d9
https://data.source.coop/smartmaps/japan-geotiff-dem/10/FG-GML-6747-57-DEM10B-20161001.tif,1099755,c8a294c39e5612ae44f7065b9d705223
https://data.source.coop/smartmaps/japan-geotiff-dem/10/FG-GML-6747-65-DEM10B-20161001.tif,94178,4d5f46b2ae9fc894e7cf7aa4176c2b95
https://data.source.coop/smartmaps/japan-geotiff-dem/10/FG-GML-6747-66-DEM10B-20161001.tif,631499,edd2c9eeb9dffc48d291cbd94dc24678
https://data.source.coop/smartmaps/japan-geotiff-dem/10/FG-GML-6747-67-DEM10B-20161001.tif,929055,5fee4d626c6ab64351c77bb4fd65644d
https://data.source.coop/smartmaps/japan-geotiff-dem/10/FG-GML-6747-76-DEM10B-20161001.tif,100753,1f459290e5cde8e286686d1ecb07b2ea
https://data.source.coop/smartmaps/japan-geotiff-dem/10/FG-GML-6747-77-DEM10B-20161001.tif,954345,75b182f649e769bcd2f30a4d91c5970e
https://data.source.coop/smartmaps/japan-geotiff-dem/10/FG-GML-6748-40-DEM10B-20161001.tif,224416,115bdeab2c49016f70fb3917271b7622
https://data.source.coop/smartmaps/japan-geotiff-dem/10/FG-GML-6748-50-DEM10B-20161001.tif,1049372,da42e56b436b13a10171e03489920813
https://data.source.coop/smartmaps/japan-geotiff-dem/10/FG-GML-6748-51-DEM10B-20161001.tif,223220,10f00515d9692021460401ce1e902259
https://data.source.coop/smartmaps/japan-geotiff-dem/10/FG-GML-6748-60-DEM10B-20161001.tif,1039087,38eaee0ae0136bf4e27c3ad75119cdd6
https://data.source.coop/smartmaps/japan-geotiff-dem/10/FG-GML-6748-61-DEM10B-20161001.tif,1029939,8dae4c4c03a8d7f22e9916409386c872
https://data.source.coop/smartmaps/japan-geotiff-dem/10/FG-GML-6748-62-DEM10B-20161001.tif,441885,43bf5922d4d74af86ab487bd0e7b63df
https://data.source.coop/smartmaps/japan-geotiff-dem/10/FG-GML-6748-63-DEM10B-20161001.tif,87429,4d0b92f84c5780538a01b0b2b562b4c1
https://data.source.coop/smartmaps/japan-geotiff-dem/10/FG-GML-6748-70-DEM10B-20161001.tif,201758,7216491eade35ee1fa2dcf8dc082dff0
https://data.source.coop/smartmaps/japan-geotiff-dem/10/FG-GML-6748-71-DEM10B-20161001.tif,174023,c0bc7c3a148d165f9695c7d4ba41af27
https://data.source.coop/smartmaps/japan-geotiff-dem/10/FG-GML-6748-72-DEM10B-20161001.tif,493053,05ee34c17d4f07095b83d81b54f75fae
https://data.source.coop/smartmaps/japan-geotiff-dem/10/FG-GML-6748-73-DEM10B-20161001.tif,941800,d546c209449fae2db614ff1c79a082ad
https://data.source.coop/smartmaps/japan-geotiff-dem/10/FG-GML-6748-74-DEM10B-20161001.tif,396317,51270fbff4e269a1bce93d8fe34c8e35
https://data.source.coop/smartmaps/japan-geotiff-dem/10/FG-GML-6748-75-DEM10B-20161001.tif,8511,b60e0bcd108c2fa88803c4ed3aa21c01
https://data.source.coop/smartmaps/japan-geotiff-dem/10/FG-GML-6748-76-DEM10B-20161001.tif,35239,8d60ba98c425f2edac7d7a3084eaf5c0
https://data.source.coop/smartmaps/japan-geotiff-dem/10/FG-GML-6840-07-dem10b-20161001.tif,120805,2edc09685f7565b5762839f5d5b9cd27
https://data.source.coop/smartmaps/japan-geotiff-dem/10/FG-GML-6840-17-dem10b-20161001.tif,91812,81addb5f4109ed9b3c6479e946b5742f
https://data.source.coop/smartmaps/japan-geotiff-dem/10/FG-GML-6840-27-dem10b-20161001.tif,1470,7cc08fe08ff776a90e09e738d61b0a9d
https://data.source.coop/smartmaps/japan-geotiff-dem/10/FG-GML-6841-00-dem10b-20161001.tif,601099,e782768ad24a2d01cd3955afe7349e38
https://data.source.coop/smartmaps/japan-geotiff-dem/10/FG-GML-6841-05-dem10b-20161001.tif,850014,ddbab0fed9f85877c3c066cb088b8e11
https://data.source.coop/smartmaps/japan-geotiff-dem/10/FG-GML-6841-06-dem10b-20161001.tif,822160,fc4efbf7bf7f681edd8113efe4bc9d80
https://data.source.coop/smartmaps/japan-geotiff-dem/10/FG-GML-6841-07-dem10b-20161001.tif,1191190,0c49abc98a096a9ad7ff207135795648
https://data.source.coop/smartmaps/japan-geotiff-dem/10/FG-GML-6841-10-dem10b-20161001.tif,204660,bb0001e3b6b54427521253d1063b8c46
https://data.source.coop/smartmaps/japan-geotiff-dem/10/FG-GML-6841-15-dem10b-20161001.tif,111663,ba95d521a3a94518c76149061179711c
https://data.source.coop/smartmaps/japan-geotiff-dem/10/FG-GML-6841-16-dem10b-20161001.tif,103564,221c53802eb057f3b81c6c9d635a7885
https://data.source.coop/smartmaps/japan-geotiff-dem/10/FG-GML-6841-17-dem10b-20161001.tif,1083805,274bdbf2da29d634885a8830ab97f679
https://data.source.coop/smartmaps/japan-geotiff-dem/10/FG-GML-6841-27-dem10b-20161001.tif,159735,0cb43edc6a377a5c1251567052d67655
https://data.source.coop/smartmaps/japan-geotiff-dem/10/FG-GML-6842-00-dem10b-20161001.tif,881308,9e80164716969886e43f634412537c72
https://data.source.coop/smartmaps/japan-geotiff-dem/10/FG-GML-6842-01-dem10b-20161001.tif,80131,a26967495012a2d57db1115077030f97
https://data.source.coop/smartmaps/japan-geotiff-dem/10/FG-GML-6842-10-dem10b-20161001.tif,141802,496b98a89754eae4e70162fb0b822980
https://data.source.coop/smartmaps/japan-geotiff-dem/10/FG-GML-6847-06-DEM10B-20161001.tif,184571,4f8ba8f3c99d63363e0b712f6118579d
https://data.source.coop/smartmaps/japan-geotiff-dem/10/FG-GML-6847-07-DEM10B-20161001.tif,1058643,5662406df3fe482881a16ea2f8fe9bcf
https://data.source.coop/smartmaps/japan-geotiff-dem/10/FG-GML-6847-17-DEM10B-20161001.tif,126029,64c1dbaff02a6c1a14492a129646b191
https://data.source.coop/smartmaps/japan-geotiff-dem/10/FG-GML-6848-00-DEM10B-20161001.tif,5034,0113299207615bdcfadd419b7b012ceb
https://data.source.coop/smartmaps/japan-geotiff-dem/10/FG-GML-6848-03-DEM10B-20161001.tif,422017,2040b6762c200543f5f8ef9c6f49f4b3
https://data.source.coop/smartmaps/japan-geotiff-dem/10/FG-GML-6848-04-DEM10B-20161001.tif,1151916,a209281ec5a22d173ea6f35d073814a4
https://data.source.coop/smartmaps/japan-geotiff-dem/10/FG-GML-6848-05-DEM10B-20161001.tif,1120190,2dc9262449cf09afa06a998363269ee9
https://data.source.coop/smartmaps/japan-geotiff-dem/10/FG-GML-6848-06-DEM10B-20161001.tif,1038177,fb9f2ce9ad101b516cd9c12c168311be
https://data.source.coop/smartmaps/japan-geotiff-dem/10/FG-GML-6848-07-DEM10B-20161001.tif,3508,e6c76f33b23d4fabdc1888e21cda51e7
https://data.source.coop/smartmaps/japan-geotiff-dem/10/FG-GML-6848-13-DEM10B-20161001.tif,13395,2a96892c3d80ed457fc12a36df45a7c9
https://data.source.coop/smartmaps/japan-geotiff-dem/10/FG-GML-6848-14-DEM10B-20161001.tif,741598,b712186a28d12fa274adca36c097a706
https://data.source.coop/smartmaps/japan-geotiff-dem/10/FG-GML-6848-15-DEM10B-20161001.tif,1087828,2d96a39378482191b0f47fc610f33876
https://data.source.coop/smartmaps/japan-geotiff-dem/10/FG-GML-6848-16-DEM10B-20161001.tif,908934,3dd7fb8ca5381897f5b813fd0492ea1f
https://data.source.coop/smartmaps/japan-geotiff-dem/10/FG-GML-6848-17-DEM10B-20161001.tif,48585,247660707ae2e4a684f4cdfed99909a7
https://data.source.coop/smartmaps/japan-geotiff-dem/10/FG-GML-6848-24-DEM10B-20161001.tif,1620,96b7c0b42893031ca5ce494521c774ca
https://data.source.coop/smartmaps/japan-geotiff-dem/10/FG-GML-6848-25-DEM10B-20161001.tif,450372,4034e1d075c91565974e1658b6f5f2cd
https://data.source.coop/smartmaps/japan-geotiff-dem/10/FG-GML-6848-26-DEM10B-20161001.tif,737325,a31eb68e72e4e5ec67470cb1f4413f06
https://data.source.coop/smartmaps/japan-geotiff-dem/10/FG-GML-6848-27-DEM10B-20161001.tif,61259,a76a702b57917358dbd9f01b694fa260
